Name,Position,Duration,Search Event,Camera Angle,Club,Stage,Umpire 2,Third Umpire,Game,Tournament,Match Date,Instant Replay Official,Umpire 1,Team,Chukka Length,Year,Set Play,Chukka,Throw-in Outcome,Player,Foul,Foul Type,Foul Outcome,General Field Area,Location,Umpire Trailing,Umpire Focal,Goal,Penalties,Penalty Outcome,Shot At Goal,Shot At Goal Outcome,Highlight Reel,Assist Outcome,Assist,Knock-in Player 2,Penalty Block,Collision
Game Length,583100,5640166,Search Livestream,Live,International Polo Club,Group,Ronnie Hayes,Horton Schwartz,Aliano Realty/Horseware vs Palm Beach Equine,Ylvisaker Cup,January 16. 2020,Hector Galindo,Kevin Fawcett,Team,Game Length,2020,,,,,,,,,,,,,,,,,,,,,,
Throw-in,583100,20000,Search Livestream,Live,International Polo Club,Group,Ronnie Hayes,Horton Schwartz,Aliano Realty/Horseware vs Palm Beach Equine,Ylvisaker Cup,January 16. 2020,Hector Galindo,Kevin Fawcett,Palm Beach Equine,,2020,Throw-in,Chukka 1,Palm Beach Equine win throw-in,Gringo Colombres,,,,,,,,,,,,,,,,,,
Chukka Length,586900,692924,Search Livestream,Live,International Polo Club,Group,Ronnie Hayes,Horton Schwartz,Aliano Realty/Horseware vs Palm Beach Equine,Ylvisaker Cup,January 16. 2020,Hector Galindo,Kevin Fawcett,Team,Chukka Length,2020,,Chukka 1,,,,,,,,,,,,,,,,,,,,
Foul,602133,25000,Search Livestream,Live,International Polo Club,Group,Ronnie Hayes,Horton Schwartz,Aliano Realty/Horseware vs Palm Beach Equine,Ylvisaker Cup,January 16. 2020,Hector Galindo,Kevin Fawcett,Palm Beach Equine,,2020,,Chukka 1,,Lucas Diaz Alberdi,Foul,Dangerous Riding,Penalty 5,Attacking Half,66;84,121;107,53;102,,,,,,,,,,,
Foul Received,602133,25000,Search Livestream,Live,International Polo Club,Group,Ronnie Hayes,Horton Schwartz,Aliano Realty/Horseware vs Palm Beach Equine,Ylvisaker Cup,January 16. 2020,Hector Galindo,Kevin Fawcett,Aliano Realty/Horseware,,2020,,Chukka 1,,Joaquin Panelo,Foul Received,Dangerous Riding,Penalty 5,Defending Half,80;211,,,,,,,,,,,,,
Penalty 5,637800,30000,Search Livestream,Live,International Polo Club,Group,Ronnie Hayes,Horton Schwartz,Aliano Realty/Horseware vs Palm Beach Equine,Ylvisaker Cup,January 16. 2020,Hector Galindo,Kevin Fawcett,Aliano Realty/Horseware,,2020,Penalty 5,Chukka 1,,Joaquin Panelo,,,,,,,,,,,,,,,,,,
Knock In,736633,40000,Search Livestream,Live,International Polo Club,Group,Ronnie Hayes,Horton Schwartz,Aliano Realty/Horseware vs Palm Beach Equine,Ylvisaker Cup,January 16. 2020,Hector Galindo,Kevin Fawcett,Palm Beach Equine,,2020,Knock In,Chukka 1,,Gringo Colombres,,,,,,,,,,,,,,,,,,
Foul (1),741266,25000,Search Livestream,Live,International Polo Club,Group,Ronnie Hayes,Horton Schwartz,Aliano Realty/Horseware vs Palm Beach Equine,Ylvisaker Cup,January 16. 2020,Hector Galindo,Kevin Fawcett,Aliano Realty/Horseware,,2020,,Chukka 1,,Hugo Lloret,Foul,Right of Way,Penalty 60 yards,Attacking Half,40;129,109;93,39;45,,,,,,,,,,,
Foul Received (1),741266,25000,Search Livestream,Live,International Polo Club,Group,Ronnie Hayes,Horton Schwartz,Aliano Realty/Horseware vs Palm Beach Equine,Ylvisaker Cup,January 16. 2020,Hector Galindo,Kevin Fawcett,Palm Beach Equine,,2020,,Chukka 1,,Gonzalo Ferrari,Foul Received,Right of Way,Penalty 60 yards,Defending Half,110;171,,,,,,,,,,,,,
Goal Palm Beach Equine,816366,35000,Search Livestream,Live,International Polo Club,Group,Ronnie Hayes,Horton Schwartz,Aliano Realty/Horseware vs Palm Beach Equine,Ylvisaker Cup,January 16. 2020,Hector Galindo,Kevin Fawcett,Palm Beach Equine,,2020,,Chukka 1,,Gringo Colombres,,,,,,,,Goal Palm Beach Equine,,,,,,,,,,
Penalty 60 yards,834666,15000,Search Livestream,Live,International Polo Club,Group,Ronnie Hayes,Horton Schwartz,Aliano Realty/Horseware vs Palm Beach Equine,Ylvisaker Cup,January 16. 2020,Hector Galindo,Kevin Fawcett,Palm Beach Equine,,2020,,Chukka 1,,Gringo Colombres,,,,,,,,,Penalty 60 yards,Goal,,,,,,,,
Shot At Goal,861133,35000,Search Livestream,Live,International Polo Club,Group,Ronnie Hayes,Horton Schwartz,Aliano Realty/Horseware vs Palm Beach Equine,Ylvisaker Cup,January 16. 2020,Hector Galindo,Kevin Fawcett,Aliano Realty/Horseware,,2020,,Chukka 1,,Mariano Obregon,,,,Attacking 30,69;21,,,,,,Shot At Goal,Goal,,,,,,
Goal Aliano Realty/Horseware,862366,35000,Search Livestream,Live,International Polo Club,Group,Ronnie Hayes,Horton Schwartz,Aliano Realty/Horseware vs Palm Beach Equine,Ylvisaker Cup,January 16. 2020,Hector Galindo,Kevin Fawcett,Aliano Realty/Horseware,,2020,,Chukka 1,,Mariano Obregon,,,,Attacking 30,73;8,,,Goal Aliano Realty/Horseware,,,,,Goals,,,,,
Throw-in (1),873700,20000,Search Livestream,Live,International Polo Club,Group,Ronnie Hayes,Horton Schwartz,Aliano Realty/Horseware vs Palm Beach Equine,Ylvisaker Cup,January 16. 2020,Hector Galindo,Kevin Fawcett,Aliano Realty/Horseware,,2020,Throw-in,Chukka 1,Aliano Realty/Horseware win throw-in,Mariano Obregon,,,,,,,,,,,,,,,,,,
Throw-in (2),920466,20000,Search Livestream,Live,International Polo Club,Group,Ronnie Hayes,Horton Schwartz,Aliano Realty/Horseware vs Palm Beach Equine,Ylvisaker Cup,January 16. 2020,Hector Galindo,Kevin Fawcett,Aliano Realty/Horseware,,2020,Throw-in,Chukka 1,Aliano Realty/Horseware win throw-in,Mariano Obregon,,,,,,,,,,,,,,,,,,
Shot At Goal (1),940766,35000,Search Livestream,Live,International Polo Club,Group,Ronnie Hayes,Horton Schwartz,Aliano Realty/Horseware vs Palm Beach Equine,Ylvisaker Cup,January 16. 2020,Hector Galindo,Kevin Fawcett,Palm Beach Equine,,2020,,Chukka 1,,Lucas Diaz Alberdi,,,,Attacking 60,55;42,,,,,,Shot At Goal,Wide,,,,,,
Assist,957933,25000,Search Livestream,Live,International Polo Club,Group,Ronnie Hayes,Horton Schwartz,Aliano Realty/Horseware vs Palm Beach Equine,Ylvisaker Cup,January 16. 2020,Hector Galindo,Kevin Fawcett,Palm Beach Equine,,2020,,Chukka 1,,Gonzalo Ferrari,,,,,,,,,,,,,,Unsuccessful,Gonzalo Ferrari,,,
Knock In (1),988600,40000,Search Livestream,Live,International Polo Club,Group,Ronnie Hayes,Horton Schwartz,Aliano Realty/Horseware vs Palm Beach Equine,Ylvisaker Cup,January 16. 2020,Hector Galindo,Kevin Fawcett,Aliano Realty/Horseware,,2020,Knock In,Chukka 1,,Joaquin Panelo,,,,,,,,,,,,,,,,,,
Foul (2),1008366,25000,Search Livestream,Live,International Polo Club,Group,Ronnie Hayes,Horton Schwartz,Aliano Realty/Horseware vs Palm Beach Equine,Ylvisaker Cup,January 16. 2020,Hector Galindo,Kevin Fawcett,Aliano Realty/Horseware,,2020,,Chukka 1,,Hugo Lloret,Foul,Right of Way,Penalty 30 yards,Defending 60,40;256,28;198,75;253,,,,,,,,,,,
Foul Received (2),1008366,25000,Search Livestream,Live,International Polo Club,Group,Ronnie Hayes,Horton Schwartz,Aliano Realty/Horseware vs Palm Beach Equine,Ylvisaker Cup,January 16. 2020,Hector Galindo,Kevin Fawcett,Palm Beach Equine,,2020,,Chukka 1,,Gringo Colombres,Foul Received,Right of Way,Penalty 30 yards,Attacking 60,105;44,,,,,,,,,,,,,
Goal Palm Beach Equine (1),1105433,35000,Search Livestream,Live,International Polo Club,Group,Ronnie Hayes,Horton Schwartz,Aliano Realty/Horseware vs Palm Beach Equine,Ylvisaker Cup,January 16. 2020,Hector Galindo,Kevin Fawcett,Palm Beach Equine,,2020,,Chukka 1,,Gonzalo Ferrari,,,,,,,,Goal Palm Beach Equine,,,,,,,,,,
Penalty 30 yards,1122700,15000,Search Livestream,Live,International Polo Club,Group,Ronnie Hayes,Horton Schwartz,Aliano Realty/Horseware vs Palm Beach Equine,Ylvisaker Cup,January 16. 2020,Hector Galindo,Kevin Fawcett,Palm Beach Equine,,2020,,Chukka 1,,Gonzalo Ferrari,,,,,,,,,Penalty 30 yards,Goal,,,,,,,,
Shot At Goal (2),1153366,35000,Search Livestream,Live,International Polo Club,Group,Ronnie Hayes,Horton Schwartz,Aliano Realty/Horseware vs Palm Beach Equine,Ylvisaker Cup,January 16. 2020,Hector Galindo,Kevin Fawcett,Aliano Realty/Horseware,,2020,,Chukka 1,,Joaquin Panelo,,,,Attacking 30,134;27,,,,,,Shot At Goal,Wide,,,,,,
Throw-in (3),1158933,20000,Search Livestream,Live,International Polo Club,Group,Ronnie Hayes,Horton Schwartz,Aliano Realty/Horseware vs Palm Beach Equine,Ylvisaker Cup,January 16. 2020,Hector Galindo,Kevin Fawcett,Aliano Realty/Horseware,,2020,Throw-in,Chukka 1,Aliano Realty/Horseware win throw-in,Joaquin Panelo,,,,,,,,,,,,,,,,,,
Knock In (2),1204166,40000,Search Livestream,Live,International Polo Club,Group,Ronnie Hayes,Horton Schwartz,Aliano Realty/Horseware vs Palm Beach Equine,Ylvisaker Cup,January 16. 2020,Hector Galindo,Kevin Fawcett,Palm Beach Equine,,2020,Knock In,Chukka 1,,Gringo Colombres,,,,,,,,,,,,,,,,Lucas Diaz Alberdi,,
Chukka Length (1),1284961,763805,Search Livestream,Live,International Polo Club,Group,Ronnie Hayes,Horton Schwartz,Aliano Realty/Horseware vs Palm Beach Equine,Ylvisaker Cup,January 16. 2020,Hector Galindo,Kevin Fawcett,Team,Chukka Length,2020,,Chukka 2,,,,,,,,,,,,,,,,,,,,
Free Hit,1445233,20000,Search Livestream,Live,International Polo Club,Group,Ronnie Hayes,Horton Schwartz,Aliano Realty/Horseware vs Palm Beach Equine,Ylvisaker Cup,January 16. 2020,Hector Galindo,Kevin Fawcett,Aliano Realty/Horseware,,2020,Free Hit,Chukka 2,,Joaquin Panelo,,,,,,,,,,,,,,,,,,
Knock In (3),1482766,40000,Search Livestream,Live,International Polo Club,Group,Ronnie Hayes,Horton Schwartz,Aliano Realty/Horseware vs Palm Beach Equine,Ylvisaker Cup,January 16. 2020,Hector Galindo,Kevin Fawcett,Palm Beach Equine,,2020,Knock In,Chukka 2,,Gringo Colombres,,,,,,,,,,,,,,,,,,
Shot At Goal (3),1521333,35000,Search Livestream,Live,International Polo Club,Group,Ronnie Hayes,Horton Schwartz,Aliano Realty/Horseware vs Palm Beach Equine,Ylvisaker Cup,January 16. 2020,Hector Galindo,Kevin Fawcett,Palm Beach Equine,,2020,,Chukka 2,,Gonzalo Ferrari,,,,Attacking 30,101;21,,,,,,Shot At Goal,Wide,,,,,,
Assist (1),1539533,25000,Search Livestream,Live,International Polo Club,Group,Ronnie Hayes,Horton Schwartz,Aliano Realty/Horseware vs Palm Beach Equine,Ylvisaker Cup,January 16. 2020,Hector Galindo,Kevin Fawcett,Palm Beach Equine,,2020,,Chukka 2,,Lucas Diaz Alberdi,,,,,,,,,,,,,,Unsuccessful,Lucas Diaz Alberdi,,,
Knock In (4),1568033,40000,Search Livestream,Live,International Polo Club,Group,Ronnie Hayes,Horton Schwartz,Aliano Realty/Horseware vs Palm Beach Equine,Ylvisaker Cup,January 16. 2020,Hector Galindo,Kevin Fawcett,Aliano Realty/Horseware,,2020,Knock In,Chukka 2,,Joaquin Panelo,,,,,,,,,,,,,,,,Mariano Obregon,,
Shot At Goal (4),1572766,35000,Search Livestream,Live,International Polo Club,Group,Ronnie Hayes,Horton Schwartz,Aliano Realty/Horseware vs Palm Beach Equine,Ylvisaker Cup,January 16. 2020,Hector Galindo,Kevin Fawcett,Aliano Realty/Horseware,,2020,,Chukka 2,,Mariano Obregon,,,,Attacking 30,79;15,,,,,,Shot At Goal,Goal,,,,,,
Goal Aliano Realty/Horseware (1),1574300,35000,Search Livestream,Live,International Polo Club,Group,Ronnie Hayes,Horton Schwartz,Aliano Realty/Horseware vs Palm Beach Equine,Ylvisaker Cup,January 16. 2020,Hector Galindo,Kevin Fawcett,Aliano Realty/Horseware,,2020,,Chukka 2,,Mariano Obregon,,,,Attacking 30,75;8,,,Goal Aliano Realty/Horseware,,,,,Goals,,,,,
Shot At Goal (5),1719766,35000,Search Livestream,Live,International Polo Club,Group,Ronnie Hayes,Horton Schwartz,Aliano Realty/Horseware vs Palm Beach Equine,Ylvisaker Cup,January 16. 2020,Hector Galindo,Kevin Fawcett,Palm Beach Equine,,2020,,Chukka 2,,Gringo Colombres,,,,Attacking 30,91;15,,,,,,Shot At Goal,Wide,,,,,,
Throw-in (4),1730433,20000,Search Livestream,Live,International Polo Club,Group,Ronnie Hayes,Horton Schwartz,Aliano Realty/Horseware vs Palm Beach Equine,Ylvisaker Cup,January 16. 2020,Hector Galindo,Kevin Fawcett,Palm Beach Equine,,2020,Throw-in,Chukka 2,Palm Beach Equine win throw-in,Gringo Colombres,,,,,,,,,,,,,,,,,,
Knock In (5),1763266,40000,Search Livestream,Live,International Polo Club,Group,Ronnie Hayes,Horton Schwartz,Aliano Realty/Horseware vs Palm Beach Equine,Ylvisaker Cup,January 16. 2020,Hector Galindo,Kevin Fawcett,Aliano Realty/Horseware,,2020,Knock In,Chukka 2,,Joaquin Panelo,,,,,,,,,,,,,,,,,,
Shot At Goal (6),1788033,35000,Search Livestream,Live,International Polo Club,Group,Ronnie Hayes,Horton Schwartz,Aliano Realty/Horseware vs Palm Beach Equine,Ylvisaker Cup,January 16. 2020,Hector Galindo,Kevin Fawcett,Aliano Realty/Horseware,,2020,,Chukka 2,,Joaquin Panelo,,,,Attacking 60,54;51,,,,,,Shot At Goal,Goal,,,,,,
Goal Aliano Realty/Horseware (2),1790700,35000,Search Livestream,Live,International Polo Club,Group,Ronnie Hayes,Horton Schwartz,Aliano Realty/Horseware vs Palm Beach Equine,Ylvisaker Cup,January 16. 2020,Hector Galindo,Kevin Fawcett,Aliano Realty/Horseware,,2020,,Chukka 2,,Joaquin Panelo,,,,Attacking 30,76;4,,,Goal Aliano Realty/Horseware,,,,,,,,,,
Shot At Goal (7),1837333,35000,Search Livestream,Live,International Polo Club,Group,Ronnie Hayes,Horton Schwartz,Aliano Realty/Horseware vs Palm Beach Equine,Ylvisaker Cup,January 16. 2020,Hector Galindo,Kevin Fawcett,Palm Beach Equine,,2020,,Chukka 2,,Gringo Colombres,,,,Attacking 30,78;16,,,,,,Shot At Goal,Goal,,,,,,
Goal Palm Beach Equine (2),1838966,35000,Search Livestream,Live,International Polo Club,Group,Ronnie Hayes,Horton Schwartz,Aliano Realty/Horseware vs Palm Beach Equine,Ylvisaker Cup,January 16. 2020,Hector Galindo,Kevin Fawcett,Palm Beach Equine,,2020,,Chukka 2,,Gringo Colombres,,,,Attacking 30,78;6,,,Goal Palm Beach Equine,,,,,Goals,,,,,
Throw-in (5),1847800,20000,Search Livestream,Live,International Polo Club,Group,Ronnie Hayes,Horton Schwartz,Aliano Realty/Horseware vs Palm Beach Equine,Ylvisaker Cup,January 16. 2020,Hector Galindo,Kevin Fawcett,Palm Beach Equine,,2020,Throw-in,Chukka 2,Palm Beach Equine win throw-in,Gonzalo Ferrari,,,,,,,,,,,,,,,,,,
Assist (2),1854766,25000,Search Livestream,Live,International Polo Club,Group,Ronnie Hayes,Horton Schwartz,Aliano Realty/Horseware vs Palm Beach Equine,Ylvisaker Cup,January 16. 2020,Hector Galindo,Kevin Fawcett,Palm Beach Equine,,2020,,Chukka 2,,Gonzalo Ferrari,,,,,,,,,,,,,,Successful,Gonzalo Ferrari,,,
Throw-in (6),1897733,20000,Search Livestream,Live,International Polo Club,Group,Ronnie Hayes,Horton Schwartz,Aliano Realty/Horseware vs Palm Beach Equine,Ylvisaker Cup,January 16. 2020,Hector Galindo,Kevin Fawcett,Aliano Realty/Horseware,,2020,Throw-in,Chukka 2,Aliano Realty/Horseware win throw-in,Mariano Obregon,,,,,,,,,,,,,,,,,,
Knock In (6),1942633,40000,Search Livestream,Live,International Polo Club,Group,Ronnie Hayes,Horton Schwartz,Aliano Realty/Horseware vs Palm Beach Equine,Ylvisaker Cup,January 16. 2020,Hector Galindo,Kevin Fawcett,Palm Beach Equine,,2020,Knock In,Chukka 2,,Gringo Colombres,,,,,,,,,,,,,,,,,,
Foul (3),1948166,25000,Search Livestream,Live,International Polo Club,Group,Ronnie Hayes,Horton Schwartz,Aliano Realty/Horseware vs Palm Beach Equine,Ylvisaker Cup,January 16. 2020,Hector Galindo,Kevin Fawcett,Aliano Realty/Horseware,,2020,,Chukka 2,,Hugo Lloret,Foul,Crossing,Penalty 30 yards,Attacking Half,107;125,79;43,16;88,,,,,,,,,,,
Foul Received (3),1948166,25000,Search Livestream,Live,International Polo Club,Group,Ronnie Hayes,Horton Schwartz,Aliano Realty/Horseware vs Palm Beach Equine,Ylvisaker Cup,January 16. 2020,Hector Galindo,Kevin Fawcett,Palm Beach Equine,,2020,,Chukka 2,,Gringo Colombres,Foul Received,Crossing,Penalty 30 yards,Defending Half,30;168,,,,,,,,,,,,,
Goal Palm Beach Equine (3),2002333,35000,Search Livestream,Live,International Polo Club,Group,Ronnie Hayes,Horton Schwartz,Aliano Realty/Horseware vs Palm Beach Equine,Ylvisaker Cup,January 16. 2020,Hector Galindo,Kevin Fawcett,Palm Beach Equine,,2020,,Chukka 2,,Gonzalo Ferrari,,,,,,,,Goal Palm Beach Equine,,,,,,,,,,
Penalty 30 yards (1),2020900,15000,Search Livestream,Live,International Polo Club,Group,Ronnie Hayes,Horton Schwartz,Aliano Realty/Horseware vs Palm Beach Equine,Ylvisaker Cup,January 16. 2020,Hector Galindo,Kevin Fawcett,Palm Beach Equine,,2020,,Chukka 2,,Gonzalo Ferrari,,,,,,,,,Penalty 30 yards,Goal,,,,,,,,
Chukka Length (2),2083693,828440,Search Livestream,Live,International Polo Club,Group,Ronnie Hayes,Horton Schwartz,Aliano Realty/Horseware vs Palm Beach Equine,Ylvisaker Cup,January 16. 2020,Hector Galindo,Kevin Fawcett,Team,Chukka Length,2020,,Chukka 3,,,,,,,,,,,,,,,,,,,,
Throw-in (7),2264433,20000,Search Livestream,Live,International Polo Club,Group,Ronnie Hayes,Horton Schwartz,Aliano Realty/Horseware vs Palm Beach Equine,Ylvisaker Cup,January 16. 2020,Hector Galindo,Kevin Fawcett,Aliano Realty/Horseware,,2020,Throw-in,Chukka 3,Aliano Realty/Horseware win throw-in,Joaquin Panelo,,,,,,,,,,,,,,,,,,
Foul (4),2265166,25000,Search Livestream,Live,International Polo Club,Group,Ronnie Hayes,Horton Schwartz,Aliano Realty/Horseware vs Palm Beach Equine,Ylvisaker Cup,January 16. 2020,Hector Galindo,Kevin Fawcett,Palm Beach Equine,,2020,,Chukka 3,,Gonzalo Ferrari,Foul,Right of Way,Penalty 5,Attacking Half,58;133,104;151,37;130,,,,,,,,,,,
Foul Received (4),2265166,25000,Search Livestream,Live,International Polo Club,Group,Ronnie Hayes,Horton Schwartz,Aliano Realty/Horseware vs Palm Beach Equine,Ylvisaker Cup,January 16. 2020,Hector Galindo,Kevin Fawcett,Aliano Realty/Horseware,,2020,,Chukka 3,,Hugo Lloret,Foul Received,Right of Way,Penalty 5,Defending Half,61;157,,,,,,,,,,,,,
Penalty 5 (1),2332700,30000,Search Livestream,Live,International Polo Club,Group,Ronnie Hayes,Horton Schwartz,Aliano Realty/Horseware vs Palm Beach Equine,Ylvisaker Cup,January 16. 2020,Hector Galindo,Kevin Fawcett,Aliano Realty/Horseware,,2020,Penalty 5,Chukka 3,,Joaquin Panelo,,,,,,,,,,,,,,,,,,
Shot At Goal (8),2338733,35000,Search Livestream,Live,International Polo Club,Group,Ronnie Hayes,Horton Schwartz,Aliano Realty/Horseware vs Palm Beach Equine,Ylvisaker Cup,January 16. 2020,Hector Galindo,Kevin Fawcett,Aliano Realty/Horseware,,2020,,Chukka 3,,Hugo Lloret,,,,Attacking 60,69;45,,,,,,Shot At Goal,Wide,,,,,,
Knock In (7),2387266,40000,Search Livestream,Live,International Polo Club,Group,Ronnie Hayes,Horton Schwartz,Aliano Realty/Horseware vs Palm Beach Equine,Ylvisaker Cup,January 16. 2020,Hector Galindo,Kevin Fawcett,Palm Beach Equine,,2020,Knock In,Chukka 3,,Gringo Colombres,,,,,,,,,,,,,,,,,,
Shot At Goal (9),2420933,35000,Search Livestream,Live,International Polo Club,Group,Ronnie Hayes,Horton Schwartz,Aliano Realty/Horseware vs Palm Beach Equine,Ylvisaker Cup,January 16. 2020,Hector Galindo,Kevin Fawcett,Palm Beach Equine,,2020,,Chukka 3,,Lucas Diaz Alberdi,,,,Attacking 30,69;21,,,,,,Shot At Goal,Goal,,,,,,
Non Call,2421566,20000,Search Livestream,Live,International Polo Club,Group,Ronnie Hayes,Horton Schwartz,Aliano Realty/Horseware vs Palm Beach Equine,Ylvisaker Cup,January 16. 2020,Hector Galindo,Kevin Fawcett,Team,,2020,,Chukka 3,,,Non Call,Right of Way,,,,,,,,,,,,,,,,
Goal Palm Beach Equine (4),2423600,35000,Search Livestream,Live,International Polo Club,Group,Ronnie Hayes,Horton Schwartz,Aliano Realty/Horseware vs Palm Beach Equine,Ylvisaker Cup,January 16. 2020,Hector Galindo,Kevin Fawcett,Palm Beach Equine,,2020,,Chukka 3,,Lucas Diaz Alberdi,,,,Attacking 30,79;6,,,Goal Palm Beach Equine,,,,,,,,,,
Assist (3),2439800,25000,Search Livestream,Live,International Polo Club,Group,Ronnie Hayes,Horton Schwartz,Aliano Realty/Horseware vs Palm Beach Equine,Ylvisaker Cup,January 16. 2020,Hector Galindo,Kevin Fawcett,Palm Beach Equine,,2020,,Chukka 3,,Gringo Colombres,,,,,,,,,,,,,,Successful,Gringo Colombres,,,
Throw-in (8),2483633,20000,Search Livestream,Live,International Polo Club,Group,Ronnie Hayes,Horton Schwartz,Aliano Realty/Horseware vs Palm Beach Equine,Ylvisaker Cup,January 16. 2020,Hector Galindo,Kevin Fawcett,Aliano Realty/Horseware,,2020,Throw-in,Chukka 3,Aliano Realty/Horseware win throw-in,Joaquin Panelo,,,,,,,,,,,,,,,,,,
Foul (5),2484466,25000,Search Livestream,Live,International Polo Club,Group,Ronnie Hayes,Horton Schwartz,Aliano Realty/Horseware vs Palm Beach Equine,Ylvisaker Cup,January 16. 2020,Hector Galindo,Kevin Fawcett,Palm Beach Equine,,2020,,Chukka 3,,Gonzalo Ferrari,Foul,Right of Way,Penalty 40 yards,Defending Half,58;180,26;192,126;166,,,,,,,,,,,
Foul Received (5),2484466,25000,Search Livestream,Live,International Polo Club,Group,Ronnie Hayes,Horton Schwartz,Aliano Realty/Horseware vs Palm Beach Equine,Ylvisaker Cup,January 16. 2020,Hector Galindo,Kevin Fawcett,Aliano Realty/Horseware,,2020,,Chukka 3,,Nick Aliano,Foul Received,Right of Way,Penalty 40 yards,Attacking Half,70;118,,,,,,,,,,,,,
Goal Aliano Realty/Horseware (3),2548366,35000,Search Livestream,Live,International Polo Club,Group,Ronnie Hayes,Horton Schwartz,Aliano Realty/Horseware vs Palm Beach Equine,Ylvisaker Cup,January 16. 2020,Hector Galindo,Kevin Fawcett,Aliano Realty/Horseware,,2020,,Chukka 3,,Mariano Obregon,,,,,,,,Goal Aliano Realty/Horseware,,,,,,,,,,
Penalty 40 yards,2566833,15000,Search Livestream,Live,International Polo Club,Group,Ronnie Hayes,Horton Schwartz,Aliano Realty/Horseware vs Palm Beach Equine,Ylvisaker Cup,January 16. 2020,Hector Galindo,Kevin Fawcett,Aliano Realty/Horseware,,2020,,Chukka 3,,Mariano Obregon,,,,,,,,,Penalty 40 yards,Goal,,,,,,,,
Shot At Goal (10),2594000,35000,Search Livestream,Live,International Polo Club,Group,Ronnie Hayes,Horton Schwartz,Aliano Realty/Horseware vs Palm Beach Equine,Ylvisaker Cup,January 16. 2020,Hector Galindo,Kevin Fawcett,Aliano Realty/Horseware,,2020,,Chukka 3,,Hugo Lloret,,,,Attacking 30,79;20,,,,,,Shot At Goal,Goal,,,,,,
Goal Aliano Realty/Horseware (4),2595433,35000,Search Livestream,Live,International Polo Club,Group,Ronnie Hayes,Horton Schwartz,Aliano Realty/Horseware vs Palm Beach Equine,Ylvisaker Cup,January 16. 2020,Hector Galindo,Kevin Fawcett,Aliano Realty/Horseware,,2020,,Chukka 3,,Hugo Lloret,,,,Attacking 30,82;7,,,Goal Aliano Realty/Horseware,,,,,Goals,,,,,
Throw-in (9),2605233,20000,Search Livestream,Live,International Polo Club,Group,Ronnie Hayes,Horton Schwartz,Aliano Realty/Horseware vs Palm Beach Equine,Ylvisaker Cup,January 16. 2020,Hector Galindo,Kevin Fawcett,Aliano Realty/Horseware,,2020,Throw-in,Chukka 3,Aliano Realty/Horseware win throw-in,Hugo Lloret,,,,,,,,,,,,,,,,,,
Throw-in (10),2666366,20000,Search Livestream,Live,International Polo Club,Group,Ronnie Hayes,Horton Schwartz,Aliano Realty/Horseware vs Palm Beach Equine,Ylvisaker Cup,January 16. 2020,Hector Galindo,Kevin Fawcett,Palm Beach Equine,,2020,Throw-in,Chukka 3,Palm Beach Equine win throw-in,Gonzalo Ferrari,,,,,,,,,,,,,,,,,,
Shot At Goal (11),2673100,35000,Search Livestream,Live,International Polo Club,Group,Ronnie Hayes,Horton Schwartz,Aliano Realty/Horseware vs Palm Beach Equine,Ylvisaker Cup,January 16. 2020,Hector Galindo,Kevin Fawcett,Aliano Realty/Horseware,,2020,,Chukka 3,,Mariano Obregon,,,,Attacking 30,45;27,,,,,,Shot At Goal,Blocked,,,,,,
Shot Block,2698666,10000,Search Livestream,Live,International Polo Club,Group,Ronnie Hayes,Horton Schwartz,Aliano Realty/Horseware vs Palm Beach Equine,Ylvisaker Cup,January 16. 2020,Hector Galindo,Kevin Fawcett,Palm Beach Equine,,2020,,Chukka 3,,Lucas Diaz Alberdi,,,,,,,,,,,,,,,,,Shot Block,
Foul (6),2711533,25000,Search Livestream,Live,International Polo Club,Group,Ronnie Hayes,Horton Schwartz,Aliano Realty/Horseware vs Palm Beach Equine,Ylvisaker Cup,January 16. 2020,Hector Galindo,Kevin Fawcett,Palm Beach Equine,,2020,,Chukka 3,,Gonzalo Ferrari,Foul,Right of Way,Penalty 30 yards,Defending Half,27;215,134;243,12;208,,,,,,,,,,,
Foul Received (6),2711533,25000,Search Livestream,Live,International Polo Club,Group,Ronnie Hayes,Horton Schwartz,Aliano Realty/Horseware vs Palm Beach Equine,Ylvisaker Cup,January 16. 2020,Hector Galindo,Kevin Fawcett,Aliano Realty/Horseware,,2020,,Chukka 3,,Hugo Lloret,Foul Received,Right of Way,Penalty 30 yards,Attacking Half,124;88,,,,,,,,,,,,,
Goal Aliano Realty/Horseware (5),2752500,35000,Search Livestream,Live,International Polo Club,Group,Ronnie Hayes,Horton Schwartz,Aliano Realty/Horseware vs Palm Beach Equine,Ylvisaker Cup,January 16. 2020,Hector Galindo,Kevin Fawcett,Aliano Realty/Horseware,,2020,,Chukka 3,,Mariano Obregon,,,,,,,,Goal Aliano Realty/Horseware,,,,,,,,,,
Penalty 30 yards (2),2771466,15000,Search Livestream,Live,International Polo Club,Group,Ronnie Hayes,Horton Schwartz,Aliano Realty/Horseware vs Palm Beach Equine,Ylvisaker Cup,January 16. 2020,Hector Galindo,Kevin Fawcett,Aliano Realty/Horseware,,2020,,Chukka 3,,Mariano Obregon,,,,,,,,,Penalty 30 yards,Goal,,,,,,,,
Throw-in (11),2806666,20000,Search Livestream,Live,International Polo Club,Group,Ronnie Hayes,Horton Schwartz,Aliano Realty/Horseware vs Palm Beach Equine,Ylvisaker Cup,January 16. 2020,Hector Galindo,Kevin Fawcett,Palm Beach Equine,,2020,Throw-in,Chukka 3,Palm Beach Equine win throw-in,Lucas Diaz Alberdi,,,,,,,,,,,,,,,,,,
Shot At Goal (12),2841433,35000,Search Livestream,Live,International Polo Club,Group,Ronnie Hayes,Horton Schwartz,Aliano Realty/Horseware vs Palm Beach Equine,Ylvisaker Cup,January 16. 2020,Hector Galindo,Kevin Fawcett,Aliano Realty/Horseware,,2020,,Chukka 3,,Hugo Lloret,,,,Attacking 30,78;21,,,,,,Shot At Goal,Goal,,,,,,
Goal Aliano Realty/Horseware (6),2843066,35000,Search Livestream,Live,International Polo Club,Group,Ronnie Hayes,Horton Schwartz,Aliano Realty/Horseware vs Palm Beach Equine,Ylvisaker Cup,January 16. 2020,Hector Galindo,Kevin Fawcett,Aliano Realty/Horseware,,2020,,Chukka 3,,Hugo Lloret,,,,Attacking 30,78;8,,,Goal Aliano Realty/Horseware,,,,,Goals,,,,,
Throw-in (12),3417000,20000,Search Livestream,Live,International Polo Club,Group,Ronnie Hayes,Horton Schwartz,Aliano Realty/Horseware vs Palm Beach Equine,Ylvisaker Cup,January 16. 2020,Hector Galindo,Kevin Fawcett,Palm Beach Equine,,2020,Throw-in,Chukka 4,Palm Beach Equine win throw-in,Gonzalo Ferrari,,,,,,,,,,,,,,,,,,
Chukka Length (3),3420833,901116,Search Livestream,Live,International Polo Club,Group,Ronnie Hayes,Horton Schwartz,Aliano Realty/Horseware vs Palm Beach Equine,Ylvisaker Cup,January 16. 2020,Hector Galindo,Kevin Fawcett,Team,Chukka Length,2020,,Chukka 4,,,,,,,,,,,,,,,,,,,,
Non Call (1),3427233,20000,Search Livestream,Live,International Polo Club,Group,Ronnie Hayes,Horton Schwartz,Aliano Realty/Horseware vs Palm Beach Equine,Ylvisaker Cup,January 16. 2020,Hector Galindo,Kevin Fawcett,Team,,2020,,Chukka 4,,,Non Call,Right of Way,,,,,,,,,,,,,,,,
Foul (7),3477033,25000,Search Livestream,Live,International Polo Club,Group,Ronnie Hayes,Horton Schwartz,Aliano Realty/Horseware vs Palm Beach Equine,Ylvisaker Cup,January 16. 2020,Hector Galindo,Kevin Fawcett,Aliano Realty/Horseware,,2020,,Chukka 4,,Hugo Lloret,Foul,Dangerous Riding,Penalty 60 yards,Attacking Half,68;127,110;108,30;85,,,,,,,,,,,
Foul Received (7),3477033,25000,Search Livestream,Live,International Polo Club,Group,Ronnie Hayes,Horton Schwartz,Aliano Realty/Horseware vs Palm Beach Equine,Ylvisaker Cup,January 16. 2020,Hector Galindo,Kevin Fawcett,Palm Beach Equine,,2020,,Chukka 4,,Lucas Diaz Alberdi,Foul Received,Dangerous Riding,Penalty 60 yards,Defending Half,85;168,,,,,,,,,,,,,
Penalty 60 yards (1),3550900,15000,Search Livestream,Live,International Polo Club,Group,Ronnie Hayes,Horton Schwartz,Aliano Realty/Horseware vs Palm Beach Equine,Ylvisaker Cup,January 16. 2020,Hector Galindo,Kevin Fawcett,Palm Beach Equine,,2020,,Chukka 4,,Gringo Colombres,,,,,,,,,Penalty 60 yards,Wide,,,,,,,,
Knock In (8),3678213,40000,Search Livestream,Live,International Polo Club,Group,Ronnie Hayes,Horton Schwartz,Aliano Realty/Horseware vs Palm Beach Equine,Ylvisaker Cup,January 16. 2020,Hector Galindo,Kevin Fawcett,Aliano Realty/Horseware,,2020,Knock In,Chukka 4,,Joaquin Panelo,,,,,,,,,,,,,,,,Mariano Obregon,,
Non Call (2),3692833,20000,Search Livestream,Live,International Polo Club,Group,Ronnie Hayes,Horton Schwartz,Aliano Realty/Horseware vs Palm Beach Equine,Ylvisaker Cup,January 16. 2020,Hector Galindo,Kevin Fawcett,Team,,2020,,Chukka 4,,,Non Call,Turning,,,,,,,,,,,,,,,,
Foul (8),3731766,25000,Search Livestream,Live,International Polo Club,Group,Ronnie Hayes,Horton Schwartz,Aliano Realty/Horseware vs Palm Beach Equine,Ylvisaker Cup,January 16. 2020,Hector Galindo,Kevin Fawcett,Palm Beach Equine,,2020,,Chukka 4,,Gonzalo Ferrari,Foul,Blocking,Penalty 30 yards,Defending Half,90;216,16;134,136;177,,,,,,,,,,,
Foul Received (8),3731766,25000,Search Livestream,Live,International Polo Club,Group,Ronnie Hayes,Horton Schwartz,Aliano Realty/Horseware vs Palm Beach Equine,Ylvisaker Cup,January 16. 2020,Hector Galindo,Kevin Fawcett,Aliano Realty/Horseware,,2020,,Chukka 4,,Mariano Obregon,Foul Received,Blocking,Penalty 30 yards,Attacking Half,55;79,,,,,,,,,,,,,
Foul (9),3809766,25000,Search Livestream,Live,International Polo Club,Group,Ronnie Hayes,Horton Schwartz,Aliano Realty/Horseware vs Palm Beach Equine,Ylvisaker Cup,January 16. 2020,Hector Galindo,Kevin Fawcett,Aliano Realty/Horseware,,2020,,Chukka 4,,Hugo Lloret,Foul,Technical,Penalty 5,Attacking 30,72;31,76;51,61;6,,,,,,,,,,,
Shot At Goal (13),3869866,35000,Search Livestream,Live,International Polo Club,Group,Ronnie Hayes,Horton Schwartz,Aliano Realty/Horseware vs Palm Beach Equine,Ylvisaker Cup,January 16. 2020,Hector Galindo,Kevin Fawcett,Palm Beach Equine,,2020,,Chukka 4,,Gonzalo Ferrari,,,,Attacking 30,81;27,,,,,,Shot At Goal,Wide,,,,,,
Penalty 5 (2),3877366,30000,Search Livestream,Live,International Polo Club,Group,Ronnie Hayes,Horton Schwartz,Aliano Realty/Horseware vs Palm Beach Equine,Ylvisaker Cup,January 16. 2020,Hector Galindo,Kevin Fawcett,Palm Beach Equine,,2020,Penalty 5,Chukka 4,,Gringo Colombres,,,,,,,,,,,,,,,,,,
Assist (4),3887700,25000,Search Livestream,Live,International Polo Club,Group,Ronnie Hayes,Horton Schwartz,Aliano Realty/Horseware vs Palm Beach Equine,Ylvisaker Cup,January 16. 2020,Hector Galindo,Kevin Fawcett,Palm Beach Equine,,2020,,Chukka 4,,Gringo Colombres,,,,,,,,,,,,,,Unsuccessful,Gringo Colombres,,,
Knock In (9),3921400,40000,Search Livestream,Live,International Polo Club,Group,Ronnie Hayes,Horton Schwartz,Aliano Realty/Horseware vs Palm Beach Equine,Ylvisaker Cup,January 16. 2020,Hector Galindo,Kevin Fawcett,Aliano Realty/Horseware,,2020,Knock In,Chukka 4,,Joaquin Panelo,,,,,,,,,,,,,,,,Mariano Obregon,,
Foul (10),3928266,25000,Search Livestream,Live,International Polo Club,Group,Ronnie Hayes,Horton Schwartz,Aliano Realty/Horseware vs Palm Beach Equine,Ylvisaker Cup,January 16. 2020,Hector Galindo,Kevin Fawcett,Aliano Realty/Horseware,,2020,,Chukka 4,,Joaquin Panelo,Foul,Dangerous Riding,Penalty 5,Defending Half,80;215,116;215,19;186,,,,,,,,,,,
Foul Received (9),3928266,25000,Search Livestream,Live,International Polo Club,Group,Ronnie Hayes,Horton Schwartz,Aliano Realty/Horseware vs Palm Beach Equine,Ylvisaker Cup,January 16. 2020,Hector Galindo,Kevin Fawcett,Palm Beach Equine,,2020,,Chukka 4,,Lucas Diaz Alberdi,Foul Received,Dangerous Riding,Penalty 5,Attacking Half,69;80,,,,,,,,,,,,,
Shot At Goal (14),3978600,35000,Search Livestream,Live,International Polo Club,Group,Ronnie Hayes,Horton Schwartz,Aliano Realty/Horseware vs Palm Beach Equine,Ylvisaker Cup,January 16. 2020,Hector Galindo,Kevin Fawcett,Palm Beach Equine,,2020,,Chukka 4,,Gonzalo Ferrari,,,,Attacking 30,92;6,,,,,,Shot At Goal,Wide,,,,,,
Assist (5),3997266,25000,Search Livestream,Live,International Polo Club,Group,Ronnie Hayes,Horton Schwartz,Aliano Realty/Horseware vs Palm Beach Equine,Ylvisaker Cup,January 16. 2020,Hector Galindo,Kevin Fawcett,Palm Beach Equine,,2020,,Chukka 4,,Gringo Colombres,,,,,,,,,,,,,,Unsuccessful,Gringo Colombres,,,
Penalty 5 (3),3999702,30000,Search Livestream,Live,International Polo Club,Group,Ronnie Hayes,Horton Schwartz,Aliano Realty/Horseware vs Palm Beach Equine,Ylvisaker Cup,January 16. 2020,Hector Galindo,Kevin Fawcett,Palm Beach Equine,,2020,Penalty 5,Chukka 4,,Gringo Colombres,,,,,,,,,,,,,,,,,,
Knock In (10),4047633,40000,Search Livestream,Live,International Polo Club,Group,Ronnie Hayes,Horton Schwartz,Aliano Realty/Horseware vs Palm Beach Equine,Ylvisaker Cup,January 16. 2020,Hector Galindo,Kevin Fawcett,Aliano Realty/Horseware,,2020,Knock In,Chukka 4,,Joaquin Panelo,,,,,,,,,,,,,,,,Mariano Obregon,,
Shot At Goal (15),4058500,35000,Search Livestream,Live,International Polo Club,Group,Ronnie Hayes,Horton Schwartz,Aliano Realty/Horseware vs Palm Beach Equine,Ylvisaker Cup,January 16. 2020,Hector Galindo,Kevin Fawcett,Aliano Realty/Horseware,,2020,,Chukka 4,,Hugo Lloret,,,,Attacking 30,70;17,,,,,,Shot At Goal,Goal,,,,,,
Goal Aliano Realty/Horseware (7),4059333,35000,Search Livestream,Live,International Polo Club,Group,Ronnie Hayes,Horton Schwartz,Aliano Realty/Horseware vs Palm Beach Equine,Ylvisaker Cup,January 16. 2020,Hector Galindo,Kevin Fawcett,Aliano Realty/Horseware,,2020,,Chukka 4,,Hugo Lloret,,,,Attacking 30,76;7,,,Goal Aliano Realty/Horseware,,,,,,,,,,
Throw-in (13),4123000,20000,Search Livestream,Live,International Polo Club,Group,Ronnie Hayes,Horton Schwartz,Aliano Realty/Horseware vs Palm Beach Equine,Ylvisaker Cup,January 16. 2020,Hector Galindo,Kevin Fawcett,Aliano Realty/Horseware,,2020,Throw-in,Chukka 4,Aliano Realty/Horseware win throw-in,Nick Aliano,,,,,,,,,,,,,,,,,,
Shot At Goal (16),4124400,35000,Search Livestream,Live,International Polo Club,Group,Ronnie Hayes,Horton Schwartz,Aliano Realty/Horseware vs Palm Beach Equine,Ylvisaker Cup,January 16. 2020,Hector Galindo,Kevin Fawcett,Aliano Realty/Horseware,,2020,,Chukka 4,,Joaquin Panelo,,,,Attacking 60,111;42,,,,,,Shot At Goal,Wide,,,,,,
Knock In (11),4174266,40000,Search Livestream,Live,International Polo Club,Group,Ronnie Hayes,Horton Schwartz,Aliano Realty/Horseware vs Palm Beach Equine,Ylvisaker Cup,January 16. 2020,Hector Galindo,Kevin Fawcett,Palm Beach Equine,,2020,Knock In,Chukka 4,,Gringo Colombres,,,,,,,,,,,,,,,,,,
Foul (11),4190633,25000,Search Livestream,Live,International Polo Club,Group,Ronnie Hayes,Horton Schwartz,Aliano Realty/Horseware vs Palm Beach Equine,Ylvisaker Cup,January 16. 2020,Hector Galindo,Kevin Fawcett,Aliano Realty/Horseware,,2020,,Chukka 4,,Hugo Lloret,Foul,Right of Way,Reversed Call,Attacking Half,105;79,79;109,136;116,,,,,,,,,,,
Foul Received (10),4190633,25000,Search Livestream,Live,International Polo Club,Group,Ronnie Hayes,Horton Schwartz,Aliano Realty/Horseware vs Palm Beach Equine,Ylvisaker Cup,January 16. 2020,Hector Galindo,Kevin Fawcett,Palm Beach Equine,,2020,,Chukka 4,,Gringo Colombres,Foul Received,Right of Way,Reversed Call,Defending Half,36;221,,,,,,,,,,,,,
Shot At Goal (17),4229900,35000,Search Livestream,Live,International Polo Club,Group,Ronnie Hayes,Horton Schwartz,Aliano Realty/Horseware vs Palm Beach Equine,Ylvisaker Cup,January 16. 2020,Hector Galindo,Kevin Fawcett,Aliano Realty/Horseware,,2020,,Chukka 4,,Joaquin Panelo,,,,Attacking 30,103;27,,,,,,Shot At Goal,Goal,,,,,,
Goal Aliano Realty/Horseware (8),4232066,35000,Search Livestream,Live,International Polo Club,Group,Ronnie Hayes,Horton Schwartz,Aliano Realty/Horseware vs Palm Beach Equine,Ylvisaker Cup,January 16. 2020,Hector Galindo,Kevin Fawcett,Aliano Realty/Horseware,,2020,,Chukka 4,,Joaquin Panelo,,,,Attacking 30,72;7,,,Goal Aliano Realty/Horseware,,,,,,,,,,
Throw-in (14),4241600,20000,Search Livestream,Live,International Polo Club,Group,Ronnie Hayes,Horton Schwartz,Aliano Realty/Horseware vs Palm Beach Equine,Ylvisaker Cup,January 16. 2020,Hector Galindo,Kevin Fawcett,Aliano Realty/Horseware,,2020,Throw-in,Chukka 4,Aliano Realty/Horseware win throw-in,Joaquin Panelo,,,,,,,,,,,,,,,,,,
Throw-in (15),4289700,20000,Search Livestream,Live,International Polo Club,Group,Ronnie Hayes,Horton Schwartz,Aliano Realty/Horseware vs Palm Beach Equine,Ylvisaker Cup,January 16. 2020,Hector Galindo,Kevin Fawcett,Aliano Realty/Horseware,,2020,Throw-in,Chukka 4,Aliano Realty/Horseware win throw-in,Hugo Lloret,,,,,,,,,,,,,,,,,,
Foul (12),4296233,25000,Search Livestream,Live,International Polo Club,Group,Ronnie Hayes,Horton Schwartz,Aliano Realty/Horseware vs Palm Beach Equine,Ylvisaker Cup,January 16. 2020,Hector Galindo,Kevin Fawcett,Palm Beach Equine,,2020,,Chukka 4,,Lucas Diaz Alberdi,Foul,Crossing,Penalty 30 yards,Defending 60,55;239,35;180,117;185,,,,,,,,,,,
Foul Received (11),4296233,25000,Search Livestream,Live,International Polo Club,Group,Ronnie Hayes,Horton Schwartz,Aliano Realty/Horseware vs Palm Beach Equine,Ylvisaker Cup,January 16. 2020,Hector Galindo,Kevin Fawcett,Aliano Realty/Horseware,,2020,,Chukka 4,,Hugo Lloret,Foul Received,Crossing,Penalty 30 yards,Attacking 60,90;57,,,,,,,,,,,,,
Chukka Length (4),4526388,307845,Search Livestream,Live,International Polo Club,Group,Ronnie Hayes,Horton Schwartz,Aliano Realty/Horseware vs Palm Beach Equine,Ylvisaker Cup,January 16. 2020,Hector Galindo,Kevin Fawcett,Team,Chukka Length,2020,,Chukka 5,,,,,,,,,,,,,,,,,,,,
Goal Aliano Realty/Horseware (9),4576533,35000,Search Livestream,Live,International Polo Club,Group,Ronnie Hayes,Horton Schwartz,Aliano Realty/Horseware vs Palm Beach Equine,Ylvisaker Cup,January 16. 2020,Hector Galindo,Kevin Fawcett,Aliano Realty/Horseware,,2020,,Chukka 5,,Mariano Obregon,,,,,,,,Goal Aliano Realty/Horseware,,,,,,,,,,
Penalty 30 yards (3),4595513,15000,Search Livestream,Live,International Polo Club,Group,Ronnie Hayes,Horton Schwartz,Aliano Realty/Horseware vs Palm Beach Equine,Ylvisaker Cup,January 16. 2020,Hector Galindo,Kevin Fawcett,Aliano Realty/Horseware,,2020,,Chukka 5,,Mariano Obregon,,,,,,,,,Penalty 30 yards,Goal,,,,,,,,
Throw-in (16),4630233,20000,Search Livestream,Live,International Polo Club,Group,Ronnie Hayes,Horton Schwartz,Aliano Realty/Horseware vs Palm Beach Equine,Ylvisaker Cup,January 16. 2020,Hector Galindo,Kevin Fawcett,Palm Beach Equine,,2020,Throw-in,Chukka 5,Palm Beach Equine win throw-in,Gringo Colombres,,,,,,,,,,,,,,,,,,
Shot At Goal (18),4631950,35000,Search Livestream,Live,International Polo Club,Group,Ronnie Hayes,Horton Schwartz,Aliano Realty/Horseware vs Palm Beach Equine,Ylvisaker Cup,January 16. 2020,Hector Galindo,Kevin Fawcett,Palm Beach Equine,,2020,,Chukka 5,,Gonzalo Ferrari,,,,Attacking 60,91;53,,,,,,Shot At Goal,Wide,,,,,,
Knock In (12),4676466,40000,Search Livestream,Live,International Polo Club,Group,Ronnie Hayes,Horton Schwartz,Aliano Realty/Horseware vs Palm Beach Equine,Ylvisaker Cup,January 16. 2020,Hector Galindo,Kevin Fawcett,Aliano Realty/Horseware,,2020,Knock In,Chukka 5,,Joaquin Panelo,,,,,,,,,,,,,,,,Mariano Obregon,,
Shot At Goal (19),4789966,35000,Search Livestream,Live,International Polo Club,Group,Ronnie Hayes,Horton Schwartz,Aliano Realty/Horseware vs Palm Beach Equine,Ylvisaker Cup,January 16. 2020,Hector Galindo,Kevin Fawcett,Palm Beach Equine,,2020,,Chukka 5,,Gonzalo Ferrari,,,,Attacking 60,64;40,,,,,,Shot At Goal,Goal,,,,,,
Free Hit (1),4790066,20000,Search Livestream,Live,International Polo Club,Group,Ronnie Hayes,Horton Schwartz,Aliano Realty/Horseware vs Palm Beach Equine,Ylvisaker Cup,January 16. 2020,Hector Galindo,Kevin Fawcett,Aliano Realty/Horseware,,2020,Free Hit,Chukka 5,,Joaquin Panelo,,,,,,,,,,,,,,,,,,
Goal Palm Beach Equine (5),4791633,35000,Search Livestream,Live,International Polo Club,Group,Ronnie Hayes,Horton Schwartz,Aliano Realty/Horseware vs Palm Beach Equine,Ylvisaker Cup,January 16. 2020,Hector Galindo,Kevin Fawcett,Palm Beach Equine,,2020,,Chukka 5,,Gonzalo Ferrari,,,,Attacking 30,80;7,,,Goal Palm Beach Equine,,,,,,,,,,
Assist (6),4806333,25000,Search Livestream,Live,International Polo Club,Group,Ronnie Hayes,Horton Schwartz,Aliano Realty/Horseware vs Palm Beach Equine,Ylvisaker Cup,January 16. 2020,Hector Galindo,Kevin Fawcett,Palm Beach Equine,,2020,,Chukka 5,,Gringo Colombres,,,,,,,,,,,,,,Successful,Gringo Colombres,,,
Injury Time,4834233,149300,Search Livestream,Live,International Polo Club,Group,Ronnie Hayes,Horton Schwartz,Aliano Realty/Horseware vs Palm Beach Equine,Ylvisaker Cup,January 16. 2020,Hector Galindo,Kevin Fawcett,Team,Injury Time,2020,,Chukka 5,,,,,,,,,,,,,,,,,,,,
Throw-in (17),4979066,20000,Search Livestream,Live,International Polo Club,Group,Ronnie Hayes,Horton Schwartz,Aliano Realty/Horseware vs Palm Beach Equine,Ylvisaker Cup,January 16. 2020,Hector Galindo,Kevin Fawcett,Palm Beach Equine,,2020,Throw-in,Chukka 5,Palm Beach Equine win throw-in,Gonzalo Ferrari,,,,,,,,,,,,,,,,,,
Chukka Length (5),4983533,336389,Search Livestream,Live,International Polo Club,Group,Ronnie Hayes,Horton Schwartz,Aliano Realty/Horseware vs Palm Beach Equine,Ylvisaker Cup,January 16. 2020,Hector Galindo,Kevin Fawcett,Team,Chukka Length,2020,,Chukka 5,,,,,,,,,,,,,,,,,,,,
Throw-in (18),5011000,20000,Search Livestream,Live,International Polo Club,Group,Ronnie Hayes,Horton Schwartz,Aliano Realty/Horseware vs Palm Beach Equine,Ylvisaker Cup,January 16. 2020,Hector Galindo,Kevin Fawcett,Palm Beach Equine,,2020,Throw-in,Chukka 5,Palm Beach Equine win throw-in,Gringo Colombres,,,,,,,,,,,,,,,,,,
Foul (13),5035133,25000,Search Livestream,Live,International Polo Club,Group,Ronnie Hayes,Horton Schwartz,Aliano Realty/Horseware vs Palm Beach Equine,Ylvisaker Cup,January 16. 2020,Hector Galindo,Kevin Fawcett,Aliano Realty/Horseware,,2020,,Chukka 5,,Joaquin Panelo,Foul,Crossing,Penalty 5,Attacking 30,91;12,121;63,23;83,,,,,,,,,,,
Foul Received (12),5035133,25000,Search Livestream,Live,International Polo Club,Group,Ronnie Hayes,Horton Schwartz,Aliano Realty/Horseware vs Palm Beach Equine,Ylvisaker Cup,January 16. 2020,Hector Galindo,Kevin Fawcett,Palm Beach Equine,,2020,,Chukka 5,,Gonzalo Ferrari,Foul Received,Crossing,Penalty 5,Defending 30,56;289,,,,,,,,,,,,,
Penalty 5 (4),5065500,30000,Search Livestream,Live,International Polo Club,Group,Ronnie Hayes,Horton Schwartz,Aliano Realty/Horseware vs Palm Beach Equine,Ylvisaker Cup,January 16. 2020,Hector Galindo,Kevin Fawcett,Palm Beach Equine,,2020,Penalty 5,Chukka 5,,Gringo Colombres,,,,,,,,,,,,,,,,,,
Foul (14),5096166,25000,Search Livestream,Live,International Polo Club,Group,Ronnie Hayes,Horton Schwartz,Aliano Realty/Horseware vs Palm Beach Equine,Ylvisaker Cup,January 16. 2020,Hector Galindo,Kevin Fawcett,Aliano Realty/Horseware,,2020,,Chukka 5,,Mariano Obregon,Foul,Right of Way,Penalty 30 yards,Defending 60,71;259,128;212,19;213,,,,,,,,,,,
Foul Received (13),5096166,25000,Search Livestream,Live,International Polo Club,Group,Ronnie Hayes,Horton Schwartz,Aliano Realty/Horseware vs Palm Beach Equine,Ylvisaker Cup,January 16. 2020,Hector Galindo,Kevin Fawcett,Palm Beach Equine,,2020,,Chukka 5,,Gringo Colombres,Foul Received,Right of Way,Penalty 30 yards,Attacking 60,79;39,,,,,,,,,,,,,
Goal Palm Beach Equine (6),5185466,35000,Search Livestream,Live,International Polo Club,Group,Ronnie Hayes,Horton Schwartz,Aliano Realty/Horseware vs Palm Beach Equine,Ylvisaker Cup,January 16. 2020,Hector Galindo,Kevin Fawcett,Palm Beach Equine,,2020,,Chukka 5,,Gonzalo Ferrari,,,,,,,,Goal Palm Beach Equine,,,,,,,,,,
Penalty 30 yards (4),5203700,15000,Search Livestream,Live,International Polo Club,Group,Ronnie Hayes,Horton Schwartz,Aliano Realty/Horseware vs Palm Beach Equine,Ylvisaker Cup,January 16. 2020,Hector Galindo,Kevin Fawcett,Palm Beach Equine,,2020,,Chukka 5,,Gonzalo Ferrari,,,,,,,,,Penalty 30 yards,Goal,,,,,,,,
Throw-in (19),5238924,20000,Search Livestream,Live,International Polo Club,Group,Ronnie Hayes,Horton Schwartz,Aliano Realty/Horseware vs Palm Beach Equine,Ylvisaker Cup,January 16. 2020,Hector Galindo,Kevin Fawcett,Aliano Realty/Horseware,,2020,Throw-in,Chukka 5,Aliano Realty/Horseware win throw-in,Joaquin Panelo,,,,,,,,,,,,,,,,,,
Shot At Goal (20),5244733,35000,Search Livestream,Live,International Polo Club,Group,Ronnie Hayes,Horton Schwartz,Aliano Realty/Horseware vs Palm Beach Equine,Ylvisaker Cup,January 16. 2020,Hector Galindo,Kevin Fawcett,Aliano Realty/Horseware,,2020,,Chukka 5,,Joaquin Panelo,,,,Attacking 30,84;20,,,,,,Shot At Goal,Goal,,,,,,
Goal Aliano Realty/Horseware (10),5245433,35000,Search Livestream,Live,International Polo Club,Group,Ronnie Hayes,Horton Schwartz,Aliano Realty/Horseware vs Palm Beach Equine,Ylvisaker Cup,January 16. 2020,Hector Galindo,Kevin Fawcett,Aliano Realty/Horseware,,2020,,Chukka 5,,Joaquin Panelo,,,,Attacking 30,76;4,,,Goal Aliano Realty/Horseware,,,,,,,,,,
Throw-in (20),5491966,20000,Search Livestream,Live,International Polo Club,Group,Ronnie Hayes,Horton Schwartz,Aliano Realty/Horseware vs Palm Beach Equine,Ylvisaker Cup,January 16. 2020,Hector Galindo,Kevin Fawcett,Palm Beach Equine,,2020,Throw-in,Chukka 6,Palm Beach Equine win throw-in,Gonzalo Ferrari,,,,,,,,,,,,,,,,,,
Chukka Length (6),5495033,342233,Search Livestream,Live,International Polo Club,Group,Ronnie Hayes,Horton Schwartz,Aliano Realty/Horseware vs Palm Beach Equine,Ylvisaker Cup,January 16. 2020,Hector Galindo,Kevin Fawcett,Team,Chukka Length,2020,,Chukka 6,,,,,,,,,,,,,,,,,,,,
Foul (15),5586933,25000,Search Livestream,Live,International Polo Club,Group,Ronnie Hayes,Horton Schwartz,Aliano Realty/Horseware vs Palm Beach Equine,Ylvisaker Cup,January 16. 2020,Hector Galindo,Kevin Fawcett,Palm Beach Equine,,2020,,Chukka 6,,Gringo Colombres,Foul,Dangerous Riding,Penalty 30 yards,Defending 30,58;274,122;231,44;253,,,,,,,,,,,
Foul Received (14),5586933,25000,Search Livestream,Live,International Polo Club,Group,Ronnie Hayes,Horton Schwartz,Aliano Realty/Horseware vs Palm Beach Equine,Ylvisaker Cup,January 16. 2020,Hector Galindo,Kevin Fawcett,Aliano Realty/Horseware,,2020,,Chukka 6,,Joaquin Panelo,Foul Received,Dangerous Riding,Penalty 30 yards,Attacking 30,88;22,,,,,,,,,,,,,
Goal Aliano Realty/Horseware (11),5619600,35000,Search Livestream,Live,International Polo Club,Group,Ronnie Hayes,Horton Schwartz,Aliano Realty/Horseware vs Palm Beach Equine,Ylvisaker Cup,January 16. 2020,Hector Galindo,Kevin Fawcett,Aliano Realty/Horseware,,2020,,Chukka 6,,Mariano Obregon,,,,,,,,Goal Aliano Realty/Horseware,,,,,,,,,,
Penalty 30 yards Spot,5643733,10000,Search Livestream,Live,International Polo Club,Group,Ronnie Hayes,Horton Schwartz,Aliano Realty/Horseware vs Palm Beach Equine,Ylvisaker Cup,January 16. 2020,Hector Galindo,Kevin Fawcett,Aliano Realty/Horseware,,2020,,Chukka 6,,Mariano Obregon,,,,,,,,,Penalty 30 yards Spot,Goal,,,,,,,,
Throw-in (21),5675400,20000,Search Livestream,Live,International Polo Club,Group,Ronnie Hayes,Horton Schwartz,Aliano Realty/Horseware vs Palm Beach Equine,Ylvisaker Cup,January 16. 2020,Hector Galindo,Kevin Fawcett,Aliano Realty/Horseware,,2020,Throw-in,Chukka 6,Aliano Realty/Horseware win throw-in,Joaquin Panelo,,,,,,,,,,,,,,,,,,
Shot At Goal (21),5681000,35000,Search Livestream,Live,International Polo Club,Group,Ronnie Hayes,Horton Schwartz,Aliano Realty/Horseware vs Palm Beach Equine,Ylvisaker Cup,January 16. 2020,Hector Galindo,Kevin Fawcett,Aliano Realty/Horseware,,2020,,Chukka 6,,Mariano Obregon,,,,Attacking 30,92;4,,,,,,Shot At Goal,Wide,,,,,,
Knock In (13),5723833,40000,Search Livestream,Live,International Polo Club,Group,Ronnie Hayes,Horton Schwartz,Aliano Realty/Horseware vs Palm Beach Equine,Ylvisaker Cup,January 16. 2020,Hector Galindo,Kevin Fawcett,Palm Beach Equine,,2020,Knock In,Chukka 6,,Gringo Colombres,,,,,,,,,,,,,,,,,,
Shot At Goal (22),5748833,35000,Search Livestream,Live,International Polo Club,Group,Ronnie Hayes,Horton Schwartz,Aliano Realty/Horseware vs Palm Beach Equine,Ylvisaker Cup,January 16. 2020,Hector Galindo,Kevin Fawcett,Aliano Realty/Horseware,,2020,,Chukka 6,,Joaquin Panelo,,,,Attacking 60,94;52,,,,,,Shot At Goal,Wide,,,,,,
Knock In (14),5799333,40000,Search Livestream,Live,International Polo Club,Group,Ronnie Hayes,Horton Schwartz,Aliano Realty/Horseware vs Palm Beach Equine,Ylvisaker Cup,January 16. 2020,Hector Galindo,Kevin Fawcett,Palm Beach Equine,,2020,Knock In,Chukka 6,,Lucas Diaz Alberdi,,,,,,,,,,,,,,,,Gringo Colombres,,
Non Call (3),5812066,20000,Search Livestream,Live,International Polo Club,Group,Ronnie Hayes,Horton Schwartz,Aliano Realty/Horseware vs Palm Beach Equine,Ylvisaker Cup,January 16. 2020,Hector Galindo,Kevin Fawcett,Team,,2020,,Chukka 6,,,Non Call,Dangerous Riding,,,,,,,,,,,,,,,,
Collision,5829366,15000,Search Livestream,Live,International Polo Club,Group,Ronnie Hayes,Horton Schwartz,Aliano Realty/Horseware vs Palm Beach Equine,Ylvisaker Cup,January 16. 2020,Hector Galindo,Kevin Fawcett,Palm Beach Equine,,2020,,Chukka 6,,Gonzalo Ferrari,,,,Defending Half,78;208,,,,,,,,,,,,,Collision
Injury Time (1),5837266,142233,Search Livestream,Live,International Polo Club,Group,Ronnie Hayes,Horton Schwartz,Aliano Realty/Horseware vs Palm Beach Equine,Ylvisaker Cup,January 16. 2020,Hector Galindo,Kevin Fawcett,Team,Injury Time,2020,,Chukka 6,,,,,,,,,,,,,,,,,,,,
Shot At Goal (23),5971466,35000,Search Livestream,Live,International Polo Club,Group,Ronnie Hayes,Horton Schwartz,Aliano Realty/Horseware vs Palm Beach Equine,Ylvisaker Cup,January 16. 2020,Hector Galindo,Kevin Fawcett,Aliano Realty/Horseware,,2020,,Chukka 6,,Joaquin Panelo,,,,Attacking 30,51;16,,,,,,Shot At Goal,Short,,,,,,
Chukka Length (7),5979500,240554,Search Livestream,Live,International Polo Club,Group,Ronnie Hayes,Horton Schwartz,Aliano Realty/Horseware vs Palm Beach Equine,Ylvisaker Cup,January 16. 2020,Hector Galindo,Kevin Fawcett,Team,Chukka Length,2020,,Chukka 6,,,,,,,,,,,,,,,,,,,,
Throw-in (22),5979700,20000,Search Livestream,Live,International Polo Club,Group,Ronnie Hayes,Horton Schwartz,Aliano Realty/Horseware vs Palm Beach Equine,Ylvisaker Cup,January 16. 2020,Hector Galindo,Kevin Fawcett,Aliano Realty/Horseware,,2020,Throw-in,Chukka 6,Aliano Realty/Horseware win throw-in,Joaquin Panelo,,,,,,,,,,,,,,,,,,
Shot At Goal (24),6061933,35000,Search Livestream,Live,International Polo Club,Group,Ronnie Hayes,Horton Schwartz,Aliano Realty/Horseware vs Palm Beach Equine,Ylvisaker Cup,January 16. 2020,Hector Galindo,Kevin Fawcett,Palm Beach Equine,,2020,,Chukka 6,,Lucas Diaz Alberdi,,,,Attacking 30,73;38,,,,,,Shot At Goal,Miss Hit,,,,,,
Knock In (15),6067166,40000,Search Livestream,Live,International Polo Club,Group,Ronnie Hayes,Horton Schwartz,Aliano Realty/Horseware vs Palm Beach Equine,Ylvisaker Cup,January 16. 2020,Hector Galindo,Kevin Fawcett,Palm Beach Equine,,2020,Knock In,Chukka 6,,Gringo Colombres,,,,,,,,,,,,,,,,Lucas Diaz Alberdi,,
Safety 60,6151566,15000,Search Livestream,Live,International Polo Club,Group,Ronnie Hayes,Horton Schwartz,Aliano Realty/Horseware vs Palm Beach Equine,Ylvisaker Cup,January 16. 2020,Hector Galindo,Kevin Fawcett,Palm Beach Equine,,2020,,Chukka 6,,Gringo Colombres,,,,,,,,,Safety 60,Wide,,,,,,,,
Shot At Goal (25),6163500,35000,Search Livestream,Live,International Polo Club,Group,Ronnie Hayes,Horton Schwartz,Aliano Realty/Horseware vs Palm Beach Equine,Ylvisaker Cup,January 16. 2020,Hector Galindo,Kevin Fawcett,Aliano Realty/Horseware,,2020,,Chukka 6,,Mariano Obregon,,,,Attacking 60,76;52,,,,,,Shot At Goal,Wide,,,,,,
Knock In (16),6172900,40000,Search Livestream,Live,International Polo Club,Group,Ronnie Hayes,Horton Schwartz,Aliano Realty/Horseware vs Palm Beach Equine,Ylvisaker Cup,January 16. 2020,Hector Galindo,Kevin Fawcett,Aliano Realty/Horseware,,2020,Knock In,Chukka 6,,Joaquin Panelo,,,,,,,,,,,,,,,,Mariano Obregon,,