Name,Position,Duration,Chukka,Team,Player,Foul,Foul Outcome,Foul Type,General Field Area,Location,Umpire Focal,Umpire Trailing,Goal,Throw-in Outcome,Set Play,Highlight Reel,Assist,Assist Outcome,Camera Angle,Club,Collision,Country,Game,Instant Replay Official,Knock-in Player 2,Match Date,Penalties,Penalty Block,Penalty Outcome,Search Event,Shot At Goal,Shot At Goal Outcome,Stage,Third Umpire,Tournament,Tournament Handicap,Umpire 1,Umpire 2,Year
Throw-in,891233,20000,Chukka 1,Aspen,Ignacio Arlbervide,,,,,,,,,Aspen win throw-in,Throw-in,,,,Live,International Polo Club Palm Beach,,USA,Aspen vs Palm Beach Equine,Unknown,,January 24. 2021,,,,Search Livestream,,,Group,Hector Galindo,Ylvisaker Cup,18,Julian Appleby,Ronnie Hayes,2021
Foul,920833,25000,Chukka 1,Aspen,Stewart Armstrong,Foul,Penalty 30 yards,Blocking,Defending 30,78;279,73;249,46;272,,,,,,,Live,International Polo Club Palm Beach,,USA,Aspen vs Palm Beach Equine,Unknown,,January 24. 2021,,,,Search Livestream,,,Group,Hector Galindo,Ylvisaker Cup,18,Julian Appleby,Ronnie Hayes,2021
Foul Received,920833,25000,Chukka 1,Palm Beach Equine,Robbie Bilbao,Foul Received,Penalty 30 yards,Blocking,Attacking 30,71;20,,,,,,,,,Live,International Polo Club Palm Beach,,USA,Aspen vs Palm Beach Equine,Unknown,,January 24. 2021,,,,Search Livestream,,,Group,Hector Galindo,Ylvisaker Cup,18,Julian Appleby,Ronnie Hayes,2021
Goal Palm Beach Equine,952633,35000,Chukka 1,Palm Beach Equine,Costi Caset,,,,Attacking 30,72;3,,,Goal Palm Beach Equine,,,,,,Live,International Polo Club Palm Beach,,USA,Aspen vs Palm Beach Equine,Unknown,,January 24. 2021,,,,Search Livestream,,,Group,Hector Galindo,Ylvisaker Cup,18,Julian Appleby,Ronnie Hayes,2021
Penalty 30 yards Spot,975166,10000,Chukka 1,Palm Beach Equine,Costi Caset,,,,,,,,,,,,,,Live,International Polo Club Palm Beach,,USA,Aspen vs Palm Beach Equine,Unknown,,January 24. 2021,Penalty 30 yards Spot,,Goal,Search Livestream,,,Group,Hector Galindo,Ylvisaker Cup,18,Julian Appleby,Ronnie Hayes,2021
Shot At Goal,1002333,35000,Chukka 1,Palm Beach Equine,Costi Caset,,,,Attacking 30,57;12,,,,,,,,,Live,International Polo Club Palm Beach,,USA,Aspen vs Palm Beach Equine,Unknown,,January 24. 2021,,,,Search Livestream,Shot At Goal,Wide,Group,Hector Galindo,Ylvisaker Cup,18,Julian Appleby,Ronnie Hayes,2021
Throw-in (1),1004866,20000,Chukka 1,Palm Beach Equine,Robbie Bilbao,,,,,,,,,Palm Beach Equine win throw-in,Throw-in,,,,Live,International Polo Club Palm Beach,,USA,Aspen vs Palm Beach Equine,Unknown,,January 24. 2021,,,,Search Livestream,,,Group,Hector Galindo,Ylvisaker Cup,18,Julian Appleby,Ronnie Hayes,2021
Assist,1020700,25000,Chukka 1,Palm Beach Equine,Robbie Bilbao,,,,,,,,,,,,Robbie Bilbao,Unsuccessful,Live,International Polo Club Palm Beach,,USA,Aspen vs Palm Beach Equine,Unknown,,January 24. 2021,,,,Search Livestream,,,Group,Hector Galindo,Ylvisaker Cup,18,Julian Appleby,Ronnie Hayes,2021
Knock In,1043066,40000,Chukka 1,Aspen,Stewart Armstrong,,,,,,,,,,Knock In,,,,Live,International Polo Club Palm Beach,,USA,Aspen vs Palm Beach Equine,Unknown,Lucas James,January 24. 2021,,,,Search Livestream,,,Group,Hector Galindo,Ylvisaker Cup,18,Julian Appleby,Ronnie Hayes,2021
Shot At Goal (1),1092533,35000,Chukka 1,Aspen,Ignacio Arlbervide,,,,Attacking 30,80;17,,,,,,,,,Live,International Polo Club Palm Beach,,USA,Aspen vs Palm Beach Equine,Unknown,,January 24. 2021,,,,Search Livestream,Shot At Goal,Goal,Group,Hector Galindo,Ylvisaker Cup,18,Julian Appleby,Ronnie Hayes,2021
Non Call,1093033,20000,Chukka 1,Team,,Non Call,,Right of Way,,,,,,,,,,,Live,International Polo Club Palm Beach,,USA,Aspen vs Palm Beach Equine,Unknown,,January 24. 2021,,,,Search Livestream,,,Group,Hector Galindo,Ylvisaker Cup,18,Julian Appleby,Ronnie Hayes,2021
Goal Aspen,1093966,35000,Chukka 1,Aspen,Ignacio Arlbervide,,,,Attacking 30,74;2,,,Goal Aspen,,,Goals,,,Live,International Polo Club Palm Beach,,USA,Aspen vs Palm Beach Equine,Unknown,,January 24. 2021,,,,Search Livestream,,,Group,Hector Galindo,Ylvisaker Cup,18,Julian Appleby,Ronnie Hayes,2021
Assist (1),1108966,25000,Chukka 1,Aspen,Keko Magrini,,,,,,,,,,,,Keko Magrini,Successful,Live,International Polo Club Palm Beach,,USA,Aspen vs Palm Beach Equine,Unknown,,January 24. 2021,,,,Search Livestream,,,Group,Hector Galindo,Ylvisaker Cup,18,Julian Appleby,Ronnie Hayes,2021
Shot At Goal (2),1267300,35000,Chukka 1,Aspen,Lucas James,,,,Attacking Half,98;98,,,,,,,,,Live,International Polo Club Palm Beach,,USA,Aspen vs Palm Beach Equine,Unknown,,January 24. 2021,,,,Search Livestream,Shot At Goal,Wide,Group,Hector Galindo,Ylvisaker Cup,18,Julian Appleby,Ronnie Hayes,2021
Non Call (1),1276366,20000,Chukka 1,Team,,Non Call,,Riding Into Shot,,,,,,,,,,,Live,International Polo Club Palm Beach,,USA,Aspen vs Palm Beach Equine,Unknown,,January 24. 2021,,,,Search Livestream,,,Group,Hector Galindo,Ylvisaker Cup,18,Julian Appleby,Ronnie Hayes,2021
Throw-in (2),1277533,20000,Chukka 1,Aspen,Keko Magrini,,,,,,,,,Aspen win throw-in,Throw-in,,,,Live,International Polo Club Palm Beach,,USA,Aspen vs Palm Beach Equine,Unknown,,January 24. 2021,,,,Search Livestream,,,Group,Hector Galindo,Ylvisaker Cup,18,Julian Appleby,Ronnie Hayes,2021
Assist (2),1283233,25000,Chukka 1,Aspen,Keko Magrini,,,,,,,,,,,,Keko Magrini,Unsuccessful,Live,International Polo Club Palm Beach,,USA,Aspen vs Palm Beach Equine,Unknown,,January 24. 2021,,,,Search Livestream,,,Group,Hector Galindo,Ylvisaker Cup,18,Julian Appleby,Ronnie Hayes,2021
Knock In (1),1313883,40000,Chukka 1,Palm Beach Equine,Gringo Colombres,,,,,,,,,,Knock In,,,,Live,International Polo Club Palm Beach,,USA,Aspen vs Palm Beach Equine,Unknown,,January 24. 2021,,,,Search Livestream,,,Group,Hector Galindo,Ylvisaker Cup,18,Julian Appleby,Ronnie Hayes,2021
Shot At Goal (3),1375300,35000,Chukka 1,Aspen,Keko Magrini,,,,Attacking 30,53;11,,,,,,,,,Live,International Polo Club Palm Beach,,USA,Aspen vs Palm Beach Equine,Unknown,,January 24. 2021,,,,Search Livestream,Shot At Goal,Miss Hit,Group,Hector Galindo,Ylvisaker Cup,18,Julian Appleby,Ronnie Hayes,2021
Shot At Goal (4),1379533,35000,Chukka 1,Aspen,Stewart Armstrong,,,,Attacking 30,57;12,,,,,,,,,Live,International Polo Club Palm Beach,,USA,Aspen vs Palm Beach Equine,Unknown,,January 24. 2021,,,,Search Livestream,Shot At Goal,Blocked,Group,Hector Galindo,Ylvisaker Cup,18,Julian Appleby,Ronnie Hayes,2021
Assist (3),1393133,25000,Chukka 1,Aspen,Stewart Armstrong,,,,,,,,,,,,Stewart Armstrong,Unsuccessful,Live,International Polo Club Palm Beach,,USA,Aspen vs Palm Beach Equine,Unknown,,January 24. 2021,,,,Search Livestream,,,Group,Hector Galindo,Ylvisaker Cup,18,Julian Appleby,Ronnie Hayes,2021
Shot Block,1406333,10000,Chukka 1,Palm Beach Equine,Costi Caset,,,,,,,,,,,,,,Live,International Polo Club Palm Beach,,USA,Aspen vs Palm Beach Equine,Unknown,,January 24. 2021,,Shot Block,,Search Livestream,,,Group,Hector Galindo,Ylvisaker Cup,18,Julian Appleby,Ronnie Hayes,2021
Foul (1),1466700,25000,Chukka 1,Palm Beach Equine,Gringo Colombres,Foul,Penalty 40 yards,Improper Procedure,Defending 60,76;251,77;225,58;292,,,,,,,Live,International Polo Club Palm Beach,,USA,Aspen vs Palm Beach Equine,Unknown,,January 24. 2021,,,,Search Livestream,,,Group,Hector Galindo,Ylvisaker Cup,18,Julian Appleby,Ronnie Hayes,2021
Goal Aspen (1),1503033,35000,Chukka 1,Aspen,Keko Magrini,,,,Attacking 30,76;1,,,Goal Aspen,,,,,,Live,International Polo Club Palm Beach,,USA,Aspen vs Palm Beach Equine,Unknown,,January 24. 2021,,,,Search Livestream,,,Group,Hector Galindo,Ylvisaker Cup,18,Julian Appleby,Ronnie Hayes,2021
Penalty 40 yards,1518733,15000,Chukka 1,Aspen,Keko Magrini,,,,,,,,,,,,,,Live,International Polo Club Palm Beach,,USA,Aspen vs Palm Beach Equine,Unknown,,January 24. 2021,Penalty 40 yards,,Goal,Search Livestream,,,Group,Hector Galindo,Ylvisaker Cup,18,Julian Appleby,Ronnie Hayes,2021
Throw-in (3),1558266,20000,Chukka 1,Palm Beach Equine,Gringo Colombres,,,,,,,,,Palm Beach Equine win throw-in,Throw-in,,,,Live,International Polo Club Palm Beach,,USA,Aspen vs Palm Beach Equine,Unknown,,January 24. 2021,,,,Search Livestream,,,Group,Hector Galindo,Ylvisaker Cup,18,Julian Appleby,Ronnie Hayes,2021
Foul (2),1604800,25000,Chukka 1,Aspen,Keko Magrini,Foul,Penalty 40 yards,Right of Way,Defending 30,121;274,140;267,96;245,,,,,,,Live,International Polo Club Palm Beach,,USA,Aspen vs Palm Beach Equine,Unknown,,January 24. 2021,,,,Search Livestream,,,Group,Hector Galindo,Ylvisaker Cup,18,Julian Appleby,Ronnie Hayes,2021
Foul Received (1),1604800,25000,Chukka 1,Palm Beach Equine,Robbie Bilbao,Foul Received,Penalty 40 yards,Right of Way,Attacking 30,19;17,,,,,,,,,Live,International Polo Club Palm Beach,,USA,Aspen vs Palm Beach Equine,Unknown,,January 24. 2021,,,,Search Livestream,,,Group,Hector Galindo,Ylvisaker Cup,18,Julian Appleby,Ronnie Hayes,2021
Goal Palm Beach Equine (1),1821966,35000,Chukka 2,Palm Beach Equine,Costi Caset,,,,Attacking 30,75;3,,,Goal Palm Beach Equine,,,,,,Live,International Polo Club Palm Beach,,USA,Aspen vs Palm Beach Equine,Unknown,,January 24. 2021,,,,Search Livestream,,,Group,Hector Galindo,Ylvisaker Cup,18,Julian Appleby,Ronnie Hayes,2021
Penalty 40 yards (1),1839624,15000,Chukka 2,Palm Beach Equine,Costi Caset,,,,,,,,,,,,,,Live,International Polo Club Palm Beach,,USA,Aspen vs Palm Beach Equine,Unknown,,January 24. 2021,Penalty 40 yards,,Goal,Search Livestream,,,Group,Hector Galindo,Ylvisaker Cup,18,Julian Appleby,Ronnie Hayes,2021
Throw-in (4),1873433,20000,Chukka 2,Aspen,Keko Magrini,,,,,,,,,Aspen win throw-in,Throw-in,,,,Live,International Polo Club Palm Beach,,USA,Aspen vs Palm Beach Equine,Unknown,,January 24. 2021,,,,Search Livestream,,,Group,Hector Galindo,Ylvisaker Cup,18,Julian Appleby,Ronnie Hayes,2021
Collision,1880500,15000,Chukka 2,Aspen,Keko Magrini,,,,,,,,,,,,,,Live,International Polo Club Palm Beach,Collision,USA,Aspen vs Palm Beach Equine,Unknown,,January 24. 2021,,,,Search Livestream,,,Group,Hector Galindo,Ylvisaker Cup,18,Julian Appleby,Ronnie Hayes,2021
Throw-in (5),2044433,20000,Chukka 2,Palm Beach Equine,Gringo Colombres,,,,,,,,,Palm Beach Equine win throw-in,Throw-in,,,,Live,International Polo Club Palm Beach,,USA,Aspen vs Palm Beach Equine,Unknown,,January 24. 2021,,,,Search Livestream,,,Group,Hector Galindo,Ylvisaker Cup,18,Julian Appleby,Ronnie Hayes,2021
Foul (3),2055466,25000,Chukka 2,Palm Beach Equine,Robbie Bilbao,Foul,Penalty 60 yards,Riding Into Shot,Defending Half,66;163,98;168,82;139,,,,,,,Live,International Polo Club Palm Beach,,USA,Aspen vs Palm Beach Equine,Unknown,,January 24. 2021,,,,Search Livestream,,,Group,Hector Galindo,Ylvisaker Cup,18,Julian Appleby,Ronnie Hayes,2021
Foul Received (2),2055466,25000,Chukka 2,Aspen,Ignacio Arlbervide,Foul Received,Penalty 60 yards,Riding Into Shot,Attacking Half,79;129,,,,,,,,,Live,International Polo Club Palm Beach,,USA,Aspen vs Palm Beach Equine,Unknown,,January 24. 2021,,,,Search Livestream,,,Group,Hector Galindo,Ylvisaker Cup,18,Julian Appleby,Ronnie Hayes,2021
Penalty 60 yards,2128866,15000,Chukka 2,Aspen,Lucas James,,,,,,,,,,,,,,Live,International Polo Club Palm Beach,,USA,Aspen vs Palm Beach Equine,Unknown,,January 24. 2021,Penalty 60 yards,,Wide,Search Livestream,,,Group,Hector Galindo,Ylvisaker Cup,18,Julian Appleby,Ronnie Hayes,2021
Shot At Goal (5),2132900,35000,Chukka 2,Aspen,Keko Magrini,,,,Attacking 30,81;16,,,,,,,,,Live,International Polo Club Palm Beach,,USA,Aspen vs Palm Beach Equine,Unknown,,January 24. 2021,,,,Search Livestream,Shot At Goal,Goal,Group,Hector Galindo,Ylvisaker Cup,18,Julian Appleby,Ronnie Hayes,2021
Goal Aspen (2),2134533,35000,Chukka 2,Aspen,Keko Magrini,,,,Attacking 30,76;3,,,Goal Aspen,,,,,,Live,International Polo Club Palm Beach,,USA,Aspen vs Palm Beach Equine,Unknown,,January 24. 2021,,,,Search Livestream,,,Group,Hector Galindo,Ylvisaker Cup,18,Julian Appleby,Ronnie Hayes,2021
Knock In (2),2146811,40000,Chukka 2,Palm Beach Equine,Gringo Colombres,,,,,,,,,,Knock In,,,,Live,International Polo Club Palm Beach,,USA,Aspen vs Palm Beach Equine,Unknown,,January 24. 2021,,,,Search Livestream,,,Group,Hector Galindo,Ylvisaker Cup,18,Julian Appleby,Ronnie Hayes,2021
Throw-in (6),2194733,20000,Chukka 2,Aspen,Lucas James,,,,,,,,,Aspen win throw-in,Throw-in,,,,Live,International Polo Club Palm Beach,,USA,Aspen vs Palm Beach Equine,Unknown,,January 24. 2021,,,,Search Livestream,,,Group,Hector Galindo,Ylvisaker Cup,18,Julian Appleby,Ronnie Hayes,2021
Foul (4),2254500,25000,Chukka 2,Aspen,Keko Magrini,Foul,Penalty 5B,Riding Into Shot,Attacking 60,116;57,140;62,94;112,,,,,,,Live,International Polo Club Palm Beach,,USA,Aspen vs Palm Beach Equine,Unknown,,January 24. 2021,,,,Search Livestream,,,Group,Hector Galindo,Ylvisaker Cup,18,Julian Appleby,Ronnie Hayes,2021
Foul Received (3),2254500,25000,Chukka 2,Palm Beach Equine,Gringo Colombres,Foul Received,Penalty 5B,Riding Into Shot,Defending 60,30;234,,,,,,,,,Live,International Polo Club Palm Beach,,USA,Aspen vs Palm Beach Equine,Unknown,,January 24. 2021,,,,Search Livestream,,,Group,Hector Galindo,Ylvisaker Cup,18,Julian Appleby,Ronnie Hayes,2021
Penalty 5b,2324300,30000,Chukka 2,Palm Beach Equine,Gringo Colombres,,,,,,,,,,Penalty 5b,,,,Live,International Polo Club Palm Beach,,USA,Aspen vs Palm Beach Equine,Unknown,,January 24. 2021,,,,Search Livestream,,,Group,Hector Galindo,Ylvisaker Cup,18,Julian Appleby,Ronnie Hayes,2021
Shot At Goal (6),2339400,35000,Chukka 2,Aspen,Keko Magrini,,,,Attacking 60,103;43,,,,,,,,,Live,International Polo Club Palm Beach,,USA,Aspen vs Palm Beach Equine,Unknown,,January 24. 2021,,,,Search Livestream,Shot At Goal,Wide,Group,Hector Galindo,Ylvisaker Cup,18,Julian Appleby,Ronnie Hayes,2021
Knock In (3),2386513,40000,Chukka 2,Palm Beach Equine,Gringo Colombres,,,,,,,,,,Knock In,,,,Live,International Polo Club Palm Beach,,USA,Aspen vs Palm Beach Equine,Unknown,,January 24. 2021,,,,Search Livestream,,,Group,Hector Galindo,Ylvisaker Cup,18,Julian Appleby,Ronnie Hayes,2021
Foul (5),2416900,25000,Chukka 2,Aspen,Ignacio Arlbervide,Foul,Penalty 5,Reaching,Defending Half,24;195,5;201,49;247,,,,,,,Live,International Polo Club Palm Beach,,USA,Aspen vs Palm Beach Equine,Unknown,,January 24. 2021,,,,Search Livestream,,,Group,Hector Galindo,Ylvisaker Cup,18,Julian Appleby,Ronnie Hayes,2021
Foul Received (4),2416900,25000,Chukka 2,Palm Beach Equine,Gringo Colombres,Foul Received,Penalty 5,Reaching,Attacking Half,121;107,,,,,,,,,Live,International Polo Club Palm Beach,,USA,Aspen vs Palm Beach Equine,Unknown,,January 24. 2021,,,,Search Livestream,,,Group,Hector Galindo,Ylvisaker Cup,18,Julian Appleby,Ronnie Hayes,2021
Foul (6),2465033,25000,Chukka 2,Aspen,Stewart Armstrong,Foul,Penalty 60 yards,Improper Procedure,Defending 60,83;227,129;174,103;222,,,,,,,Live,International Polo Club Palm Beach,,USA,Aspen vs Palm Beach Equine,Unknown,,January 24. 2021,,,,Search Livestream,,,Group,Hector Galindo,Ylvisaker Cup,18,Julian Appleby,Ronnie Hayes,2021
Penalty 5,2466513,30000,Chukka 2,Palm Beach Equine,Gringo Colombres,,,,,,,,,,Penalty 5,,,,Live,International Polo Club Palm Beach,,USA,Aspen vs Palm Beach Equine,Unknown,,January 24. 2021,,,,Search Livestream,,,Group,Hector Galindo,Ylvisaker Cup,18,Julian Appleby,Ronnie Hayes,2021
Penalty 60 yards (1),2568091,15000,Chukka 2,Palm Beach Equine,Gringo Colombres,,,,,,,,,,,,,,Live,International Polo Club Palm Beach,,USA,Aspen vs Palm Beach Equine,Unknown,,January 24. 2021,Penalty 60 yards,,Wide,Search Livestream,,,Group,Hector Galindo,Ylvisaker Cup,18,Julian Appleby,Ronnie Hayes,2021
Knock In (4),2590466,40000,Chukka 2,Aspen,Lucas James,,,,,,,,,,Knock In,,,,Live,International Polo Club Palm Beach,,USA,Aspen vs Palm Beach Equine,Unknown,,January 24. 2021,,,,Search Livestream,,,Group,Hector Galindo,Ylvisaker Cup,18,Julian Appleby,Ronnie Hayes,2021
Foul (7),2638491,25000,Chukka 2,Palm Beach Equine,Gringo Colombres,Foul,Penalty 5B,Blocking,Attacking 60,85;49,51;65,122;43,,,,,,,Live,International Polo Club Palm Beach,,USA,Aspen vs Palm Beach Equine,Unknown,,January 24. 2021,,,,Search Livestream,,,Group,Hector Galindo,Ylvisaker Cup,18,Julian Appleby,Ronnie Hayes,2021
Foul Received (5),2638491,25000,Chukka 2,Aspen,Keko Magrini,Foul Received,Penalty 5B,Blocking,Defending 60,64;252,,,,,,,,,Live,International Polo Club Palm Beach,,USA,Aspen vs Palm Beach Equine,Unknown,,January 24. 2021,,,,Search Livestream,,,Group,Hector Galindo,Ylvisaker Cup,18,Julian Appleby,Ronnie Hayes,2021
Penalty 5b (1),2699333,30000,Chukka 2,Aspen,Lucas James,,,,,,,,,,Penalty 5b,,,,Live,International Polo Club Palm Beach,,USA,Aspen vs Palm Beach Equine,Unknown,,January 24. 2021,,,,Search Livestream,,,Group,Hector Galindo,Ylvisaker Cup,18,Julian Appleby,Ronnie Hayes,2021
Foul (8),2714133,25000,Chukka 2,Aspen,Ignacio Arlbervide,Foul,Penalty 5,Riding Into Shot,Defending 60,51;253,18;247,62;206,,,,,,,Live,International Polo Club Palm Beach,,USA,Aspen vs Palm Beach Equine,Unknown,,January 24. 2021,,,,Search Livestream,,,Group,Hector Galindo,Ylvisaker Cup,18,Julian Appleby,Ronnie Hayes,2021
Foul Received (6),2714133,25000,Chukka 2,Palm Beach Equine,Gringo Colombres,Foul Received,Penalty 5,Riding Into Shot,Attacking 60,101;43,,,,,,,,,Live,International Polo Club Palm Beach,,USA,Aspen vs Palm Beach Equine,Unknown,,January 24. 2021,,,,Search Livestream,,,Group,Hector Galindo,Ylvisaker Cup,18,Julian Appleby,Ronnie Hayes,2021
Penalty 5 (1),2747666,30000,Chukka 2,Palm Beach Equine,Gringo Colombres,,,,,,,,,,Penalty 5,,,,Live,International Polo Club Palm Beach,,USA,Aspen vs Palm Beach Equine,Unknown,,January 24. 2021,,,,Search Livestream,,,Group,Hector Galindo,Ylvisaker Cup,18,Julian Appleby,Ronnie Hayes,2021
Foul (9),2785033,25000,Chukka 2,Palm Beach Equine,Robbie Bilbao,Foul,Penalty 30 yards,Crossing,Defending Half,18;206,40;168,96;174,,,,,,,Live,International Polo Club Palm Beach,,USA,Aspen vs Palm Beach Equine,Unknown,,January 24. 2021,,,,Search Livestream,,,Group,Hector Galindo,Ylvisaker Cup,18,Julian Appleby,Ronnie Hayes,2021
Foul Received (7),2785033,25000,Chukka 2,Aspen,Lucas James,Foul Received,Penalty 30 yards,Crossing,Attacking Half,123;80,,,,,,,,,Live,International Polo Club Palm Beach,,USA,Aspen vs Palm Beach Equine,Unknown,,January 24. 2021,,,,Search Livestream,,,Group,Hector Galindo,Ylvisaker Cup,18,Julian Appleby,Ronnie Hayes,2021
Goal Aspen (3),3001133,35000,Chukka 3,Aspen,Keko Magrini,,,,Attacking 30,76;2,,,Goal Aspen,,,,,,Live,International Polo Club Palm Beach,,USA,Aspen vs Palm Beach Equine,Unknown,,January 24. 2021,,,,Search Livestream,,,Group,Hector Galindo,Ylvisaker Cup,18,Julian Appleby,Ronnie Hayes,2021
Penalty 30 yards,3017800,15000,Chukka 3,Aspen,Keko Magrini,,,,,,,,,,,,,,Live,International Polo Club Palm Beach,,USA,Aspen vs Palm Beach Equine,Unknown,,January 24. 2021,Penalty 30 yards,,Goal,Search Livestream,,,Group,Hector Galindo,Ylvisaker Cup,18,Julian Appleby,Ronnie Hayes,2021
Throw-in (7),3057600,20000,Chukka 3,Palm Beach Equine,Gringo Colombres,,,,,,,,,Palm Beach Equine win throw-in,Throw-in,,,,Live,International Polo Club Palm Beach,,USA,Aspen vs Palm Beach Equine,Unknown,,January 24. 2021,,,,Search Livestream,,,Group,Hector Galindo,Ylvisaker Cup,18,Julian Appleby,Ronnie Hayes,2021
Foul (10),3082600,25000,Chukka 3,Palm Beach Equine,Costi Caset,Foul,Penalty 60 yards,Blocking,Attacking Half,119;134,40;112,119;122,,,,,,,Live,International Polo Club Palm Beach,,USA,Aspen vs Palm Beach Equine,Unknown,,January 24. 2021,,,,Search Livestream,,,Group,Hector Galindo,Ylvisaker Cup,18,Julian Appleby,Ronnie Hayes,2021
Foul Received (8),3082600,25000,Chukka 3,Aspen,Keko Magrini,Foul Received,Penalty 60 yards,Blocking,Defending Half,35;163,,,,,,,,,Live,International Polo Club Palm Beach,,USA,Aspen vs Palm Beach Equine,Unknown,,January 24. 2021,,,,Search Livestream,,,Group,Hector Galindo,Ylvisaker Cup,18,Julian Appleby,Ronnie Hayes,2021
Penalty 60 yards (2),3154300,15000,Chukka 3,Aspen,Keko Magrini,,,,,,,,,,,,,,Live,International Polo Club Palm Beach,,USA,Aspen vs Palm Beach Equine,Unknown,,January 24. 2021,Penalty 60 yards,,Blocked,Search Livestream,,,Group,Hector Galindo,Ylvisaker Cup,18,Julian Appleby,Ronnie Hayes,2021
Penalty Block,3164366,10000,Chukka 3,Palm Beach Equine,Costi Caset,,,,,,,,,,,,,,Live,International Polo Club Palm Beach,,USA,Aspen vs Palm Beach Equine,Unknown,,January 24. 2021,,Penalty Block,,Search Livestream,,,Group,Hector Galindo,Ylvisaker Cup,18,Julian Appleby,Ronnie Hayes,2021
Non Call (2),3172533,20000,Chukka 3,Team,,Non Call,,Reaching,,,,,,,,,,,Live,International Polo Club Palm Beach,,USA,Aspen vs Palm Beach Equine,Unknown,,January 24. 2021,,,,Search Livestream,,,Group,Hector Galindo,Ylvisaker Cup,18,Julian Appleby,Ronnie Hayes,2021
Non Call (3),3199333,20000,Chukka 3,Team,,Non Call,,Right of Way,,,,,,,,,,,Live,International Polo Club Palm Beach,,USA,Aspen vs Palm Beach Equine,Unknown,,January 24. 2021,,,,Search Livestream,,,Group,Hector Galindo,Ylvisaker Cup,18,Julian Appleby,Ronnie Hayes,2021
Shot At Goal (7),3212166,35000,Chukka 3,Aspen,Stewart Armstrong,,,,Attacking 60,107;45,,,,,,,,,Live,International Polo Club Palm Beach,,USA,Aspen vs Palm Beach Equine,Unknown,,January 24. 2021,,,,Search Livestream,Shot At Goal,Blocked,Group,Hector Galindo,Ylvisaker Cup,18,Julian Appleby,Ronnie Hayes,2021
Shot At Goal (8),3217966,35000,Chukka 3,Aspen,Stewart Armstrong,,,,Attacking 30,97;15,,,,,,,,,Live,International Polo Club Palm Beach,,USA,Aspen vs Palm Beach Equine,Unknown,,January 24. 2021,,,,Search Livestream,Shot At Goal,Blocked,Group,Hector Galindo,Ylvisaker Cup,18,Julian Appleby,Ronnie Hayes,2021
Non Call (4),3224966,20000,Chukka 3,Team,,Non Call,,Right of Way,,,,,,,,,,,Live,International Polo Club Palm Beach,,USA,Aspen vs Palm Beach Equine,Unknown,,January 24. 2021,,,,Search Livestream,,,Group,Hector Galindo,Ylvisaker Cup,18,Julian Appleby,Ronnie Hayes,2021
Shot Block (1),3241233,10000,Chukka 3,Palm Beach Equine,Robbie Bilbao,,,,,,,,,,,,,,Live,International Polo Club Palm Beach,,USA,Aspen vs Palm Beach Equine,Unknown,,January 24. 2021,,Shot Block,,Search Livestream,,,Group,Hector Galindo,Ylvisaker Cup,18,Julian Appleby,Ronnie Hayes,2021
Shot Block (2),3245800,10000,Chukka 3,Palm Beach Equine,Gringo Colombres,,,,,,,,,,,,,,Live,International Polo Club Palm Beach,,USA,Aspen vs Palm Beach Equine,Unknown,,January 24. 2021,,Shot Block,,Search Livestream,,,Group,Hector Galindo,Ylvisaker Cup,18,Julian Appleby,Ronnie Hayes,2021
Foul (11),3261766,25000,Chukka 3,Palm Beach Equine,Gringo Colombres,Foul,Penalty 5,Right of Way,Attacking Half,112;127,82;134,103;177,,,,,,,Live,International Polo Club Palm Beach,,USA,Aspen vs Palm Beach Equine,Unknown,,January 24. 2021,,,,Search Livestream,,,Group,Hector Galindo,Ylvisaker Cup,18,Julian Appleby,Ronnie Hayes,2021
Foul Received (9),3261766,25000,Chukka 3,Aspen,Stewart Armstrong,Foul Received,Penalty 5,Right of Way,Defending Half,37;175,,,,,,,,,Live,International Polo Club Palm Beach,,USA,Aspen vs Palm Beach Equine,Unknown,,January 24. 2021,,,,Search Livestream,,,Group,Hector Galindo,Ylvisaker Cup,18,Julian Appleby,Ronnie Hayes,2021
Penalty 5 (2),3368600,30000,Chukka 3,Aspen,Lucas James,,,,,,,,,,Penalty 5,,,,Live,International Polo Club Palm Beach,,USA,Aspen vs Palm Beach Equine,Unknown,,January 24. 2021,,,,Search Livestream,,,Group,Hector Galindo,Ylvisaker Cup,18,Julian Appleby,Ronnie Hayes,2021
Shot At Goal (9),3447833,35000,Chukka 3,Aspen,Lucas James,,,,Attacking Half,105;97,,,,,,,,,Live,International Polo Club Palm Beach,,USA,Aspen vs Palm Beach Equine,Unknown,,January 24. 2021,,,,Search Livestream,Shot At Goal,Wide,Group,Hector Galindo,Ylvisaker Cup,18,Julian Appleby,Ronnie Hayes,2021
Assist (4),3464800,25000,Chukka 3,Aspen,Keko Magrini,,,,,,,,,,,,Keko Magrini,Unsuccessful,Live,International Polo Club Palm Beach,,USA,Aspen vs Palm Beach Equine,Unknown,,January 24. 2021,,,,Search Livestream,,,Group,Hector Galindo,Ylvisaker Cup,18,Julian Appleby,Ronnie Hayes,2021
Knock In (5),3500466,40000,Chukka 3,Palm Beach Equine,Costi Caset,,,,,,,,,,Knock In,,,,Live,International Polo Club Palm Beach,,USA,Aspen vs Palm Beach Equine,Unknown,,January 24. 2021,,,,Search Livestream,,,Group,Hector Galindo,Ylvisaker Cup,18,Julian Appleby,Ronnie Hayes,2021
Foul (12),3510033,25000,Chukka 3,Aspen,Keko Magrini,Foul,Penalty 5B,Uneven Ride-Off,Attacking 60,17;61,12;84,60;121,,,,,,,Live,International Polo Club Palm Beach,,USA,Aspen vs Palm Beach Equine,Unknown,,January 24. 2021,,,,Search Livestream,,,Group,Hector Galindo,Ylvisaker Cup,18,Julian Appleby,Ronnie Hayes,2021
Foul Received (10),3510033,25000,Chukka 3,Palm Beach Equine,Costi Caset,Foul Received,Penalty 5B,Uneven Ride-Off,Defending 60,138;238,,,,,,,,,Live,International Polo Club Palm Beach,,USA,Aspen vs Palm Beach Equine,Unknown,,January 24. 2021,,,,Search Livestream,,,Group,Hector Galindo,Ylvisaker Cup,18,Julian Appleby,Ronnie Hayes,2021
Penalty 5b (2),3718033,30000,Chukka 3,Palm Beach Equine,Gringo Colombres,,,,,,,,,,Penalty 5b,,,,Live,International Polo Club Palm Beach,,USA,Aspen vs Palm Beach Equine,Unknown,,January 24. 2021,,,,Search Livestream,,,Group,Hector Galindo,Ylvisaker Cup,18,Julian Appleby,Ronnie Hayes,2021
Foul (13),3760200,25000,Chukka 3,Aspen,Stewart Armstrong,Foul,Penalty 30 yards,Blocking,Defending 30,113;274,139;281,83;271,,,,,,,Live,International Polo Club Palm Beach,,USA,Aspen vs Palm Beach Equine,Unknown,,January 24. 2021,,,,Search Livestream,,,Group,Hector Galindo,Ylvisaker Cup,18,Julian Appleby,Ronnie Hayes,2021
Foul Received (11),3760200,25000,Chukka 3,Palm Beach Equine,Costi Caset,Foul Received,Penalty 30 yards,Blocking,Attacking 30,27;12,,,,,,,,,Live,International Polo Club Palm Beach,,USA,Aspen vs Palm Beach Equine,Unknown,,January 24. 2021,,,,Search Livestream,,,Group,Hector Galindo,Ylvisaker Cup,18,Julian Appleby,Ronnie Hayes,2021
Goal Palm Beach Equine (2),3791266,35000,Chukka 3,Palm Beach Equine,Costi Caset,,,,Attacking 30,73;2,,,Goal Palm Beach Equine,,,,,,Live,International Polo Club Palm Beach,,USA,Aspen vs Palm Beach Equine,Unknown,,January 24. 2021,,,,Search Livestream,,,Group,Hector Galindo,Ylvisaker Cup,18,Julian Appleby,Ronnie Hayes,2021
Penalty 30 yards (1),3807933,15000,Chukka 3,Palm Beach Equine,Costi Caset,,,,,,,,,,,,,,Live,International Polo Club Palm Beach,,USA,Aspen vs Palm Beach Equine,Unknown,,January 24. 2021,Penalty 30 yards,,Goal,Search Livestream,,,Group,Hector Galindo,Ylvisaker Cup,18,Julian Appleby,Ronnie Hayes,2021
Throw-in (8),3844133,20000,Chukka 3,Aspen,Stewart Armstrong,,,,,,,,,Aspen win throw-in,Throw-in,,,,Live,International Polo Club Palm Beach,,USA,Aspen vs Palm Beach Equine,Unknown,,January 24. 2021,,,,Search Livestream,,,Group,Hector Galindo,Ylvisaker Cup,18,Julian Appleby,Ronnie Hayes,2021
Throw-in (9),4434766,20000,Chukka 4,Palm Beach Equine,Gringo Colombres,,,,,,,,,Palm Beach Equine win throw-in,Throw-in,,,,Live,International Polo Club Palm Beach,,USA,Aspen vs Palm Beach Equine,Unknown,,January 24. 2021,,,,Search Livestream,,,Group,Hector Galindo,Ylvisaker Cup,18,Julian Appleby,Ronnie Hayes,2021
Shot At Goal (10),4436666,35000,Chukka 4,Palm Beach Equine,Gringo Colombres,,,,Attacking 60,93;42,,,,,,,,,Live,International Polo Club Palm Beach,,USA,Aspen vs Palm Beach Equine,Unknown,,January 24. 2021,,,,Search Livestream,Shot At Goal,Goal,Group,Hector Galindo,Ylvisaker Cup,18,Julian Appleby,Ronnie Hayes,2021
Goal Palm Beach Equine (3),4439266,35000,Chukka 4,Palm Beach Equine,Gringo Colombres,,,,Attacking 30,76;2,,,Goal Palm Beach Equine,,,Goals,,,Live,International Polo Club Palm Beach,,USA,Aspen vs Palm Beach Equine,Unknown,,January 24. 2021,,,,Search Livestream,,,Group,Hector Galindo,Ylvisaker Cup,18,Julian Appleby,Ronnie Hayes,2021
Foul (14),4492333,25000,Chukka 4,Aspen,Lucas James,Foul,Reversed Call,Blocking,Attacking Half,49;125,96;176,77;138,,,,,,,Live,International Polo Club Palm Beach,,USA,Aspen vs Palm Beach Equine,Unknown,,January 24. 2021,,,,Search Livestream,,,Group,Hector Galindo,Ylvisaker Cup,18,Julian Appleby,Ronnie Hayes,2021
Foul Received (12),4492333,25000,Chukka 4,Palm Beach Equine,Gringo Colombres,Foul Received,Reversed Call,Blocking,Defending Half,104;176,,,,,,,,,Live,International Polo Club Palm Beach,,USA,Aspen vs Palm Beach Equine,Unknown,,January 24. 2021,,,,Search Livestream,,,Group,Hector Galindo,Ylvisaker Cup,18,Julian Appleby,Ronnie Hayes,2021
Throw-in (10),4496866,20000,Chukka 4,Aspen,Keko Magrini,,,,,,,,,Aspen win throw-in,Throw-in,,,,Live,International Polo Club Palm Beach,,USA,Aspen vs Palm Beach Equine,Unknown,,January 24. 2021,,,,Search Livestream,,,Group,Hector Galindo,Ylvisaker Cup,18,Julian Appleby,Ronnie Hayes,2021
Throw-in (11),4563602,20000,Chukka 4,Palm Beach Equine,Robbie Bilbao,,,,,,,,,Palm Beach Equine win throw-in,Throw-in,,,,Live,International Polo Club Palm Beach,,USA,Aspen vs Palm Beach Equine,Unknown,,January 24. 2021,,,,Search Livestream,,,Group,Hector Galindo,Ylvisaker Cup,18,Julian Appleby,Ronnie Hayes,2021
Foul (15),4605066,25000,Chukka 4,Aspen,Lucas James,Foul,Penalty 30 yards,1 Meeting 2,Defending 30,119;281,128;271,91;256,,,,,,,Live,International Polo Club Palm Beach,,USA,Aspen vs Palm Beach Equine,Unknown,,January 24. 2021,,,,Search Livestream,,,Group,Hector Galindo,Ylvisaker Cup,18,Julian Appleby,Ronnie Hayes,2021
Foul Received (13),4605066,25000,Chukka 4,Palm Beach Equine,Gringo Colombres,Foul Received,Penalty 30 yards,1 Meeting 2,Defending 30,120;283,,,,,,,,,Live,International Polo Club Palm Beach,,USA,Aspen vs Palm Beach Equine,Unknown,,January 24. 2021,,,,Search Livestream,,,Group,Hector Galindo,Ylvisaker Cup,18,Julian Appleby,Ronnie Hayes,2021
Goal Palm Beach Equine (4),4644966,35000,Chukka 4,Palm Beach Equine,Costi Caset,,,,Attacking 30,76;2,,,Goal Palm Beach Equine,,,,,,Live,International Polo Club Palm Beach,,USA,Aspen vs Palm Beach Equine,Unknown,,January 24. 2021,,,,Search Livestream,,,Group,Hector Galindo,Ylvisaker Cup,18,Julian Appleby,Ronnie Hayes,2021
Penalty 30 yards (2),4662766,15000,Chukka 4,Palm Beach Equine,Costi Caset,,,,,,,,,,,,,,Live,International Polo Club Palm Beach,,USA,Aspen vs Palm Beach Equine,Unknown,,January 24. 2021,Penalty 30 yards,,Goal,Search Livestream,,,Group,Hector Galindo,Ylvisaker Cup,18,Julian Appleby,Ronnie Hayes,2021
Throw-in (12),4704266,20000,Chukka 4,Palm Beach Equine,Gringo Colombres,,,,,,,,,Palm Beach Equine win throw-in,Throw-in,,,,Live,International Polo Club Palm Beach,,USA,Aspen vs Palm Beach Equine,Unknown,,January 24. 2021,,,,Search Livestream,,,Group,Hector Galindo,Ylvisaker Cup,18,Julian Appleby,Ronnie Hayes,2021
Shot At Goal (11),4727333,35000,Chukka 4,Palm Beach Equine,Gringo Colombres,,,,Attacking 60,87;48,,,,,,,,,Live,International Polo Club Palm Beach,,USA,Aspen vs Palm Beach Equine,Unknown,,January 24. 2021,,,,Search Livestream,Shot At Goal,Miss Hit,Group,Hector Galindo,Ylvisaker Cup,18,Julian Appleby,Ronnie Hayes,2021
Non Call (5),4731466,20000,Chukka 4,Team,,Non Call,,Right of Way,,,,,,,,,,,Live,International Polo Club Palm Beach,,USA,Aspen vs Palm Beach Equine,Unknown,,January 24. 2021,,,,Search Livestream,,,Group,Hector Galindo,Ylvisaker Cup,18,Julian Appleby,Ronnie Hayes,2021
Assist (5),4739667,25000,Chukka 4,Palm Beach Equine,Costi Caset,,,,,,,,,,,,Costi Caset,Unsuccessful,Live,International Polo Club Palm Beach,,USA,Aspen vs Palm Beach Equine,Unknown,,January 24. 2021,,,,Search Livestream,,,Group,Hector Galindo,Ylvisaker Cup,18,Julian Appleby,Ronnie Hayes,2021
Shot At Goal (12),4766366,35000,Chukka 4,Aspen,Keko Magrini,,,,Attacking 60,106;58,,,,,,,,,Live,International Polo Club Palm Beach,,USA,Aspen vs Palm Beach Equine,Unknown,,January 24. 2021,,,,Search Livestream,Shot At Goal,Goal,Group,Hector Galindo,Ylvisaker Cup,18,Julian Appleby,Ronnie Hayes,2021
Goal Aspen (4),4768566,35000,Chukka 4,Aspen,Keko Magrini,,,,Attacking 30,76;2,,,Goal Aspen,,,,,,Live,International Polo Club Palm Beach,,USA,Aspen vs Palm Beach Equine,Unknown,,January 24. 2021,,,,Search Livestream,,,Group,Hector Galindo,Ylvisaker Cup,18,Julian Appleby,Ronnie Hayes,2021
Non Call (6),4778466,20000,Chukka 4,Team,,Non Call,,Right of Way,,,,,,,,,,,Live,International Polo Club Palm Beach,,USA,Aspen vs Palm Beach Equine,Unknown,,January 24. 2021,,,,Search Livestream,,,Group,Hector Galindo,Ylvisaker Cup,18,Julian Appleby,Ronnie Hayes,2021
Shot At Goal (13),4813406,35000,Chukka 4,Aspen,Keko Magrini,,,,,,,,,,,,,,Live,International Polo Club Palm Beach,,USA,Aspen vs Palm Beach Equine,Unknown,,January 24. 2021,,,,Search Livestream,Shot At Goal,Goal,Group,Hector Galindo,Ylvisaker Cup,18,Julian Appleby,Ronnie Hayes,2021
Goal Aspen (5),4814166,35000,Chukka 4,Aspen,Keko Magrini,,,,Attacking 30,73;2,,,Goal Aspen,,,Goals,,,Live,International Polo Club Palm Beach,,USA,Aspen vs Palm Beach Equine,Unknown,,January 24. 2021,,,,Search Livestream,,,Group,Hector Galindo,Ylvisaker Cup,18,Julian Appleby,Ronnie Hayes,2021
Throw-in (13),4824506,20000,Chukka 4,Aspen,Keko Magrini,,,,,,,,,Aspen win throw-in,Throw-in,,,,Live,International Polo Club Palm Beach,,USA,Aspen vs Palm Beach Equine,Unknown,,January 24. 2021,,,,Search Livestream,,,Group,Hector Galindo,Ylvisaker Cup,18,Julian Appleby,Ronnie Hayes,2021
Throw-in (14),4874866,20000,Chukka 4,Aspen,Keko Magrini,,,,,,,,,Aspen win throw-in,Throw-in,,,,Live,International Polo Club Palm Beach,,USA,Aspen vs Palm Beach Equine,Unknown,,January 24. 2021,,,,Search Livestream,,,Group,Hector Galindo,Ylvisaker Cup,18,Julian Appleby,Ronnie Hayes,2021
Shot At Goal (14),4881833,35000,Chukka 4,Aspen,Stewart Armstrong,,,,Attacking 60,43;43,,,,,,,,,Live,International Polo Club Palm Beach,,USA,Aspen vs Palm Beach Equine,Unknown,,January 24. 2021,,,,Search Livestream,Shot At Goal,Blocked,Group,Hector Galindo,Ylvisaker Cup,18,Julian Appleby,Ronnie Hayes,2021
Non Call (7),4899366,20000,Chukka 4,Team,,Non Call,,Right of Way,,,,,,,,,,,Live,International Polo Club Palm Beach,,USA,Aspen vs Palm Beach Equine,Unknown,,January 24. 2021,,,,Search Livestream,,,Group,Hector Galindo,Ylvisaker Cup,18,Julian Appleby,Ronnie Hayes,2021
Shot Block (3),4907900,10000,Chukka 4,Palm Beach Equine,Scott Swerdlin,,,,,,,,,,,,,,Live,International Polo Club Palm Beach,,USA,Aspen vs Palm Beach Equine,Unknown,,January 24. 2021,,Shot Block,,Search Livestream,,,Group,Hector Galindo,Ylvisaker Cup,18,Julian Appleby,Ronnie Hayes,2021
Foul (16),4912033,25000,Chukka 4,Aspen,Lucas James,Foul,Penalty 5B,Right of Way,Attacking Half,25;79,32;20,75;62,,,,,,,Live,International Polo Club Palm Beach,,USA,Aspen vs Palm Beach Equine,Unknown,,January 24. 2021,,,,Search Livestream,,,Group,Hector Galindo,Ylvisaker Cup,18,Julian Appleby,Ronnie Hayes,2021
Foul Received (14),4912033,25000,Chukka 4,Palm Beach Equine,Costi Caset,Foul Received,Penalty 5B,Right of Way,Defending Half,121;215,,,,,,,,,Live,International Polo Club Palm Beach,,USA,Aspen vs Palm Beach Equine,Unknown,,January 24. 2021,,,,Search Livestream,,,Group,Hector Galindo,Ylvisaker Cup,18,Julian Appleby,Ronnie Hayes,2021
Penalty 5b (3),5036912,30000,Chukka 4,Palm Beach Equine,Gringo Colombres,,,,,,,,,,Penalty 5b,,,,Live,International Polo Club Palm Beach,,USA,Aspen vs Palm Beach Equine,Unknown,,January 24. 2021,,,,Search Livestream,,,Group,Hector Galindo,Ylvisaker Cup,18,Julian Appleby,Ronnie Hayes,2021
Foul (17),5092200,25000,Chukka 4,Aspen,Lucas James,Foul,Penalty 60 yards,Right of Way,Attacking Half,30;130,116;101,49;92,,,,,,,Live,International Polo Club Palm Beach,,USA,Aspen vs Palm Beach Equine,Unknown,,January 24. 2021,,,,Search Livestream,,,Group,Hector Galindo,Ylvisaker Cup,18,Julian Appleby,Ronnie Hayes,2021
Foul Received (15),5092200,25000,Chukka 4,Palm Beach Equine,Costi Caset,Foul Received,Penalty 60 yards,Right of Way,Defending Half,116;163,,,,,,,,,Live,International Polo Club Palm Beach,,USA,Aspen vs Palm Beach Equine,Unknown,,January 24. 2021,,,,Search Livestream,,,Group,Hector Galindo,Ylvisaker Cup,18,Julian Appleby,Ronnie Hayes,2021
Penalty 60 yards (3),5320333,15000,Chukka 5,Palm Beach Equine,Gringo Colombres,,,,,,,,,,,,,,Live,International Polo Club Palm Beach,,USA,Aspen vs Palm Beach Equine,Unknown,,January 24. 2021,Penalty 60 yards,,Blocked,Search Livestream,,,Group,Hector Galindo,Ylvisaker Cup,18,Julian Appleby,Ronnie Hayes,2021
Penalty Block (1),5327533,10000,Chukka 5,Aspen,Keko Magrini,,,,,,,,,,,,,,Live,International Polo Club Palm Beach,,USA,Aspen vs Palm Beach Equine,Unknown,,January 24. 2021,,Penalty Block,,Search Livestream,,,Group,Hector Galindo,Ylvisaker Cup,18,Julian Appleby,Ronnie Hayes,2021
Safety 60,5371600,15000,Chukka 5,Palm Beach Equine,Gringo Colombres,,,,,,,,,,,,,,Live,International Polo Club Palm Beach,,USA,Aspen vs Palm Beach Equine,Unknown,,January 24. 2021,Safety 60,,Wide,Search Livestream,,,Group,Hector Galindo,Ylvisaker Cup,18,Julian Appleby,Ronnie Hayes,2021
Knock In (6),5391833,40000,Chukka 5,Aspen,Lucas James,,,,,,,,,,Knock In,,,,Live,International Polo Club Palm Beach,,USA,Aspen vs Palm Beach Equine,Unknown,,January 24. 2021,,,,Search Livestream,,,Group,Hector Galindo,Ylvisaker Cup,18,Julian Appleby,Ronnie Hayes,2021
Shot At Goal (15),5394133,35000,Chukka 5,Palm Beach Equine,Costi Caset,,,,Attacking 30,76;22,,,,,,,,,Live,International Polo Club Palm Beach,,USA,Aspen vs Palm Beach Equine,Unknown,,January 24. 2021,,,,Search Livestream,Shot At Goal,Goal,Group,Hector Galindo,Ylvisaker Cup,18,Julian Appleby,Ronnie Hayes,2021
Goal Palm Beach Equine (5),5396633,35000,Chukka 5,Palm Beach Equine,Costi Caset,,,,Attacking 30,76;3,,,Goal Palm Beach Equine,,,,,,Live,International Polo Club Palm Beach,,USA,Aspen vs Palm Beach Equine,Unknown,,January 24. 2021,,,,Search Livestream,,,Group,Hector Galindo,Ylvisaker Cup,18,Julian Appleby,Ronnie Hayes,2021
Throw-in (15),5450237,20000,Chukka 5,Palm Beach Equine,Gringo Colombres,,,,,,,,,Palm Beach Equine win throw-in,Throw-in,,,,Live,International Polo Club Palm Beach,,USA,Aspen vs Palm Beach Equine,Unknown,,January 24. 2021,,,,Search Livestream,,,Group,Hector Galindo,Ylvisaker Cup,18,Julian Appleby,Ronnie Hayes,2021
Shot At Goal (16),5478266,35000,Chukka 5,Palm Beach Equine,Robbie Bilbao,,,,Attacking Half,102;94,,,,,,,,,Live,International Polo Club Palm Beach,,USA,Aspen vs Palm Beach Equine,Unknown,,January 24. 2021,,,,Search Livestream,Shot At Goal,Wide,Group,Hector Galindo,Ylvisaker Cup,18,Julian Appleby,Ronnie Hayes,2021
Assist (6),5494966,25000,Chukka 5,Palm Beach Equine,Costi Caset,,,,,,,,,,,,Costi Caset,Unsuccessful,Live,International Polo Club Palm Beach,,USA,Aspen vs Palm Beach Equine,Unknown,,January 24. 2021,,,,Search Livestream,,,Group,Hector Galindo,Ylvisaker Cup,18,Julian Appleby,Ronnie Hayes,2021
Shot At Goal (17),5527500,35000,Chukka 5,Palm Beach Equine,Costi Caset,,,,Attacking 30,71;22,,,,,,,,,Live,International Polo Club Palm Beach,,USA,Aspen vs Palm Beach Equine,Unknown,,January 24. 2021,,,,Search Livestream,Shot At Goal,Goal,Group,Hector Galindo,Ylvisaker Cup,18,Julian Appleby,Ronnie Hayes,2021
Knock In (7),5528933,40000,Chukka 5,Aspen,Stewart Armstrong,,,,,,,,,,Knock In,,,,Live,International Polo Club Palm Beach,,USA,Aspen vs Palm Beach Equine,Unknown,,January 24. 2021,,,,Search Livestream,,,Group,Hector Galindo,Ylvisaker Cup,18,Julian Appleby,Ronnie Hayes,2021
Goal Palm Beach Equine (6),5530700,35000,Chukka 5,Palm Beach Equine,Costi Caset,,,,Attacking 30,74;3,,,Goal Palm Beach Equine,,,,,,Live,International Polo Club Palm Beach,,USA,Aspen vs Palm Beach Equine,Unknown,,January 24. 2021,,,,Search Livestream,,,Group,Hector Galindo,Ylvisaker Cup,18,Julian Appleby,Ronnie Hayes,2021
Throw-in (16),5655233,20000,Chukka 5,Aspen,Keko Magrini,,,,,,,,,Aspen win throw-in,Throw-in,,,,Live,International Polo Club Palm Beach,,USA,Aspen vs Palm Beach Equine,Unknown,,January 24. 2021,,,,Search Livestream,,,Group,Hector Galindo,Ylvisaker Cup,18,Julian Appleby,Ronnie Hayes,2021
Shot At Goal (18),5690300,35000,Chukka 5,Aspen,Ignacio Arlbervide,,,,Attacking 60,111;40,,,,,,,,,Live,International Polo Club Palm Beach,,USA,Aspen vs Palm Beach Equine,Unknown,,January 24. 2021,,,,Search Livestream,Shot At Goal,Miss Hit,Group,Hector Galindo,Ylvisaker Cup,18,Julian Appleby,Ronnie Hayes,2021
Foul (18),5735833,25000,Chukka 5,Palm Beach Equine,Costi Caset,Foul,Penalty 1,Dangerous Riding,Defending 30,69;277,107;252,52;227,,,,,,,Live,International Polo Club Palm Beach,,USA,Aspen vs Palm Beach Equine,Unknown,,January 24. 2021,,,,Search Livestream,,,Group,Hector Galindo,Ylvisaker Cup,18,Julian Appleby,Ronnie Hayes,2021
Foul Received (16),5735833,25000,Chukka 5,Aspen,Lucas James,Foul Received,Penalty 1,Dangerous Riding,Attacking 30,72;16,,,,,,,,,Live,International Polo Club Palm Beach,,USA,Aspen vs Palm Beach Equine,Unknown,,January 24. 2021,,,,Search Livestream,,,Group,Hector Galindo,Ylvisaker Cup,18,Julian Appleby,Ronnie Hayes,2021
Collision (1),5743800,15000,Chukka 5,Palm Beach Equine,Costi Caset,,,,,,,,,,,,,,Live,International Polo Club Palm Beach,Collision,USA,Aspen vs Palm Beach Equine,Unknown,,January 24. 2021,,,,Search Livestream,,,Group,Hector Galindo,Ylvisaker Cup,18,Julian Appleby,Ronnie Hayes,2021
Goal Aspen (6),5886600,35000,Chukka 5,Aspen,Lucas James,,,,Attacking 30,77;3,,,Goal Aspen,,,,,,Live,International Polo Club Palm Beach,,USA,Aspen vs Palm Beach Equine,Unknown,,January 24. 2021,,,,Search Livestream,,,Group,Hector Galindo,Ylvisaker Cup,18,Julian Appleby,Ronnie Hayes,2021
Yellow Card,5906566,10000,Chukka 5,Palm Beach Equine,Costi Caset,Yellow Card,Penalty 60 yards,Dangerous Riding,,,,,,,,,,,Live,International Polo Club Palm Beach,,USA,Aspen vs Palm Beach Equine,Unknown,,January 24. 2021,,,,Search Livestream,,,Group,Hector Galindo,Ylvisaker Cup,18,Julian Appleby,Ronnie Hayes,2021
Penalty 1,5911366,10000,Chukka 5,Aspen,Lucas James,,,,,,,,,,,,,,Live,International Polo Club Palm Beach,,USA,Aspen vs Palm Beach Equine,Unknown,,January 24. 2021,Penalty 1,,Goal,Search Livestream,,,Group,Hector Galindo,Ylvisaker Cup,18,Julian Appleby,Ronnie Hayes,2021
Shot At Goal (19),5986000,35000,Chukka 5,Aspen,Ignacio Arlbervide,,,,Attacking 30,84;25,,,,,,,,,Live,International Polo Club Palm Beach,,USA,Aspen vs Palm Beach Equine,Unknown,,January 24. 2021,,,,Search Livestream,Shot At Goal,Miss Hit,Group,Hector Galindo,Ylvisaker Cup,18,Julian Appleby,Ronnie Hayes,2021
Shot At Goal (20),5990100,35000,Chukka 5,Aspen,Stewart Armstrong,,,,Attacking 30,105;11,,,,,,,,,Live,International Polo Club Palm Beach,,USA,Aspen vs Palm Beach Equine,Unknown,,January 24. 2021,,,,Search Livestream,Shot At Goal,Wide,Group,Hector Galindo,Ylvisaker Cup,18,Julian Appleby,Ronnie Hayes,2021
Penalty 60 yards (4),5998833,15000,Chukka 5,Aspen,Keko Magrini,,,,,,,,,,,,,,Live,International Polo Club Palm Beach,,USA,Aspen vs Palm Beach Equine,Unknown,,January 24. 2021,Penalty 60 yards,,Blocked,Search Livestream,,,Group,Hector Galindo,Ylvisaker Cup,18,Julian Appleby,Ronnie Hayes,2021
Penalty Block (2),6009166,10000,Chukka 5,Palm Beach Equine,Gringo Colombres,,,,,,,,,,,,,,Live,International Polo Club Palm Beach,,USA,Aspen vs Palm Beach Equine,Unknown,,January 24. 2021,,Penalty Block,,Search Livestream,,,Group,Hector Galindo,Ylvisaker Cup,18,Julian Appleby,Ronnie Hayes,2021
Knock In (8),6036465,40000,Chukka 5,Palm Beach Equine,Gringo Colombres,,,,,,,,,,Knock In,,,,Live,International Polo Club Palm Beach,,USA,Aspen vs Palm Beach Equine,Unknown,,January 24. 2021,,,,Search Livestream,,,Group,Hector Galindo,Ylvisaker Cup,18,Julian Appleby,Ronnie Hayes,2021
Shot At Goal (21),6048466,35000,Chukka 5,Aspen,Ignacio Arlbervide,,,,Attacking 30,85;16,,,,,,,,,Live,International Polo Club Palm Beach,,USA,Aspen vs Palm Beach Equine,Unknown,,January 24. 2021,,,,Search Livestream,Shot At Goal,Goal,Group,Hector Galindo,Ylvisaker Cup,18,Julian Appleby,Ronnie Hayes,2021
Goal Aspen (7),6050166,35000,Chukka 5,Aspen,Ignacio Arlbervide,,,,Attacking 30,73;2,,,Goal Aspen,,,,,,Live,International Polo Club Palm Beach,,USA,Aspen vs Palm Beach Equine,Unknown,,January 24. 2021,,,,Search Livestream,,,Group,Hector Galindo,Ylvisaker Cup,18,Julian Appleby,Ronnie Hayes,2021
Assist (7),6065166,25000,Chukka 5,Aspen,Keko Magrini,,,,,,,,,,,,Keko Magrini,Successful,Live,International Polo Club Palm Beach,,USA,Aspen vs Palm Beach Equine,Unknown,,January 24. 2021,,,,Search Livestream,,,Group,Hector Galindo,Ylvisaker Cup,18,Julian Appleby,Ronnie Hayes,2021
Throw-in (17),6104066,20000,Chukka 5,Aspen,Keko Magrini,,,,,,,,,Aspen win throw-in,Throw-in,,,,Live,International Polo Club Palm Beach,,USA,Aspen vs Palm Beach Equine,Unknown,,January 24. 2021,,,,Search Livestream,,,Group,Hector Galindo,Ylvisaker Cup,18,Julian Appleby,Ronnie Hayes,2021
Foul (19),6113166,25000,Chukka 5,Aspen,Keko Magrini,Foul,Penalty 60 yards,Turning,Defending Half,107;185,110;170,51;142,,,,,,,Live,International Polo Club Palm Beach,,USA,Aspen vs Palm Beach Equine,Unknown,,January 24. 2021,,,,Search Livestream,,,Group,Hector Galindo,Ylvisaker Cup,18,Julian Appleby,Ronnie Hayes,2021
Foul Received (17),6113166,25000,Chukka 5,Palm Beach Equine,Gringo Colombres,Foul Received,Penalty 60 yards,Turning,Attacking Half,44;102,,,,,,,,,Live,International Polo Club Palm Beach,,USA,Aspen vs Palm Beach Equine,Unknown,,January 24. 2021,,,,Search Livestream,,,Group,Hector Galindo,Ylvisaker Cup,18,Julian Appleby,Ronnie Hayes,2021
Goal Palm Beach Equine (7),6186833,35000,Chukka 5,Palm Beach Equine,Gringo Colombres,,,,Attacking 30,78;2,,,Goal Palm Beach Equine,,,,,,Live,International Polo Club Palm Beach,,USA,Aspen vs Palm Beach Equine,Unknown,,January 24. 2021,,,,Search Livestream,,,Group,Hector Galindo,Ylvisaker Cup,18,Julian Appleby,Ronnie Hayes,2021
Penalty 60 yards (5),6203066,15000,Chukka 5,Palm Beach Equine,Gringo Colombres,,,,,,,,,,,,,,Live,International Polo Club Palm Beach,,USA,Aspen vs Palm Beach Equine,Unknown,,January 24. 2021,Penalty 60 yards,,Goal,Search Livestream,,,Group,Hector Galindo,Ylvisaker Cup,18,Julian Appleby,Ronnie Hayes,2021
Throw-in (18),6442600,20000,Chukka 6,Palm Beach Equine,Gringo Colombres,,,,,,,,,Palm Beach Equine win throw-in,Throw-in,,,,Live,International Polo Club Palm Beach,,USA,Aspen vs Palm Beach Equine,Unknown,,January 24. 2021,,,,Search Livestream,,,Group,Hector Galindo,Ylvisaker Cup,18,Julian Appleby,Ronnie Hayes,2021
Foul (20),6447700,25000,Chukka 6,Palm Beach Equine,Robbie Bilbao,Foul,Penalty 40 yards,Right of Way,Defending Half,101;201,87;170,114;190,,,,,,,Live,International Polo Club Palm Beach,,USA,Aspen vs Palm Beach Equine,Unknown,,January 24. 2021,,,,Search Livestream,,,Group,Hector Galindo,Ylvisaker Cup,18,Julian Appleby,Ronnie Hayes,2021
Foul Received (18),6447700,25000,Chukka 6,Aspen,Ignacio Arlbervide,Foul Received,Penalty 40 yards,Right of Way,Attacking Half,51;102,,,,,,,,,Live,International Polo Club Palm Beach,,USA,Aspen vs Palm Beach Equine,Unknown,,January 24. 2021,,,,Search Livestream,,,Group,Hector Galindo,Ylvisaker Cup,18,Julian Appleby,Ronnie Hayes,2021
Penalty 40 yards (2),6511533,15000,Chukka 6,Aspen,Lucas James,,,,,,,,,,,,,,Live,International Polo Club Palm Beach,,USA,Aspen vs Palm Beach Equine,Unknown,,January 24. 2021,Penalty 40 yards,,Wide,Search Livestream,,,Group,Hector Galindo,Ylvisaker Cup,18,Julian Appleby,Ronnie Hayes,2021
Knock In (9),6530091,40000,Chukka 6,Palm Beach Equine,Gringo Colombres,,,,,,,,,,Knock In,,,,Live,International Polo Club Palm Beach,,USA,Aspen vs Palm Beach Equine,Unknown,Robbie Bilbao,January 24. 2021,,,,Search Livestream,,,Group,Hector Galindo,Ylvisaker Cup,18,Julian Appleby,Ronnie Hayes,2021
Shot At Goal (22),6535166,35000,Chukka 6,Palm Beach Equine,Robbie Bilbao,,,,Attacking 60,38;65,,,,,,,,,Live,International Polo Club Palm Beach,,USA,Aspen vs Palm Beach Equine,Unknown,,January 24. 2021,,,,Search Livestream,Shot At Goal,Miss Hit,Group,Hector Galindo,Ylvisaker Cup,18,Julian Appleby,Ronnie Hayes,2021
Foul (21),6560500,25000,Chukka 6,Palm Beach Equine,Costi Caset,Foul,Penalty 5B,Cross/High Hook,Attacking 60,23;63,143;90,74;57,,,,,,,Live,International Polo Club Palm Beach,,USA,Aspen vs Palm Beach Equine,Unknown,,January 24. 2021,,,,Search Livestream,,,Group,Hector Galindo,Ylvisaker Cup,18,Julian Appleby,Ronnie Hayes,2021
Foul Received (19),6560500,25000,Chukka 6,Aspen,Ignacio Arlbervide,Foul Received,Penalty 5B,Cross/High Hook,Defending 60,123;229,,,,,,,,,Live,International Polo Club Palm Beach,,USA,Aspen vs Palm Beach Equine,Unknown,,January 24. 2021,,,,Search Livestream,,,Group,Hector Galindo,Ylvisaker Cup,18,Julian Appleby,Ronnie Hayes,2021
Penalty 5b (4),6623766,30000,Chukka 6,Aspen,Lucas James,,,,,,,,,,Penalty 5b,,,,Live,International Polo Club Palm Beach,,USA,Aspen vs Palm Beach Equine,Unknown,,January 24. 2021,,,,Search Livestream,,,Group,Hector Galindo,Ylvisaker Cup,18,Julian Appleby,Ronnie Hayes,2021
Foul (22),6633000,25000,Chukka 6,Palm Beach Equine,Costi Caset,Foul,Penalty 60 yards,Right of Way,Defending Half,48;206,47;209,111;252,,,,,,,Live,International Polo Club Palm Beach,,USA,Aspen vs Palm Beach Equine,Unknown,,January 24. 2021,,,,Search Livestream,,,Group,Hector Galindo,Ylvisaker Cup,18,Julian Appleby,Ronnie Hayes,2021
Foul Received (20),6633000,25000,Chukka 6,Aspen,Ignacio Arlbervide,Foul Received,Penalty 60 yards,Right of Way,Attacking Half,101;92,,,,,,,,,Live,International Polo Club Palm Beach,,USA,Aspen vs Palm Beach Equine,Unknown,,January 24. 2021,,,,Search Livestream,,,Group,Hector Galindo,Ylvisaker Cup,18,Julian Appleby,Ronnie Hayes,2021
Goal Aspen (8),6688200,35000,Chukka 6,Aspen,Lucas James,,,,Attacking 30,74;1,,,Goal Aspen,,,,,,Live,International Polo Club Palm Beach,,USA,Aspen vs Palm Beach Equine,Unknown,,January 24. 2021,,,,Search Livestream,,,Group,Hector Galindo,Ylvisaker Cup,18,Julian Appleby,Ronnie Hayes,2021
Penalty 60 yards (6),6705333,15000,Chukka 6,Aspen,Lucas James,,,,,,,,,,,,,,Live,International Polo Club Palm Beach,,USA,Aspen vs Palm Beach Equine,Unknown,,January 24. 2021,Penalty 60 yards,,Goal,Search Livestream,,,Group,Hector Galindo,Ylvisaker Cup,18,Julian Appleby,Ronnie Hayes,2021
Throw-in (19),6737893,20000,Chukka 6,Palm Beach Equine,Robbie Bilbao,,,,,,,,,Palm Beach Equine win throw-in,Throw-in,,,,Live,International Polo Club Palm Beach,,USA,Aspen vs Palm Beach Equine,Unknown,,January 24. 2021,,,,Search Livestream,,,Group,Hector Galindo,Ylvisaker Cup,18,Julian Appleby,Ronnie Hayes,2021
Foul (23),6750533,25000,Chukka 6,Aspen,Ignacio Arlbervide,Foul,Penalty 40 yards,Cross/High Hook,Defending 60,123;229,141;215,92;175,,,,,,,Live,International Polo Club Palm Beach,,USA,Aspen vs Palm Beach Equine,Unknown,,January 24. 2021,,,,Search Livestream,,,Group,Hector Galindo,Ylvisaker Cup,18,Julian Appleby,Ronnie Hayes,2021
Foul Received (21),6750533,25000,Chukka 6,Palm Beach Equine,Gringo Colombres,Foul Received,Penalty 40 yards,Cross/High Hook,Attacking 60,21;67,,,,,,,,,Live,International Polo Club Palm Beach,,USA,Aspen vs Palm Beach Equine,Unknown,,January 24. 2021,,,,Search Livestream,,,Group,Hector Galindo,Ylvisaker Cup,18,Julian Appleby,Ronnie Hayes,2021
Penalty 40 yards (3),6803433,15000,Chukka 6,Palm Beach Equine,Costi Caset,,,,,,,,,,,,,,Live,International Polo Club Palm Beach,,USA,Aspen vs Palm Beach Equine,Unknown,,January 24. 2021,Penalty 40 yards,,Wide,Search Livestream,,,Group,Hector Galindo,Ylvisaker Cup,18,Julian Appleby,Ronnie Hayes,2021
Shot At Goal (23),6820933,35000,Chukka 6,Palm Beach Equine,Gringo Colombres,,,,Attacking 30,81;24,,,,,,,,,Live,International Polo Club Palm Beach,,USA,Aspen vs Palm Beach Equine,Unknown,,January 24. 2021,,,,Search Livestream,Shot At Goal,Blocked,Group,Hector Galindo,Ylvisaker Cup,18,Julian Appleby,Ronnie Hayes,2021
Knock In (10),6824233,40000,Chukka 6,Aspen,Lucas James,,,,,,,,,,Knock In,,,,Live,International Polo Club Palm Beach,,USA,Aspen vs Palm Beach Equine,Unknown,,January 24. 2021,,,,Search Livestream,,,Group,Hector Galindo,Ylvisaker Cup,18,Julian Appleby,Ronnie Hayes,2021
Shot Block (4),6848000,10000,Chukka 6,Aspen,Keko Magrini,,,,,,,,,,,,,,Live,International Polo Club Palm Beach,,USA,Aspen vs Palm Beach Equine,Unknown,,January 24. 2021,,Shot Block,,Search Livestream,,,Group,Hector Galindo,Ylvisaker Cup,18,Julian Appleby,Ronnie Hayes,2021
Shot At Goal (24),6871300,35000,Chukka 6,Aspen,Ignacio Arlbervide,,,,Attacking 30,78;13,,,,,,,,,Live,International Polo Club Palm Beach,,USA,Aspen vs Palm Beach Equine,Unknown,,January 24. 2021,,,,Search Livestream,Shot At Goal,Goal,Group,Hector Galindo,Ylvisaker Cup,18,Julian Appleby,Ronnie Hayes,2021
Goal Aspen (9),6873100,35000,Chukka 6,Aspen,Ignacio Arlbervide,,,,Attacking 30,75;1,,,Goal Aspen,,,,,,Live,International Polo Club Palm Beach,,USA,Aspen vs Palm Beach Equine,Unknown,,January 24. 2021,,,,Search Livestream,,,Group,Hector Galindo,Ylvisaker Cup,18,Julian Appleby,Ronnie Hayes,2021
Throw-in (20),6931947,20000,Chukka 6,Palm Beach Equine,Gringo Colombres,,,,,,,,,Palm Beach Equine win throw-in,Throw-in,,,,Live,International Polo Club Palm Beach,,USA,Aspen vs Palm Beach Equine,Unknown,,January 24. 2021,,,,Search Livestream,,,Group,Hector Galindo,Ylvisaker Cup,18,Julian Appleby,Ronnie Hayes,2021
Foul (24),6946566,25000,Chukka 6,Palm Beach Equine,Costi Caset,Foul,Penalty 5,Dangerous Riding,Attacking 60,146;51,146;83,89;51,,,,,,,Live,International Polo Club Palm Beach,,USA,Aspen vs Palm Beach Equine,Unknown,,January 24. 2021,,,,Search Livestream,,,Group,Hector Galindo,Ylvisaker Cup,18,Julian Appleby,Ronnie Hayes,2021
Foul Received (22),6946566,25000,Chukka 6,Aspen,Keko Magrini,Foul Received,Penalty 5,Dangerous Riding,Defending 60,3;251,,,,,,,,,Live,International Polo Club Palm Beach,,USA,Aspen vs Palm Beach Equine,Unknown,,January 24. 2021,,,,Search Livestream,,,Group,Hector Galindo,Ylvisaker Cup,18,Julian Appleby,Ronnie Hayes,2021
Penalty 5 (3),6991533,30000,Chukka 6,Aspen,Lucas James,,,,,,,,,,Penalty 5,,,,Live,International Polo Club Palm Beach,,USA,Aspen vs Palm Beach Equine,Unknown,,January 24. 2021,,,,Search Livestream,,,Group,Hector Galindo,Ylvisaker Cup,18,Julian Appleby,Ronnie Hayes,2021
Shot At Goal (25),7023366,35000,Chukka 6,Palm Beach Equine,Costi Caset,,,,Attacking 60,78;40,,,,,,,,,Live,International Polo Club Palm Beach,,USA,Aspen vs Palm Beach Equine,Unknown,,January 24. 2021,,,,Search Livestream,Shot At Goal,Wide,Group,Hector Galindo,Ylvisaker Cup,18,Julian Appleby,Ronnie Hayes,2021
Assist (8),7039766,25000,Chukka 6,Palm Beach Equine,Scott Swerdlin,,,,,,,,,,,,Scott Swerdlin,Unsuccessful,Live,International Polo Club Palm Beach,,USA,Aspen vs Palm Beach Equine,Unknown,,January 24. 2021,,,,Search Livestream,,,Group,Hector Galindo,Ylvisaker Cup,18,Julian Appleby,Ronnie Hayes,2021
Knock In (11),7070900,40000,Chukka 6,Aspen,Lucas James,,,,,,,,,,Knock In,,,,Live,International Polo Club Palm Beach,,USA,Aspen vs Palm Beach Equine,Unknown,Stewart Armstrong,January 24. 2021,,,,Search Livestream,,,Group,Hector Galindo,Ylvisaker Cup,18,Julian Appleby,Ronnie Hayes,2021
Foul (25),7087533,25000,Chukka 6,Palm Beach Equine,Robbie Bilbao,Foul,Penalty 5,Riding Into Shot,Attacking Half,78;122,45;88,99;112,,,,,,,Live,International Polo Club Palm Beach,,USA,Aspen vs Palm Beach Equine,Unknown,,January 24. 2021,,,,Search Livestream,,,Group,Hector Galindo,Ylvisaker Cup,18,Julian Appleby,Ronnie Hayes,2021
Foul Received (23),7087533,25000,Chukka 6,Aspen,Ignacio Arlbervide,Foul Received,Penalty 5,Riding Into Shot,Defending Half,60;180,,,,,,,,,Live,International Polo Club Palm Beach,,USA,Aspen vs Palm Beach Equine,Unknown,,January 24. 2021,,,,Search Livestream,,,Group,Hector Galindo,Ylvisaker Cup,18,Julian Appleby,Ronnie Hayes,2021
Penalty 5 (4),7144400,30000,Chukka 6,Aspen,Lucas James,,,,,,,,,,Penalty 5,,,,Live,International Polo Club Palm Beach,,USA,Aspen vs Palm Beach Equine,Unknown,,January 24. 2021,,,,Search Livestream,,,Group,Hector Galindo,Ylvisaker Cup,18,Julian Appleby,Ronnie Hayes,2021