Assist,Assist Outcome,Camera Angle,Chukka,Club,Country,Duration,Foul,Foul Outcome,Foul Type,Game,General Field Area,Goal,Highlight Reel,Instant Replay Official,Knock-in Player 2,Location,Match Date,Name,Penalties,Penalty Block,Penalty Outcome,Player,Position,Search Event,Set Play,Shot At Goal,Shot At Goal Outcome,Stage,Team,Third Umpire,Throw-in Outcome,Tournament,Tournament Handicap,Umpire 1,Umpire 2,Umpire Focal,Umpire Trailing,Year
,,Live,Chukka 1,International Polo Club Palm Beach,USA,6000,,,,Beverly Polo vs Aspen,,Handicap Goal Beverly Polo,,Unknown,,,January 20. 2021,Handicap Goal Beverly Polo (1),,,,,199800,Search Livestream,,,,Group,Beverly Polo,Horton Schwartz,,Ylvisaker Cup,18,Kimo Huddleston,Ronnie Hayes,,,2021
,,Live,Chukka 1,International Polo Club Palm Beach,USA,6000,,,,Beverly Polo vs Aspen,,Handicap Goal Beverly Polo,,Unknown,,,January 20. 2021,Handicap Goal Beverly Polo,,,,,199800,Search Livestream,,,,Group,Beverly Polo,Horton Schwartz,,Ylvisaker Cup,18,Kimo Huddleston,Ronnie Hayes,,,2021
,,Live,Chukka 1,International Polo Club Palm Beach,USA,20000,,,,Beverly Polo vs Aspen,,,,Unknown,,,January 20. 2021,Throw-in (16),,,,Hilario Figueras,203700,Search Livestream,Throw-in,,,Group,Beverly Polo,Horton Schwartz,Beverly Polo win throw-in,Ylvisaker Cup,18,Kimo Huddleston,Ronnie Hayes,,,2021
,,Live,Chukka 1,International Polo Club Palm Beach,USA,25000,Foul Received,Penalty 5,Right of Way,Beverly Polo vs Aspen,Defending Half,,,Unknown,,15;188,January 20. 2021,Foul Received (10),,,,Lucas James,221766,Search Livestream,,,,Group,Aspen,Horton Schwartz,,Ylvisaker Cup,18,Kimo Huddleston,Ronnie Hayes,,,2021
,,Live,Chukka 1,International Polo Club Palm Beach,USA,25000,Foul,Penalty 5,Right of Way,Beverly Polo vs Aspen,Attacking Half,,,Unknown,,128;104,January 20. 2021,Foul,,,,Peke Gonzalez,221766,Search Livestream,,,,Group,Beverly Polo,Horton Schwartz,,Ylvisaker Cup,18,Kimo Huddleston,Ronnie Hayes,146;102,103;113,2021
,,Live,Chukka 1,International Polo Club Palm Beach,USA,30000,,,,Beverly Polo vs Aspen,,,,Unknown,,,January 20. 2021,Penalty 5,,,,Stewart Armstrong,257885,Search Livestream,Penalty 5,,,Group,Aspen,Horton Schwartz,,Ylvisaker Cup,18,Kimo Huddleston,Ronnie Hayes,,,2021
,,Live,Chukka 1,International Polo Club Palm Beach,USA,20000,Non Call,,Right of Way,Beverly Polo vs Aspen,,,,Unknown,,,January 20. 2021,Non Call (7),,,,,282833,Search Livestream,,,,Group,Team,Horton Schwartz,,Ylvisaker Cup,18,Kimo Huddleston,Ronnie Hayes,,,2021
,,Live,Chukka 1,International Polo Club Palm Beach,USA,25000,Foul Received,Penalty 5,Riding Into Shot,Beverly Polo vs Aspen,Defending Half,,,Unknown,,143;183,January 20. 2021,Foul Received (11),,,,Stewart Armstrong,306500,Search Livestream,,,,Group,Aspen,Horton Schwartz,,Ylvisaker Cup,18,Kimo Huddleston,Ronnie Hayes,,,2021
,,Live,Chukka 1,International Polo Club Palm Beach,USA,25000,Foul,Penalty 5,Riding Into Shot,Beverly Polo vs Aspen,Attacking Half,,,Unknown,,9;121,January 20. 2021,Foul (1),,,,Hilario Figueras,306500,Search Livestream,,,,Group,Beverly Polo,Horton Schwartz,,Ylvisaker Cup,18,Kimo Huddleston,Ronnie Hayes,8;118,51;103,2021
,,Live,Chukka 1,International Polo Club Palm Beach,USA,30000,,,,Beverly Polo vs Aspen,,,,Unknown,,,January 20. 2021,Penalty 5 (1),,,,Lucas James,342666,Search Livestream,Penalty 5,,,Group,Aspen,Horton Schwartz,,Ylvisaker Cup,18,Kimo Huddleston,Ronnie Hayes,,,2021
,,Live,Chukka 1,International Polo Club Palm Beach,USA,35000,,,,Beverly Polo vs Aspen,Attacking 30,,,Unknown,,83;20,January 20. 2021,Shot At Goal (24),,,,Bill Ballhaus,388566,Search Livestream,,Shot At Goal,Wide,Group,Beverly Polo,Horton Schwartz,,Ylvisaker Cup,18,Kimo Huddleston,Ronnie Hayes,,,2021
Hilario Figueras,Unsuccessful,Live,Chukka 1,International Polo Club Palm Beach,USA,25000,,,,Beverly Polo vs Aspen,,,,Unknown,,,January 20. 2021,Assist (10),,,,Hilario Figueras,403566,Search Livestream,,,,Group,Beverly Polo,Horton Schwartz,,Ylvisaker Cup,18,Kimo Huddleston,Ronnie Hayes,,,2021
,,Live,Chukka 1,International Polo Club Palm Beach,USA,20000,Non Call,,Right of Way,Beverly Polo vs Aspen,,,,Unknown,,,January 20. 2021,Non Call (8),,,,,409366,Search Livestream,,,,Group,Team,Horton Schwartz,,Ylvisaker Cup,18,Kimo Huddleston,Ronnie Hayes,,,2021
,,Live,Chukka 1,International Polo Club Palm Beach,USA,25000,Foul Received,Penalty 60 yards,Right of Way,Beverly Polo vs Aspen,Attacking Half,,,Unknown,,17;102,January 20. 2021,Foul Received (12),,,,Ignacio Arlbervide,445633,Search Livestream,,,,Group,Aspen,Horton Schwartz,,Ylvisaker Cup,18,Kimo Huddleston,Ronnie Hayes,,,2021
,,Live,Chukka 1,International Polo Club Palm Beach,USA,25000,Foul,Penalty 60 yards,Right of Way,Beverly Polo vs Aspen,Defending Half,,,Unknown,,126;199,January 20. 2021,Foul (2),,,,Tolito Ocampo,445633,Search Livestream,,,,Group,Beverly Polo,Horton Schwartz,,Ylvisaker Cup,18,Kimo Huddleston,Ronnie Hayes,146;208,91;211,2021
,,Live,Chukka 1,International Polo Club Palm Beach,USA,35000,,,,Beverly Polo vs Aspen,Defending Half,Goal Aspen,,Unknown,,129;209,January 20. 2021,Goal Aspen (8),,,,Lucas James,488300,Search Livestream,,,,Group,Aspen,Horton Schwartz,,Ylvisaker Cup,18,Kimo Huddleston,Ronnie Hayes,,,2021
,,Live,Chukka 1,International Polo Club Palm Beach,USA,15000,,,,Beverly Polo vs Aspen,,,,Unknown,,,January 20. 2021,Penalty 60 yards (2),Penalty 60 yards,,Goal,Lucas James,504400,Search Livestream,,,,Group,Aspen,Horton Schwartz,,Ylvisaker Cup,18,Kimo Huddleston,Ronnie Hayes,,,2021
,,Live,Chukka 1,International Polo Club Palm Beach,USA,20000,,,,Beverly Polo vs Aspen,,,,Unknown,,,January 20. 2021,Throw-in (17),,,,Keko Magrini,545900,Search Livestream,Throw-in,,,Group,Aspen,Horton Schwartz,Aspen win throw-in,Ylvisaker Cup,18,Kimo Huddleston,Ronnie Hayes,,,2021
,,Live,Chukka 1,International Polo Club Palm Beach,USA,35000,,,,Beverly Polo vs Aspen,Attacking 30,,,Unknown,,77;13,January 20. 2021,Shot At Goal (25),,,,Keko Magrini,553033,Search Livestream,,Shot At Goal,Goal,Group,Aspen,Horton Schwartz,,Ylvisaker Cup,18,Kimo Huddleston,Ronnie Hayes,,,2021
,,Live,Chukka 1,International Polo Club Palm Beach,USA,35000,,,,Beverly Polo vs Aspen,Attacking 30,Goal Aspen,,Unknown,,77;4,January 20. 2021,Goal Aspen (9),,,,Keko Magrini,553700,Search Livestream,,,,Group,Aspen,Horton Schwartz,,Ylvisaker Cup,18,Kimo Huddleston,Ronnie Hayes,,,2021
Lucas James,Successful,Live,Chukka 1,International Polo Club Palm Beach,USA,25000,,,,Beverly Polo vs Aspen,,,,Unknown,,,January 20. 2021,Assist (11),,,,Lucas James,569733,Search Livestream,,,,Group,Aspen,Horton Schwartz,,Ylvisaker Cup,18,Kimo Huddleston,Ronnie Hayes,,,2021
,,Live,Chukka 1,International Polo Club Palm Beach,USA,20000,,,,Beverly Polo vs Aspen,,,,Unknown,,,January 20. 2021,Throw-in (18),,,,Ignacio Arlbervide,617633,Search Livestream,Throw-in,,,Group,Aspen,Horton Schwartz,Aspen win throw-in,Ylvisaker Cup,18,Kimo Huddleston,Ronnie Hayes,,,2021
,,Live,Chukka 1,International Polo Club Palm Beach,USA,30000,,,,Beverly Polo vs Aspen,,,,Unknown,,,January 20. 2021,Penalty 5b (5),,,,Hilario Figueras,701000,Search Livestream,Penalty 5b,,,Group,Beverly Polo,Horton Schwartz,,Ylvisaker Cup,18,Kimo Huddleston,Ronnie Hayes,,,2021
,,Live,Chukka 1,International Polo Club Palm Beach,USA,25000,Foul,Penalty 30 yards,Right of Way,Beverly Polo vs Aspen,Defending 30,,,Unknown,,105;271,January 20. 2021,Foul (3),,,,Stewart Armstrong,704233,Search Livestream,,,,Group,Aspen,Horton Schwartz,,Ylvisaker Cup,18,Kimo Huddleston,Ronnie Hayes,139;254,104;220,2021
,,Live,Chukka 1,International Polo Club Palm Beach,USA,25000,Foul Received,Penalty 30 yards,Right of Way,Beverly Polo vs Aspen,Attacking 30,,,Unknown,,44;17,January 20. 2021,Foul Received (13),,,,Peke Gonzalez,704233,Search Livestream,,,,Group,Beverly Polo,Horton Schwartz,,Ylvisaker Cup,18,Kimo Huddleston,Ronnie Hayes,,,2021
,,Live,Chukka 1,International Polo Club Palm Beach,USA,35000,,,,Beverly Polo vs Aspen,Attacking 30,Goal Beverly Polo,,Unknown,,73;2,January 20. 2021,Goal Beverly Polo,,,,Hilario Figueras,735366,Search Livestream,,,,Group,Beverly Polo,Horton Schwartz,,Ylvisaker Cup,18,Kimo Huddleston,Ronnie Hayes,,,2021
,,Live,Chukka 1,International Polo Club Palm Beach,USA,15000,,,,Beverly Polo vs Aspen,,,,Unknown,,,January 20. 2021,Penalty 30 yards (1),Penalty 30 yards,,Goal,Hilario Figueras,753933,Search Livestream,,,,Group,Beverly Polo,Horton Schwartz,,Ylvisaker Cup,18,Kimo Huddleston,Ronnie Hayes,,,2021
,,Live,Chukka 1,International Polo Club Palm Beach,USA,20000,,,,Beverly Polo vs Aspen,,,,Unknown,,,January 20. 2021,Throw-in (19),,,,Hilario Figueras,801833,Search Livestream,Throw-in,,,Group,Beverly Polo,Horton Schwartz,Beverly Polo win throw-in,Ylvisaker Cup,18,Kimo Huddleston,Ronnie Hayes,,,2021
,,Live,Chukka 1,International Polo Club Palm Beach,USA,20000,Non Call,,Right of Way,Beverly Polo vs Aspen,,,,Unknown,,,January 20. 2021,Non Call (9),,,,,832166,Search Livestream,,,,Group,Team,Horton Schwartz,,Ylvisaker Cup,18,Kimo Huddleston,Ronnie Hayes,,,2021
,,Live,Chukka 1,International Polo Club Palm Beach,USA,25000,Foul,Penalty 30 yards,Right of Way,Beverly Polo vs Aspen,Defending 30,,,Unknown,,57;277,January 20. 2021,Foul (4),,,,Ignacio Arlbervide,847200,Search Livestream,,,,Group,Aspen,Horton Schwartz,,Ylvisaker Cup,18,Kimo Huddleston,Ronnie Hayes,103;234,57;244,2021
,,Live,Chukka 1,International Polo Club Palm Beach,USA,25000,Foul Received,Penalty 30 yards,Right of Way,Beverly Polo vs Aspen,Attacking 30,,,Unknown,,89;18,January 20. 2021,Foul Received (14),,,,Hilario Figueras,847200,Search Livestream,,,,Group,Beverly Polo,Horton Schwartz,,Ylvisaker Cup,18,Kimo Huddleston,Ronnie Hayes,,,2021
,,Live,Chukka 1,International Polo Club Palm Beach,USA,35000,,,,Beverly Polo vs Aspen,Attacking 30,Goal Beverly Polo,,Unknown,,73;2,January 20. 2021,Goal Beverly Polo (1),,,,Hilario Figueras,865700,Search Livestream,,,,Group,Beverly Polo,Horton Schwartz,,Ylvisaker Cup,18,Kimo Huddleston,Ronnie Hayes,,,2021
,,Live,Chukka 1,International Polo Club Palm Beach,USA,10000,,,,Beverly Polo vs Aspen,,,,Unknown,,,January 20. 2021,Penalty 30 yards Spot (2),Penalty 30 yards Spot,,Goal,Hilario Figueras,887766,Search Livestream,,,,Group,Beverly Polo,Horton Schwartz,,Ylvisaker Cup,18,Kimo Huddleston,Ronnie Hayes,,,2021
,,Live,Chukka 2,International Polo Club Palm Beach,USA,25000,Foul,Penalty 30 yards,Right of Way,Beverly Polo vs Aspen,Defending 30,,,Unknown,,89;280,January 20. 2021,Foul (5),,,,Lucas James,1144733,Search Livestream,,,,Group,Aspen,Horton Schwartz,,Ylvisaker Cup,18,Kimo Huddleston,Ronnie Hayes,,,2021
,,Live,Chukka 2,International Polo Club Palm Beach,USA,25000,Foul Received,Penalty 30 yards,Right of Way,Beverly Polo vs Aspen,Attacking 30,,,Unknown,,64;16,January 20. 2021,Foul Received,,,,Hilario Figueras,1144733,Search Livestream,,,,Group,Beverly Polo,Horton Schwartz,,Ylvisaker Cup,18,Kimo Huddleston,Ronnie Hayes,,,2021
,,Live,Chukka 2,International Polo Club Palm Beach,USA,20000,,,,Beverly Polo vs Aspen,,,,Unknown,,,January 20. 2021,Throw-in,,,,Tolito Ocampo,1152000,Search Livestream,Throw-in,,,Group,Beverly Polo,Horton Schwartz,Beverly Polo win throw-in,Ylvisaker Cup,18,Kimo Huddleston,Ronnie Hayes,,,2021
,,Live,Chukka 2,International Polo Club Palm Beach,USA,35000,,,,Beverly Polo vs Aspen,Attacking 30,Goal Beverly Polo,,Unknown,,75;2,January 20. 2021,Goal Beverly Polo,,,,Hilario Figueras,1160533,Search Livestream,,,,Group,Beverly Polo,Horton Schwartz,,Ylvisaker Cup,18,Kimo Huddleston,Ronnie Hayes,,,2021
,,Live,Chukka 2,International Polo Club Palm Beach,USA,10000,,,,Beverly Polo vs Aspen,,,,Unknown,,,January 20. 2021,Penalty 30 yards Spot,Penalty 30 yards Spot,,Goal,Hilario Figueras,1185000,Search Livestream,,,,Group,Beverly Polo,Horton Schwartz,,Ylvisaker Cup,18,Kimo Huddleston,Ronnie Hayes,,,2021
,,Live,Chukka 2,International Polo Club Palm Beach,USA,20000,,,,Beverly Polo vs Aspen,,,,Unknown,,,January 20. 2021,Throw-in,,,,Keko Magrini,1230733,Search Livestream,Throw-in,,,Group,Aspen,Horton Schwartz,Aspen win throw-in,Ylvisaker Cup,18,Kimo Huddleston,Ronnie Hayes,,,2021
,,Live,Chukka 2,International Polo Club Palm Beach,USA,35000,,,,Beverly Polo vs Aspen,Attacking 30,,,Unknown,,71;30,January 20. 2021,Shot At Goal,,,,Lucas James,1246433,Search Livestream,,Shot At Goal,Miss Hit,Group,Aspen,Horton Schwartz,,Ylvisaker Cup,18,Kimo Huddleston,Ronnie Hayes,,,2021
,,Live,Chukka 2,International Polo Club Palm Beach,USA,35000,,,,Beverly Polo vs Aspen,Attacking 30,,,Unknown,,92;6,January 20. 2021,Shot At Goal (1),,,,Ignacio Arlbervide,1249500,Search Livestream,,Shot At Goal,Wide,Group,Aspen,Horton Schwartz,,Ylvisaker Cup,18,Kimo Huddleston,Ronnie Hayes,,,2021
,,Live,Chukka 2,International Polo Club Palm Beach,USA,40000,,,,Beverly Polo vs Aspen,,,,Unknown,Tolito Ocampo,,January 20. 2021,Knock In,,,,Hilario Figueras,1297967,Search Livestream,Knock In,,,Group,Beverly Polo,Horton Schwartz,,Ylvisaker Cup,18,Kimo Huddleston,Ronnie Hayes,,,2021
,,Live,Chukka 2,International Polo Club Palm Beach,USA,35000,,,,Beverly Polo vs Aspen,Attacking 30,,,Unknown,,85;24,January 20. 2021,Shot At Goal (2),,,,Keko Magrini,1341633,Search Livestream,,Shot At Goal,Blocked,Group,Aspen,Horton Schwartz,,Ylvisaker Cup,18,Kimo Huddleston,Ronnie Hayes,,,2021
,,Live,Chukka 2,International Polo Club Palm Beach,USA,40000,,,,Beverly Polo vs Aspen,,,,Unknown,,,January 20. 2021,Knock In (1),,,,Stewart Armstrong,1343700,Search Livestream,Knock In,,,Group,Aspen,Horton Schwartz,,Ylvisaker Cup,18,Kimo Huddleston,Ronnie Hayes,,,2021
,,Live,Chukka 2,International Polo Club Palm Beach,USA,35000,,,,Beverly Polo vs Aspen,Attacking 30,,,Unknown,,91;20,January 20. 2021,Shot At Goal (3),,,,Stewart Armstrong,1353700,Search Livestream,,Shot At Goal,Blocked,Group,Aspen,Horton Schwartz,,Ylvisaker Cup,18,Kimo Huddleston,Ronnie Hayes,,,2021
Ignacio Arlbervide,Unsuccessful,Live,Chukka 2,International Polo Club Palm Beach,USA,25000,,,,Beverly Polo vs Aspen,,,,Unknown,,,January 20. 2021,Assist,,,,Ignacio Arlbervide,1359667,Search Livestream,,,,Group,Aspen,Horton Schwartz,,Ylvisaker Cup,18,Kimo Huddleston,Ronnie Hayes,,,2021
,,Live,Chukka 2,International Polo Club Palm Beach,USA,10000,,,,Beverly Polo vs Aspen,,,,Unknown,,,January 20. 2021,Shot Block,,Shot Block,,Hilario Figueras,1369667,Search Livestream,,,,Group,Beverly Polo,Horton Schwartz,,Ylvisaker Cup,18,Kimo Huddleston,Ronnie Hayes,,,2021
Lucas James,Unsuccessful,Live,Chukka 2,International Polo Club Palm Beach,USA,25000,,,,Beverly Polo vs Aspen,,,,Unknown,,,January 20. 2021,Assist (1),,,,Lucas James,1370767,Search Livestream,,,,Group,Aspen,Horton Schwartz,,Ylvisaker Cup,18,Kimo Huddleston,Ronnie Hayes,,,2021
,,Live,Chukka 2,International Polo Club Palm Beach,USA,10000,,,,Beverly Polo vs Aspen,,,,Unknown,,,January 20. 2021,Shot Block (1),,Shot Block,,Hilario Figueras,1380767,Search Livestream,,,,Group,Beverly Polo,Horton Schwartz,,Ylvisaker Cup,18,Kimo Huddleston,Ronnie Hayes,,,2021
,,Live,Chukka 2,International Polo Club Palm Beach,USA,35000,,,,Beverly Polo vs Aspen,Attacking 30,,,Unknown,,81;20,January 20. 2021,Shot At Goal (4),,,,Tolito Ocampo,1399200,Search Livestream,,Shot At Goal,Goal,Group,Beverly Polo,Horton Schwartz,,Ylvisaker Cup,18,Kimo Huddleston,Ronnie Hayes,,,2021
,,Live,Chukka 2,International Polo Club Palm Beach,USA,35000,,,,Beverly Polo vs Aspen,Attacking 30,Goal Beverly Polo,Goals,Unknown,,75;3,January 20. 2021,Goal Beverly Polo (1),,,,Tolito Ocampo,1400833,Search Livestream,,,,Group,Beverly Polo,Horton Schwartz,,Ylvisaker Cup,18,Kimo Huddleston,Ronnie Hayes,,,2021
Peke Gonzalez,Successful,Live,Chukka 2,International Polo Club Palm Beach,USA,25000,,,,Beverly Polo vs Aspen,,,,Unknown,,,January 20. 2021,Assist (2),,,,Peke Gonzalez,1415833,Search Livestream,,,,Group,Beverly Polo,Horton Schwartz,,Ylvisaker Cup,18,Kimo Huddleston,Ronnie Hayes,,,2021
,,Live,Chukka 2,International Polo Club Palm Beach,USA,20000,,,,Beverly Polo vs Aspen,,,,Unknown,,,January 20. 2021,Throw-in (1),,,,Tolito Ocampo,1458267,Search Livestream,Throw-in,,,Group,Beverly Polo,Horton Schwartz,Beverly Polo win throw-in,Ylvisaker Cup,18,Kimo Huddleston,Ronnie Hayes,,,2021
,,Live,Chukka 2,International Polo Club Palm Beach,USA,20000,Non Call,,Right of Way,Beverly Polo vs Aspen,,,,Unknown,,,January 20. 2021,Non Call,,,,,1503500,Search Livestream,,,,Group,Team,Horton Schwartz,,Ylvisaker Cup,18,Kimo Huddleston,Ronnie Hayes,,,2021
,,Live,Chukka 2,International Polo Club Palm Beach,USA,35000,,,,Beverly Polo vs Aspen,Attacking 30,,,Unknown,,103;22,January 20. 2021,Shot At Goal (5),,,,Stewart Armstrong,1525933,Search Livestream,,Shot At Goal,Goal,Group,Aspen,Horton Schwartz,,Ylvisaker Cup,18,Kimo Huddleston,Ronnie Hayes,,,2021
,,Live,Chukka 2,International Polo Club Palm Beach,USA,35000,,,,Beverly Polo vs Aspen,Attacking 30,Goal Aspen,Goals,Unknown,,71;1,January 20. 2021,Goal Aspen,,,,Stewart Armstrong,1528200,Search Livestream,,,,Group,Aspen,Horton Schwartz,,Ylvisaker Cup,18,Kimo Huddleston,Ronnie Hayes,,,2021
Keko Magrini,Successful,Live,Chukka 2,International Polo Club Palm Beach,USA,25000,,,,Beverly Polo vs Aspen,,,,Unknown,,,January 20. 2021,Assist (3),,,,Keko Magrini,1543200,Search Livestream,,,,Group,Aspen,Horton Schwartz,,Ylvisaker Cup,18,Kimo Huddleston,Ronnie Hayes,,,2021
,,Live,Chukka 2,International Polo Club Palm Beach,USA,20000,,,,Beverly Polo vs Aspen,,,,Unknown,,,January 20. 2021,Throw-in (2),,,,Tolito Ocampo,1650600,Search Livestream,Throw-in,,,Group,Beverly Polo,Horton Schwartz,Beverly Polo win throw-in,Ylvisaker Cup,18,Kimo Huddleston,Ronnie Hayes,,,2021
,,Live,Chukka 3,International Polo Club Palm Beach,USA,35000,,,,Beverly Polo vs Aspen,Attacking 30,,,Unknown,,51;17,January 20. 2021,Shot At Goal (6),,,,Keko Magrini,1929733,Search Livestream,,Shot At Goal,Wide,Group,Aspen,Horton Schwartz,,Ylvisaker Cup,18,Kimo Huddleston,Ronnie Hayes,,,2021
,,Live,Chukka 3,International Polo Club Palm Beach,USA,20000,,,,Beverly Polo vs Aspen,,,,Unknown,,,January 20. 2021,Throw-in (3),,,,Keko Magrini,1946233,Search Livestream,Throw-in,,,Group,Aspen,Horton Schwartz,Aspen win throw-in,Ylvisaker Cup,18,Kimo Huddleston,Ronnie Hayes,,,2021
,,Live,Chukka 3,International Polo Club Palm Beach,USA,40000,,,,Beverly Polo vs Aspen,,,,Unknown,Peke Gonzalez,,January 20. 2021,Knock In (2),,,,Hilario Figueras,1980133,Search Livestream,Knock In,,,Group,Beverly Polo,Horton Schwartz,,Ylvisaker Cup,18,Kimo Huddleston,Ronnie Hayes,,,2021
,,Live,Chukka 3,International Polo Club Palm Beach,USA,20000,Non Call,,Right of Way,Beverly Polo vs Aspen,,,,Unknown,,,January 20. 2021,Non Call (1),,,,,1998300,Search Livestream,,,,Group,Team,Horton Schwartz,,Ylvisaker Cup,18,Kimo Huddleston,Ronnie Hayes,,,2021
,,Live,Chukka 3,International Polo Club Palm Beach,USA,25000,Foul Received,Penalty 5B,Right of Way,Beverly Polo vs Aspen,Defending 60,,,Unknown,,35;244,January 20. 2021,Foul Received,,,,Ignacio Arlbervide,2043667,Search Livestream,,,,Group,Aspen,Horton Schwartz,,Ylvisaker Cup,18,Kimo Huddleston,Ronnie Hayes,,,2021
,,Live,Chukka 3,International Polo Club Palm Beach,USA,25000,Foul,Penalty 5B,Right of Way,Beverly Polo vs Aspen,Attacking 30,,,Unknown,,116;38,January 20. 2021,Foul (6),,,,Tolito Ocampo,2043667,Search Livestream,,,,Group,Beverly Polo,Horton Schwartz,,Ylvisaker Cup,18,Kimo Huddleston,Ronnie Hayes,135;59,87;99,2021
,,Live,Chukka 3,International Polo Club Palm Beach,USA,30000,,,,Beverly Polo vs Aspen,,,,Unknown,,,January 20. 2021,Penalty 5b,,,,Lucas James,2092200,Search Livestream,Penalty 5b,,,Group,Aspen,Horton Schwartz,,Ylvisaker Cup,18,Kimo Huddleston,Ronnie Hayes,,,2021
,,Live,Chukka 3,International Polo Club Palm Beach,USA,35000,,,,Beverly Polo vs Aspen,Attacking 30,,,Unknown,,70;16,January 20. 2021,Shot At Goal (7),,,,Hilario Figueras,2139200,Search Livestream,,Shot At Goal,Goal,Group,Beverly Polo,Horton Schwartz,,Ylvisaker Cup,18,Kimo Huddleston,Ronnie Hayes,,,2021
,,Live,Chukka 3,International Polo Club Palm Beach,USA,35000,,,,Beverly Polo vs Aspen,Attacking 30,Goal Beverly Polo,Goals,Unknown,,72;1,January 20. 2021,Goal Beverly Polo (2),,,,Hilario Figueras,2141267,Search Livestream,,,,Group,Beverly Polo,Horton Schwartz,,Ylvisaker Cup,18,Kimo Huddleston,Ronnie Hayes,,,2021
Tolito Ocampo,Successful,Live,Chukka 3,International Polo Club Palm Beach,USA,25000,,,,Beverly Polo vs Aspen,,,,Unknown,,,January 20. 2021,Assist (4),,,,Tolito Ocampo,2156833,Search Livestream,,,,Group,Beverly Polo,Horton Schwartz,,Ylvisaker Cup,18,Kimo Huddleston,Ronnie Hayes,,,2021
,,Live,Chukka 3,International Polo Club Palm Beach,USA,35000,,,,Beverly Polo vs Aspen,Attacking Half,,,Unknown,,108;85,January 20. 2021,Shot At Goal (8),,,,Peke Gonzalez,2185900,Search Livestream,,Shot At Goal,Wide,Group,Beverly Polo,Horton Schwartz,,Ylvisaker Cup,18,Kimo Huddleston,Ronnie Hayes,,,2021
,,Live,Chukka 3,International Polo Club Palm Beach,USA,20000,,,,Beverly Polo vs Aspen,,,,Unknown,,,January 20. 2021,Throw-in (4),,,,Peke Gonzalez,2202700,Search Livestream,Throw-in,,,Group,Beverly Polo,Horton Schwartz,Beverly Polo win throw-in,Ylvisaker Cup,18,Kimo Huddleston,Ronnie Hayes,,,2021
,,Live,Chukka 3,International Polo Club Palm Beach,USA,40000,,,,Beverly Polo vs Aspen,,,,Unknown,Lucas James,,January 20. 2021,Knock In (3),,,,Stewart Armstrong,2233433,Search Livestream,Knock In,,,Group,Aspen,Horton Schwartz,,Ylvisaker Cup,18,Kimo Huddleston,Ronnie Hayes,,,2021
,,Live,Chukka 3,International Polo Club Palm Beach,USA,25000,Foul Received,Penalty 40 yards,Blocking,Beverly Polo vs Aspen,Attacking Half,,,Unknown,,64;126,January 20. 2021,Foul Received (1),,,,Ignacio Arlbervide,2255633,Search Livestream,,,,Group,Aspen,Horton Schwartz,,Ylvisaker Cup,18,Kimo Huddleston,Ronnie Hayes,,,2021
,,Live,Chukka 3,International Polo Club Palm Beach,USA,25000,Foul,Penalty 40 yards,Blocking,Beverly Polo vs Aspen,Defending Half,,,Unknown,,82;176,January 20. 2021,Foul (7),,,,Peke Gonzalez,2255633,Search Livestream,,,,Group,Beverly Polo,Horton Schwartz,,Ylvisaker Cup,18,Kimo Huddleston,Ronnie Hayes,104;218,62;189,2021
,,Live,Chukka 3,International Polo Club Palm Beach,USA,35000,,,,Beverly Polo vs Aspen,Attacking 30,Goal Aspen,,Unknown,,77;6,January 20. 2021,Goal Aspen (1),,,,Lucas James,2317100,Search Livestream,,,,Group,Aspen,Horton Schwartz,,Ylvisaker Cup,18,Kimo Huddleston,Ronnie Hayes,,,2021
,,Live,Chukka 3,International Polo Club Palm Beach,USA,15000,,,,Beverly Polo vs Aspen,,,,Unknown,,,January 20. 2021,Penalty 40 yards,Penalty 40 yards,,Goal,Lucas James,2334133,Search Livestream,,,,Group,Aspen,Horton Schwartz,,Ylvisaker Cup,18,Kimo Huddleston,Ronnie Hayes,,,2021
,,Live,Chukka 3,International Polo Club Palm Beach,USA,20000,,,,Beverly Polo vs Aspen,,,,Unknown,,,January 20. 2021,Throw-in (5),,,,Hilario Figueras,2370067,Search Livestream,Throw-in,,,Group,Beverly Polo,Horton Schwartz,Beverly Polo win throw-in,Ylvisaker Cup,18,Kimo Huddleston,Ronnie Hayes,,,2021
,,Live,Chukka 3,International Polo Club Palm Beach,USA,20000,Non Call,,Blocking,Beverly Polo vs Aspen,,,,Unknown,,,January 20. 2021,Non Call (2),,,,,2396967,Search Livestream,,,,Group,Team,Horton Schwartz,,Ylvisaker Cup,18,Kimo Huddleston,Ronnie Hayes,,,2021
,,Live,Chukka 3,International Polo Club Palm Beach,USA,25000,Foul,Penalty 30 yards,Riding Into Shot,Beverly Polo vs Aspen,Defending 30,,,Unknown,,82;265,January 20. 2021,Foul (8),,,,Ignacio Arlbervide,2456467,Search Livestream,,,,Group,Aspen,Horton Schwartz,,Ylvisaker Cup,18,Kimo Huddleston,Ronnie Hayes,119;233,43;199,2021
,,Live,Chukka 3,International Polo Club Palm Beach,USA,25000,Foul Received,Penalty 30 yards,Riding Into Shot,Beverly Polo vs Aspen,Attacking 30,,,Unknown,,69;31,January 20. 2021,Foul Received (2),,,,Hilario Figueras,2456467,Search Livestream,,,,Group,Beverly Polo,Horton Schwartz,,Ylvisaker Cup,18,Kimo Huddleston,Ronnie Hayes,,,2021
,,Live,Chukka 3,International Polo Club Palm Beach,USA,35000,,,,Beverly Polo vs Aspen,Attacking 30,Goal Beverly Polo,,Unknown,,75;2,January 20. 2021,Goal Beverly Polo (3),,,,Hilario Figueras,2488900,Search Livestream,,,,Group,Beverly Polo,Horton Schwartz,,Ylvisaker Cup,18,Kimo Huddleston,Ronnie Hayes,,,2021
,,Live,Chukka 3,International Polo Club Palm Beach,USA,15000,,,,Beverly Polo vs Aspen,,,,Unknown,,,January 20. 2021,Penalty 30 yards,Penalty 30 yards,,Goal,Hilario Figueras,2507533,Search Livestream,,,,Group,Beverly Polo,Horton Schwartz,,Ylvisaker Cup,18,Kimo Huddleston,Ronnie Hayes,,,2021
,,Live,Chukka 4,International Polo Club Palm Beach,USA,20000,,,,Beverly Polo vs Aspen,,,,Unknown,,,January 20. 2021,Throw-in (6),,,,Stewart Armstrong,2981900,Search Livestream,Throw-in,,,Group,Aspen,Horton Schwartz,Aspen win throw-in,Ylvisaker Cup,18,Kimo Huddleston,Ronnie Hayes,,,2021
,,Live,Chukka 4,International Polo Club Palm Beach,USA,15000,,,,Beverly Polo vs Aspen,,,,Unknown,,,January 20. 2021,Safety 60,Safety 60,,Blocked,Lucas James,3136367,Search Livestream,,,,Group,Aspen,Horton Schwartz,,Ylvisaker Cup,18,Kimo Huddleston,Ronnie Hayes,,,2021
,,Live,Chukka 4,International Polo Club Palm Beach,USA,10000,,,,Beverly Polo vs Aspen,,,,Unknown,,,January 20. 2021,Penalty Block,,Penalty Block,,Tolito Ocampo,3146400,Search Livestream,,,,Group,Beverly Polo,Horton Schwartz,,Ylvisaker Cup,18,Kimo Huddleston,Ronnie Hayes,,,2021
,,Live,Chukka 4,International Polo Club Palm Beach,USA,40000,,,,Beverly Polo vs Aspen,,,,Unknown,Bill Ballhaus,,January 20. 2021,Knock In (4),,,,Hilario Figueras,3174767,Search Livestream,Knock In,,,Group,Beverly Polo,Horton Schwartz,,Ylvisaker Cup,18,Kimo Huddleston,Ronnie Hayes,,,2021
,,Live,Chukka 4,International Polo Club Palm Beach,USA,35000,,,,Beverly Polo vs Aspen,Attacking 60,,,Unknown,,105;68,January 20. 2021,Shot At Goal (9),,,,Tolito Ocampo,3247800,Search Livestream,,Shot At Goal,Wide,Group,Beverly Polo,Horton Schwartz,,Ylvisaker Cup,18,Kimo Huddleston,Ronnie Hayes,,,2021
,,Live,Chukka 4,International Polo Club Palm Beach,USA,40000,,,,Beverly Polo vs Aspen,,,,Unknown,Keko Magrini,,January 20. 2021,Knock In (5),,,,Lucas James,3367400,Search Livestream,Knock In,,,Group,Aspen,Horton Schwartz,,Ylvisaker Cup,18,Kimo Huddleston,Ronnie Hayes,,,2021
,,Live,Chukka 4,International Polo Club Palm Beach,USA,35000,,,,Beverly Polo vs Aspen,Attacking 30,,,Unknown,,77;13,January 20. 2021,Shot At Goal (10),,,,Keko Magrini,3369300,Search Livestream,,Shot At Goal,Goal,Group,Aspen,Horton Schwartz,,Ylvisaker Cup,18,Kimo Huddleston,Ronnie Hayes,,,2021
,,Live,Chukka 4,International Polo Club Palm Beach,USA,35000,,,,Beverly Polo vs Aspen,Attacking 30,Goal Aspen,,Unknown,,73;4,January 20. 2021,Goal Aspen (2),,,,Keko Magrini,3371633,Search Livestream,,,,Group,Aspen,Horton Schwartz,,Ylvisaker Cup,18,Kimo Huddleston,Ronnie Hayes,,,2021
Ignacio Arlbervide,Successful,Live,Chukka 4,International Polo Club Palm Beach,USA,25000,,,,Beverly Polo vs Aspen,,,,Unknown,,,January 20. 2021,Assist (5),,,,Ignacio Arlbervide,3388167,Search Livestream,,,,Group,Aspen,Horton Schwartz,,Ylvisaker Cup,18,Kimo Huddleston,Ronnie Hayes,,,2021
,,Live,Chukka 4,International Polo Club Palm Beach,USA,20000,,,,Beverly Polo vs Aspen,,,,Unknown,,,January 20. 2021,Throw-in (7),,,,Hilario Figueras,3427633,Search Livestream,Throw-in,,,Group,Beverly Polo,Horton Schwartz,Beverly Polo win throw-in,Ylvisaker Cup,18,Kimo Huddleston,Ronnie Hayes,,,2021
,,Live,Chukka 4,International Polo Club Palm Beach,USA,35000,,,,Beverly Polo vs Aspen,Attacking 30,,,Unknown,,47;11,January 20. 2021,Shot At Goal (11),,,,Peke Gonzalez,3440067,Search Livestream,,Shot At Goal,Goal,Group,Beverly Polo,Horton Schwartz,,Ylvisaker Cup,18,Kimo Huddleston,Ronnie Hayes,,,2021
,,Live,Chukka 4,International Polo Club Palm Beach,USA,35000,,,,Beverly Polo vs Aspen,Attacking 30,Goal Beverly Polo,,Unknown,,73;2,January 20. 2021,Goal Beverly Polo (4),,,,Peke Gonzalez,3444633,Search Livestream,,,,Group,Beverly Polo,Horton Schwartz,,Ylvisaker Cup,18,Kimo Huddleston,Ronnie Hayes,,,2021
,,Live,Chukka 4,International Polo Club Palm Beach,USA,20000,,,,Beverly Polo vs Aspen,,,,Unknown,,,January 20. 2021,Throw-in (8),,,,Ignacio Arlbervide,3507550,Search Livestream,Throw-in,,,Group,Aspen,Horton Schwartz,Aspen win throw-in,Ylvisaker Cup,18,Kimo Huddleston,Ronnie Hayes,,,2021
,,Live,Chukka 4,International Polo Club Palm Beach,USA,35000,,,,Beverly Polo vs Aspen,Attacking Half,,,Unknown,,74;92,January 20. 2021,Shot At Goal (12),,,,Lucas James,3511067,Search Livestream,,Shot At Goal,Wide,Group,Aspen,Horton Schwartz,,Ylvisaker Cup,18,Kimo Huddleston,Ronnie Hayes,,,2021
,,Live,Chukka 4,International Polo Club Palm Beach,USA,40000,,,,Beverly Polo vs Aspen,,,,Unknown,Tolito Ocampo,,January 20. 2021,Knock In (6),,,,Hilario Figueras,3560367,Search Livestream,Knock In,,,Group,Beverly Polo,Horton Schwartz,,Ylvisaker Cup,18,Kimo Huddleston,Ronnie Hayes,,,2021
,,Live,Chukka 4,International Polo Club Palm Beach,USA,35000,,,,Beverly Polo vs Aspen,Attacking 60,,,Unknown,,91;52,January 20. 2021,Shot At Goal (13),,,,Stewart Armstrong,3561167,Search Livestream,,Shot At Goal,Wide,Group,Aspen,Horton Schwartz,,Ylvisaker Cup,18,Kimo Huddleston,Ronnie Hayes,,,2021
,,Live,Chukka 5,International Polo Club Palm Beach,USA,35000,,,,Beverly Polo vs Aspen,Attacking Half,,,Unknown,,79;118,January 20. 2021,Shot At Goal (14),,,,Lucas James,3853667,Search Livestream,,Shot At Goal,Wide,Group,Aspen,Horton Schwartz,,Ylvisaker Cup,18,Kimo Huddleston,Ronnie Hayes,,,2021
,,Live,Chukka 5,International Polo Club Palm Beach,USA,40000,,,,Beverly Polo vs Aspen,,,,Unknown,Tolito Ocampo,,January 20. 2021,Knock In (7),,,,Hilario Figueras,3856633,Search Livestream,Knock In,,,Group,Beverly Polo,Horton Schwartz,,Ylvisaker Cup,18,Kimo Huddleston,Ronnie Hayes,,,2021
,,Live,Chukka 5,International Polo Club Palm Beach,USA,40000,,,,Beverly Polo vs Aspen,,,,Unknown,Tolito Ocampo,,January 20. 2021,Knock In (8),,,,Hilario Figueras,3906567,Search Livestream,Knock In,,,Group,Beverly Polo,Horton Schwartz,,Ylvisaker Cup,18,Kimo Huddleston,Ronnie Hayes,,,2021
,,Live,Chukka 5,International Polo Club Palm Beach,USA,35000,,,,Beverly Polo vs Aspen,Attacking 30,,,Unknown,,73;12,January 20. 2021,Shot At Goal (15),,,,Keko Magrini,3915967,Search Livestream,,Shot At Goal,Goal,Group,Aspen,Horton Schwartz,,Ylvisaker Cup,18,Kimo Huddleston,Ronnie Hayes,,,2021
,,Live,Chukka 5,International Polo Club Palm Beach,USA,35000,,,,Beverly Polo vs Aspen,Attacking 30,Goal Aspen,,Unknown,,75;2,January 20. 2021,Goal Aspen (3),,,,Keko Magrini,3916867,Search Livestream,,,,Group,Aspen,Horton Schwartz,,Ylvisaker Cup,18,Kimo Huddleston,Ronnie Hayes,,,2021
Ignacio Arlbervide,Successful,Live,Chukka 5,International Polo Club Palm Beach,USA,25000,,,,Beverly Polo vs Aspen,,,,Unknown,,,January 20. 2021,Assist (6),,,,Ignacio Arlbervide,3931867,Search Livestream,,,,Group,Aspen,Horton Schwartz,,Ylvisaker Cup,18,Kimo Huddleston,Ronnie Hayes,,,2021
,,Live,Chukka 5,International Polo Club Palm Beach,USA,20000,,,,Beverly Polo vs Aspen,,,,Unknown,,,January 20. 2021,Throw-in (9),,,,Lucas James,3983158,Search Livestream,Throw-in,,,Group,Aspen,Horton Schwartz,Aspen win throw-in,Ylvisaker Cup,18,Kimo Huddleston,Ronnie Hayes,,,2021
,,Live,Chukka 5,International Polo Club Palm Beach,USA,25000,Foul,Penalty 60 yards,Crossing,Beverly Polo vs Aspen,Defending Half,,,Unknown,,22;174,January 20. 2021,Foul (9),,,,Keko Magrini,3984100,Search Livestream,,,,Group,Aspen,Horton Schwartz,,Ylvisaker Cup,18,Kimo Huddleston,Ronnie Hayes,87;138,110;167,2021
,,Live,Chukka 5,International Polo Club Palm Beach,USA,25000,Foul Received,Penalty 60 yards,Blocking,Beverly Polo vs Aspen,Attacking Half,,,Unknown,,119;122,January 20. 2021,Foul Received (3),,,,Bill Ballhaus,3984100,Search Livestream,,,,Group,Beverly Polo,Horton Schwartz,,Ylvisaker Cup,18,Kimo Huddleston,Ronnie Hayes,,,2021
,,Live,Chukka 5,International Polo Club Palm Beach,USA,35000,,,,Beverly Polo vs Aspen,Attacking 30,Goal Beverly Polo,,Unknown,,72;2,January 20. 2021,Goal Beverly Polo (5),,,,Tolito Ocampo,4046367,Search Livestream,,,,Group,Beverly Polo,Horton Schwartz,,Ylvisaker Cup,18,Kimo Huddleston,Ronnie Hayes,,,2021
,,Live,Chukka 5,International Polo Club Palm Beach,USA,15000,,,,Beverly Polo vs Aspen,,,,Unknown,,,January 20. 2021,Penalty 60 yards,Penalty 60 yards,,Goal,Tolito Ocampo,4059633,Search Livestream,,,,Group,Beverly Polo,Horton Schwartz,,Ylvisaker Cup,18,Kimo Huddleston,Ronnie Hayes,,,2021
,,Live,Chukka 5,International Polo Club Palm Beach,USA,20000,,,,Beverly Polo vs Aspen,,,,Unknown,,,January 20. 2021,Throw-in (10),,,,Peke Gonzalez,4093400,Search Livestream,Throw-in,,,Group,Beverly Polo,Horton Schwartz,Beverly Polo win throw-in,Ylvisaker Cup,18,Kimo Huddleston,Ronnie Hayes,,,2021
,,Live,Chukka 5,International Polo Club Palm Beach,USA,35000,,,,Beverly Polo vs Aspen,Attacking 30,,,Unknown,,96;29,January 20. 2021,Shot At Goal (16),,,,Stewart Armstrong,4101867,Search Livestream,,Shot At Goal,Goal,Group,Aspen,Horton Schwartz,,Ylvisaker Cup,18,Kimo Huddleston,Ronnie Hayes,,,2021
,,Live,Chukka 5,International Polo Club Palm Beach,USA,35000,,,,Beverly Polo vs Aspen,Attacking 30,Goal Aspen,Goals,Unknown,,69;1,January 20. 2021,Goal Aspen (4),,,,Stewart Armstrong,4104800,Search Livestream,,,,Group,Aspen,Horton Schwartz,,Ylvisaker Cup,18,Kimo Huddleston,Ronnie Hayes,,,2021
Keko Magrini,Successful,Live,Chukka 5,International Polo Club Palm Beach,USA,25000,,,,Beverly Polo vs Aspen,,,,Unknown,,,January 20. 2021,Assist (7),,,,Keko Magrini,4119800,Search Livestream,,,,Group,Aspen,Horton Schwartz,,Ylvisaker Cup,18,Kimo Huddleston,Ronnie Hayes,,,2021
,,Live,Chukka 5,International Polo Club Palm Beach,USA,20000,,,,Beverly Polo vs Aspen,,,,Unknown,,,January 20. 2021,Throw-in (11),,,,Stewart Armstrong,4162933,Search Livestream,Throw-in,,,Group,Aspen,Horton Schwartz,Aspen win throw-in,Ylvisaker Cup,18,Kimo Huddleston,Ronnie Hayes,,,2021
,,Live,Chukka 5,International Polo Club Palm Beach,USA,25000,Foul,Penalty 60 yards,Blocking,Beverly Polo vs Aspen,Defending 30,,,Unknown,,30;276,January 20. 2021,Foul (10),,,,Stewart Armstrong,4255433,Search Livestream,,,,Group,Aspen,Horton Schwartz,,Ylvisaker Cup,18,Kimo Huddleston,Ronnie Hayes,39;222,64;247,2021
,,Live,Chukka 5,International Polo Club Palm Beach,USA,25000,Foul Received,Penalty 60 yards,Blocking,Beverly Polo vs Aspen,Attacking 30,,,Unknown,,128;12,January 20. 2021,Foul Received (4),,,,Peke Gonzalez,4255433,Search Livestream,,,,Group,Beverly Polo,Horton Schwartz,,Ylvisaker Cup,18,Kimo Huddleston,Ronnie Hayes,,,2021
,,Live,Chukka 5,International Polo Club Palm Beach,USA,40000,,,,Beverly Polo vs Aspen,,,,Unknown,,,January 20. 2021,Knock In (9),,,,Lucas James,4261933,Search Livestream,Knock In,,,Group,Aspen,Horton Schwartz,,Ylvisaker Cup,18,Kimo Huddleston,Ronnie Hayes,,,2021
,,Live,Chukka 5,International Polo Club Palm Beach,USA,35000,,,,Beverly Polo vs Aspen,Attacking 30,,,Unknown,,64;18,January 20. 2021,Shot At Goal (17),,,,Bill Ballhaus,4308733,Search Livestream,,Shot At Goal,Wide,Group,Beverly Polo,Horton Schwartz,,Ylvisaker Cup,18,Kimo Huddleston,Ronnie Hayes,,,2021
,,Live,Chukka 5,International Polo Club Palm Beach,USA,15000,,,,Beverly Polo vs Aspen,,,,Unknown,,,January 20. 2021,Penalty 60 yards (1),Penalty 60 yards,,Blocked,Tolito Ocampo,4326600,Search Livestream,,,,Group,Beverly Polo,Horton Schwartz,,Ylvisaker Cup,18,Kimo Huddleston,Ronnie Hayes,,,2021
,,Live,Chukka 5,International Polo Club Palm Beach,USA,35000,,,,Beverly Polo vs Aspen,Attacking Half,,,Unknown,,90;84,January 20. 2021,Shot At Goal (18),,,,Peke Gonzalez,4347333,Search Livestream,,Shot At Goal,Wide,Group,Beverly Polo,Horton Schwartz,,Ylvisaker Cup,18,Kimo Huddleston,Ronnie Hayes,,,2021
,,Live,Chukka 5,International Polo Club Palm Beach,USA,40000,,,,Beverly Polo vs Aspen,,,,Unknown,Stewart Armstrong,,January 20. 2021,Knock In (10),,,,Lucas James,4349667,Search Livestream,Knock In,,,Group,Aspen,Horton Schwartz,,Ylvisaker Cup,18,Kimo Huddleston,Ronnie Hayes,,,2021
Bill Ballhaus,Unsuccessful,Live,Chukka 5,International Polo Club Palm Beach,USA,25000,,,,Beverly Polo vs Aspen,,,,Unknown,,,January 20. 2021,Assist (8),,,,Bill Ballhaus,4363933,Search Livestream,,,,Group,Beverly Polo,Horton Schwartz,,Ylvisaker Cup,18,Kimo Huddleston,Ronnie Hayes,,,2021
,,Live,Chukka 5,International Polo Club Palm Beach,USA,40000,,,,Beverly Polo vs Aspen,,,,Unknown,Stewart Armstrong,,January 20. 2021,Knock In (11),,,,Lucas James,4393033,Search Livestream,Knock In,,,Group,Aspen,Horton Schwartz,,Ylvisaker Cup,18,Kimo Huddleston,Ronnie Hayes,,,2021
,,Live,Chukka 5,International Polo Club Palm Beach,USA,25000,Foul Received,Penalty 1,Dangerous Riding,Beverly Polo vs Aspen,Attacking 30,,,Unknown,,85;16,January 20. 2021,Foul Received (5),,,,Keko Magrini,4417000,Search Livestream,,,,Group,Aspen,Horton Schwartz,,Ylvisaker Cup,18,Kimo Huddleston,Ronnie Hayes,,,2021
,,Live,Chukka 5,International Polo Club Palm Beach,USA,25000,Foul,Penalty 1,Dangerous Riding,Beverly Polo vs Aspen,Defending 30,,,Unknown,,66;280,January 20. 2021,Foul (11),,,,Tolito Ocampo,4417000,Search Livestream,,,,Group,Beverly Polo,Horton Schwartz,,Ylvisaker Cup,18,Kimo Huddleston,Ronnie Hayes,114;249,47;218,2021
,,Live,Chukka 5,International Polo Club Palm Beach,USA,35000,,,,Beverly Polo vs Aspen,Attacking 30,Goal Aspen,,Unknown,,74;2,January 20. 2021,Goal Aspen (5),,,,Keko Magrini,4430033,Search Livestream,,,,Group,Aspen,Horton Schwartz,,Ylvisaker Cup,18,Kimo Huddleston,Ronnie Hayes,,,2021
,,Live,Chukka 5,International Polo Club Palm Beach,USA,10000,,,,Beverly Polo vs Aspen,,,,Unknown,,,January 20. 2021,Penalty 1,Penalty 1,,Goal,Keko Magrini,4455033,Search Livestream,,,,Group,Aspen,Horton Schwartz,,Ylvisaker Cup,18,Kimo Huddleston,Ronnie Hayes,,,2021
,,Live,Chukka 5,International Polo Club Palm Beach,USA,30000,,,,Beverly Polo vs Aspen,,,,Unknown,,,January 20. 2021,Penalty 5b (1),,,,Lucas James,4510667,Search Livestream,Penalty 5b,,,Group,Aspen,Horton Schwartz,,Ylvisaker Cup,18,Kimo Huddleston,Ronnie Hayes,,,2021
,,Live,Chukka 5,International Polo Club Palm Beach,USA,25000,Foul Received,Penalty 30 yards,Right of Way,Beverly Polo vs Aspen,Attacking 30,,,Unknown,,99;18,January 20. 2021,Foul Received (6),,,,Keko Magrini,4528200,Search Livestream,,,,Group,Aspen,Horton Schwartz,,Ylvisaker Cup,18,Kimo Huddleston,Ronnie Hayes,,,2021
,,Live,Chukka 5,International Polo Club Palm Beach,USA,25000,Foul,Penalty 30 yards,Right of Way,Beverly Polo vs Aspen,Defending 30,,,Unknown,,51;281,January 20. 2021,Foul (12),,,,Tolito Ocampo,4528200,Search Livestream,,,,Group,Beverly Polo,Horton Schwartz,,Ylvisaker Cup,18,Kimo Huddleston,Ronnie Hayes,39;242,70;240,2021
,,Live,Chukka 5,International Polo Club Palm Beach,USA,35000,,,,Beverly Polo vs Aspen,Attacking 30,Goal Aspen,,Unknown,,76;3,January 20. 2021,Goal Aspen (6),,,,Lucas James,4568534,Search Livestream,,,,Group,Aspen,Horton Schwartz,,Ylvisaker Cup,18,Kimo Huddleston,Ronnie Hayes,,,2021
,,Live,Chukka 5,International Polo Club Palm Beach,USA,10000,,,,Beverly Polo vs Aspen,,,,Unknown,,,January 20. 2021,Penalty 30 yards Spot (1),Penalty 30 yards Spot,,Goal,Lucas James,4593534,Search Livestream,,,,Group,Aspen,Horton Schwartz,,Ylvisaker Cup,18,Kimo Huddleston,Ronnie Hayes,,,2021
,,Live,Chukka 6,International Polo Club Palm Beach,USA,20000,,,,Beverly Polo vs Aspen,,,,Unknown,,,January 20. 2021,Throw-in (12),,,,Tolito Ocampo,4810033,Search Livestream,Throw-in,,,Group,Beverly Polo,Horton Schwartz,Beverly Polo win throw-in,Ylvisaker Cup,18,Kimo Huddleston,Ronnie Hayes,,,2021
,,Live,Chukka 6,International Polo Club Palm Beach,USA,20000,Non Call,,Right of Way,Beverly Polo vs Aspen,,,,Unknown,,,January 20. 2021,Non Call (3),,,,,4863767,Search Livestream,,,,Group,Team,Horton Schwartz,,Ylvisaker Cup,18,Kimo Huddleston,Ronnie Hayes,,,2021
,,Live,Chukka 6,International Polo Club Palm Beach,USA,25000,Foul,Penalty 5B,Dangerous Riding,Beverly Polo vs Aspen,Attacking 60,,,Unknown,,139;61,January 20. 2021,Foul (13),,,,Tolito Ocampo,4899000,Search Livestream,,,,Group,Beverly Polo,Horton Schwartz,,Ylvisaker Cup,18,Kimo Huddleston,Ronnie Hayes,130;106,45;70,2021
,,Live,Chukka 6,International Polo Club Palm Beach,USA,35000,,,,Beverly Polo vs Aspen,Attacking 30,,,Unknown,,82;18,January 20. 2021,Shot At Goal (19),,,,Lucas James,5064967,Search Livestream,,Shot At Goal,Blocked,Group,Aspen,Horton Schwartz,,Ylvisaker Cup,18,Kimo Huddleston,Ronnie Hayes,,,2021
,,Live,Chukka 6,International Polo Club Palm Beach,USA,30000,,,,Beverly Polo vs Aspen,,,,Unknown,,,January 20. 2021,Penalty 5b (2),,,,Lucas James,5071667,Search Livestream,Penalty 5b,,,Group,Aspen,Horton Schwartz,,Ylvisaker Cup,18,Kimo Huddleston,Ronnie Hayes,,,2021
,,Live,Chukka 6,International Polo Club Palm Beach,USA,25000,Foul,Penalty 5B,Right of Way,Beverly Polo vs Aspen,Attacking 60,,,Unknown,,96;39,January 20. 2021,Foul (14),,,,Ignacio Arlbervide,5090733,Search Livestream,,,,Group,Aspen,Horton Schwartz,,Ylvisaker Cup,18,Kimo Huddleston,Ronnie Hayes,44;51,118;12,2021
,,Live,Chukka 6,International Polo Club Palm Beach,USA,25000,Foul Received,Penalty 5B,Right of Way,Beverly Polo vs Aspen,Defending 60,,,Unknown,,46;253,January 20. 2021,Foul Received (7),,,,Hilario Figueras,5090733,Search Livestream,,,,Group,Beverly Polo,Horton Schwartz,,Ylvisaker Cup,18,Kimo Huddleston,Ronnie Hayes,,,2021
,,Live,Chukka 6,International Polo Club Palm Beach,USA,10000,,,,Beverly Polo vs Aspen,,,,Unknown,,,January 20. 2021,Shot Block (2),,Shot Block,,Tolito Ocampo,5090833,Search Livestream,,,,Group,Beverly Polo,Horton Schwartz,,Ylvisaker Cup,18,Kimo Huddleston,Ronnie Hayes,,,2021
,,Live,Chukka 6,International Polo Club Palm Beach,USA,30000,,,,Beverly Polo vs Aspen,,,,Unknown,,,January 20. 2021,Penalty 5b (3),,,,Hilario Figueras,5171338,Search Livestream,Penalty 5b,,,Group,Beverly Polo,Horton Schwartz,,Ylvisaker Cup,18,Kimo Huddleston,Ronnie Hayes,,,2021
,,Live,Chukka 6,International Polo Club Palm Beach,USA,15000,,,,Beverly Polo vs Aspen,,,,Unknown,,,January 20. 2021,Safety 60 (1),Safety 60,,Blocked,Lucas James,5312395,Search Livestream,,,,Group,Aspen,Horton Schwartz,,Ylvisaker Cup,18,Kimo Huddleston,Ronnie Hayes,,,2021
,,Live,Chukka 6,International Polo Club Palm Beach,USA,10000,,,,Beverly Polo vs Aspen,,,,Unknown,,,January 20. 2021,Penalty Block (1),,Penalty Block,,Hilario Figueras,5320800,Search Livestream,,,,Group,Beverly Polo,Horton Schwartz,,Ylvisaker Cup,18,Kimo Huddleston,Ronnie Hayes,,,2021
,,Live,Chukka 6,International Polo Club Palm Beach,USA,35000,,,,Beverly Polo vs Aspen,Attacking 30,,,Unknown,,80;24,January 20. 2021,Shot At Goal (20),,,,Keko Magrini,5343933,Search Livestream,,Shot At Goal,Goal,Group,Aspen,Horton Schwartz,,Ylvisaker Cup,18,Kimo Huddleston,Ronnie Hayes,,,2021
,,Live,Chukka 6,International Polo Club Palm Beach,USA,35000,,,,Beverly Polo vs Aspen,Attacking 30,Goal Aspen,,Unknown,,73;2,January 20. 2021,Goal Aspen (7),,,,Keko Magrini,5346133,Search Livestream,,,,Group,Aspen,Horton Schwartz,,Ylvisaker Cup,18,Kimo Huddleston,Ronnie Hayes,,,2021
,,Live,Chukka 6,International Polo Club Palm Beach,USA,20000,Non Call,,Blocking,Beverly Polo vs Aspen,,,,Unknown,,,January 20. 2021,Non Call (4),,,,,5357900,Search Livestream,,,,Group,Team,Horton Schwartz,,Ylvisaker Cup,18,Kimo Huddleston,Ronnie Hayes,,,2021
,,Live,Chukka 6,International Polo Club Palm Beach,USA,35000,,,,Beverly Polo vs Aspen,Attacking 30,,,Unknown,,78;20,January 20. 2021,Shot At Goal (21),,,,Hilario Figueras,5432600,Search Livestream,,Shot At Goal,Goal,Group,Beverly Polo,Horton Schwartz,,Ylvisaker Cup,18,Kimo Huddleston,Ronnie Hayes,,,2021
,,Live,Chukka 6,International Polo Club Palm Beach,USA,20000,,,,Beverly Polo vs Aspen,,,,Unknown,,,January 20. 2021,Throw-in (13),,,,Tolito Ocampo,5433633,Search Livestream,Throw-in,,,Group,Beverly Polo,Horton Schwartz,Beverly Polo win throw-in,Ylvisaker Cup,18,Kimo Huddleston,Ronnie Hayes,,,2021
,,Live,Chukka 6,International Polo Club Palm Beach,USA,35000,,,,Beverly Polo vs Aspen,Attacking 30,Goal Beverly Polo,Goals,Unknown,,75;1,January 20. 2021,Goal Beverly Polo (6),,,,Hilario Figueras,5436133,Search Livestream,,,,Group,Beverly Polo,Horton Schwartz,,Ylvisaker Cup,18,Kimo Huddleston,Ronnie Hayes,,,2021
Tolito Ocampo,Successful,Live,Chukka 6,International Polo Club Palm Beach,USA,25000,,,,Beverly Polo vs Aspen,,,,Unknown,,,January 20. 2021,Assist (9),,,,Tolito Ocampo,5451133,Search Livestream,,,,Group,Beverly Polo,Horton Schwartz,,Ylvisaker Cup,18,Kimo Huddleston,Ronnie Hayes,,,2021
,,Live,Chukka 2,International Polo Club Palm Beach,USA,20000,Non Call,,Right of Way,Beverly Polo vs Aspen,,,,Unknown,,,January 20. 2021,Non Call (10),,,,,5452400,Search Livestream,,,,Group,Team,Horton Schwartz,,Ylvisaker Cup,18,Kimo Huddleston,Ronnie Hayes,,,2021
,,Live,Chukka 6,International Polo Club Palm Beach,USA,20000,,,,Beverly Polo vs Aspen,,,,Unknown,,,January 20. 2021,Throw-in (14),,,,Bill Ballhaus,5494028,Search Livestream,Throw-in,,,Group,Beverly Polo,Horton Schwartz,Beverly Polo win throw-in,Ylvisaker Cup,18,Kimo Huddleston,Ronnie Hayes,,,2021
,,Live,Chukka 6,International Polo Club Palm Beach,USA,25000,Foul,Penalty 5B,Riding Into Shot,Beverly Polo vs Aspen,Attacking Half,,,Unknown,,46;120,January 20. 2021,Foul (15),,,,Lucas James,5512433,Search Livestream,,,,Group,Aspen,Horton Schwartz,,Ylvisaker Cup,18,Kimo Huddleston,Ronnie Hayes,93;102,144;124,2021
,,Live,Chukka 6,International Polo Club Palm Beach,USA,25000,Foul Received,Penalty 5B,Riding Into Shot,Beverly Polo vs Aspen,Defending Half,,,Unknown,,105;174,January 20. 2021,Foul Received (8),,,,Peke Gonzalez,5512433,Search Livestream,,,,Group,Beverly Polo,Horton Schwartz,,Ylvisaker Cup,18,Kimo Huddleston,Ronnie Hayes,,,2021
,,Live,Chukka 6,International Polo Club Palm Beach,USA,35000,,,,Beverly Polo vs Aspen,Attacking 30,,,Unknown,,130;16,January 20. 2021,Shot At Goal (22),,,,Tolito Ocampo,5609200,Search Livestream,,Shot At Goal,Wide,Group,Beverly Polo,Horton Schwartz,,Ylvisaker Cup,18,Kimo Huddleston,Ronnie Hayes,,,2021
,,Live,Chukka 6,International Polo Club Palm Beach,USA,30000,,,,Beverly Polo vs Aspen,,,,Unknown,,,January 20. 2021,Penalty 5b (4),,,,Hilario Figueras,5611867,Search Livestream,Penalty 5b,,,Group,Beverly Polo,Horton Schwartz,,Ylvisaker Cup,18,Kimo Huddleston,Ronnie Hayes,,,2021
,,Live,Chukka 6,International Polo Club Palm Beach,USA,35000,,,,Beverly Polo vs Aspen,Attacking 30,,,Unknown,,105;22,January 20. 2021,Shot At Goal (23),,,,Stewart Armstrong,5650867,Search Livestream,,Shot At Goal,Wide,Group,Aspen,Horton Schwartz,,Ylvisaker Cup,18,Kimo Huddleston,Ronnie Hayes,,,2021
,,Live,Chukka 6,International Polo Club Palm Beach,USA,40000,,,,Beverly Polo vs Aspen,,,,Unknown,Stewart Armstrong,,January 20. 2021,Knock In (12),,,,Lucas James,5651300,Search Livestream,Knock In,,,Group,Aspen,Horton Schwartz,,Ylvisaker Cup,18,Kimo Huddleston,Ronnie Hayes,,,2021
,,Live,Chukka 6,International Polo Club Palm Beach,USA,20000,Non Call,,Crossing,Beverly Polo vs Aspen,,,,Unknown,,,January 20. 2021,Non Call (5),,,,,5654467,Search Livestream,,,,Group,Team,Horton Schwartz,,Ylvisaker Cup,18,Kimo Huddleston,Ronnie Hayes,,,2021
,,Live,Chukka 6,International Polo Club Palm Beach,USA,20000,Non Call,,Crossing,Beverly Polo vs Aspen,,,,Unknown,,,January 20. 2021,Non Call (6),,,,,5667100,Search Livestream,,,,Group,Team,Horton Schwartz,,Ylvisaker Cup,18,Kimo Huddleston,Ronnie Hayes,,,2021
,,Live,Chukka 6,International Polo Club Palm Beach,USA,40000,,,,Beverly Polo vs Aspen,,,,Unknown,,,January 20. 2021,Knock In (13),,,,Hilario Figueras,5695800,Search Livestream,Knock In,,,Group,Beverly Polo,Horton Schwartz,,Ylvisaker Cup,18,Kimo Huddleston,Ronnie Hayes,,,2021
