Name,Position,Duration,Umpire 2,Stage,Club,Third Umpire,Tournament,Country,Umpire 1,Instant Replay Official,Search Event,Match Date,Game,Camera Angle,Tournament Handicap,Set Play,Chukka,Year,Throw-in Outcome,Player,Team,Shot At Goal,Location,General Field Area,Shot At Goal Outcome,Goal,Highlight Reel,Assist Outcome,Assist,Foul,Foul Type,Penalty Block,Knock-in Player 2,Foul Outcome,Penalties,Penalty Outcome
Throw-in,0,15000,Steven Evans,Group,Eldorado Polo Club,Daniel Healy,Mack and Madelyn Jason Memorial,USA,Martin Aguerre,Unknown,Search Livestream,January 8. 2021,Cavallo Ranch vs JC Polo/Folded Hills,Live,8,Throw-in,Chukka 1,2021,Cavallo Ranch win throw-in,Remy Muller,Cavallo Ranch,,,,,,,,,,,,,,,
Shot At Goal,65880,35000,Steven Evans,Group,Eldorado Polo Club,Daniel Healy,Mack and Madelyn Jason Memorial,USA,Martin Aguerre,Unknown,Search Livestream,January 8. 2021,Cavallo Ranch vs JC Polo/Folded Hills,Live,8,,Chukka 1,2021,,Tommy Alberdi,Cavallo Ranch,Shot At Goal,76;49,Attacking 60,Goal,,,,,,,,,,,
Goal Cavallo Ranch,68682,35000,Steven Evans,Group,Eldorado Polo Club,Daniel Healy,Mack and Madelyn Jason Memorial,USA,Martin Aguerre,Unknown,Search Livestream,January 8. 2021,Cavallo Ranch vs JC Polo/Folded Hills,Live,8,,Chukka 1,2021,,Tommy Alberdi,Cavallo Ranch,,76;3,Attacking 30,,Goal Cavallo Ranch,Goals,,,,,,,,,
Shot At Goal (1),84759,35000,Steven Evans,Group,Eldorado Polo Club,Daniel Healy,Mack and Madelyn Jason Memorial,USA,Martin Aguerre,Unknown,Search Livestream,January 8. 2021,Cavallo Ranch vs JC Polo/Folded Hills,Live,8,,Chukka 1,2021,,Ben Soleimani,Cavallo Ranch,Shot At Goal,74;52,Attacking 60,Goal,,,,,,,,,,,
Goal Cavallo Ranch (1),88195,35000,Steven Evans,Group,Eldorado Polo Club,Daniel Healy,Mack and Madelyn Jason Memorial,USA,Martin Aguerre,Unknown,Search Livestream,January 8. 2021,Cavallo Ranch vs JC Polo/Folded Hills,Live,8,,Chukka 1,2021,,Ben Soleimani,Cavallo Ranch,,76;1,Attacking 30,,Goal Cavallo Ranch,Goals,,,,,,,,,
Throw-in (1),95717,20000,Steven Evans,Group,Eldorado Polo Club,Daniel Healy,Mack and Madelyn Jason Memorial,USA,Martin Aguerre,Unknown,Search Livestream,January 8. 2021,Cavallo Ranch vs JC Polo/Folded Hills,Live,8,Throw-in,Chukka 1,2021,Cavallo Ranch win throw-in,Tommy Alberdi,Cavallo Ranch,,,,,,,,,,,,,,,
Assist,103195,25000,Steven Evans,Group,Eldorado Polo Club,Daniel Healy,Mack and Madelyn Jason Memorial,USA,Martin Aguerre,Unknown,Search Livestream,January 8. 2021,Cavallo Ranch vs JC Polo/Folded Hills,Live,8,,Chukka 1,2021,,Tommy Alberdi,Cavallo Ranch,,,,,,,Successful,Tommy Alberdi,,,,,,,
Throw-in (2),115130,20000,Steven Evans,Group,Eldorado Polo Club,Daniel Healy,Mack and Madelyn Jason Memorial,USA,Martin Aguerre,Unknown,Search Livestream,January 8. 2021,Cavallo Ranch vs JC Polo/Folded Hills,Live,8,Throw-in,Chukka 1,2021,JC Polo/Folded Hills win throw-in,Will Busch,JC Polo/Folded Hills,,,,,,,,,,,,,,,
Shot At Goal (2),130407,35000,Steven Evans,Group,Eldorado Polo Club,Daniel Healy,Mack and Madelyn Jason Memorial,USA,Martin Aguerre,Unknown,Search Livestream,January 8. 2021,Cavallo Ranch vs JC Polo/Folded Hills,Live,8,,Chukka 1,2021,,JC Polo/Folded Hills Player 4,JC Polo/Folded Hills,Shot At Goal,67;71,Attacking 60,Blocked,,,,,,,,,,,
Shot At Goal (3),137311,35000,Steven Evans,Group,Eldorado Polo Club,Daniel Healy,Mack and Madelyn Jason Memorial,USA,Martin Aguerre,Unknown,Search Livestream,January 8. 2021,Cavallo Ranch vs JC Polo/Folded Hills,Live,8,,Chukka 1,2021,,Will Busch,JC Polo/Folded Hills,Shot At Goal,90;22,Attacking 30,Wide,,,,,,,,,,,
Non Call,147640,20000,Steven Evans,Group,Eldorado Polo Club,Daniel Healy,Mack and Madelyn Jason Memorial,USA,Martin Aguerre,Unknown,Search Livestream,January 8. 2021,Cavallo Ranch vs JC Polo/Folded Hills,Live,8,,Chukka 1,2021,,,Team,,,,,,,,,Non Call,Right of Way,,,,,
Shot Block,156524,10000,Steven Evans,Group,Eldorado Polo Club,Daniel Healy,Mack and Madelyn Jason Memorial,USA,Martin Aguerre,Unknown,Search Livestream,January 8. 2021,Cavallo Ranch vs JC Polo/Folded Hills,Live,8,,Chukka 1,2021,,John Bickford,Cavallo Ranch,,,,,,,,,,,Shot Block,,,,
Non Call (1),158247,20000,Steven Evans,Group,Eldorado Polo Club,Daniel Healy,Mack and Madelyn Jason Memorial,USA,Martin Aguerre,Unknown,Search Livestream,January 8. 2021,Cavallo Ranch vs JC Polo/Folded Hills,Live,8,,Chukka 1,2021,,,Team,,,,,,,,,Non Call,Right of Way,,,,,
Shot At Goal (4),189129,35000,Steven Evans,Group,Eldorado Polo Club,Daniel Healy,Mack and Madelyn Jason Memorial,USA,Martin Aguerre,Unknown,Search Livestream,January 8. 2021,Cavallo Ranch vs JC Polo/Folded Hills,Live,8,,Chukka 1,2021,,John Bickford,Cavallo Ranch,Shot At Goal,78;18,Attacking 30,Goal,,,,,,,,,,,
Goal Cavallo Ranch (2),190997,35000,Steven Evans,Group,Eldorado Polo Club,Daniel Healy,Mack and Madelyn Jason Memorial,USA,Martin Aguerre,Unknown,Search Livestream,January 8. 2021,Cavallo Ranch vs JC Polo/Folded Hills,Live,8,,Chukka 1,2021,,John Bickford,Cavallo Ranch,,77;2,Attacking 30,,Goal Cavallo Ranch,,,,,,,,,,
Assist (1),206831,25000,Steven Evans,Group,Eldorado Polo Club,Daniel Healy,Mack and Madelyn Jason Memorial,USA,Martin Aguerre,Unknown,Search Livestream,January 8. 2021,Cavallo Ranch vs JC Polo/Folded Hills,Live,8,,Chukka 1,2021,,Tommy Alberdi,Cavallo Ranch,,,,,,,Successful,Tommy Alberdi,,,,,,,
Throw-in (3),220984,20000,Steven Evans,Group,Eldorado Polo Club,Daniel Healy,Mack and Madelyn Jason Memorial,USA,Martin Aguerre,Unknown,Search Livestream,January 8. 2021,Cavallo Ranch vs JC Polo/Folded Hills,Live,8,Throw-in,Chukka 1,2021,Cavallo Ranch win throw-in,John Bickford,Cavallo Ranch,,,,,,,,,,,,,,,
Shot At Goal (5),232858,35000,Steven Evans,Group,Eldorado Polo Club,Daniel Healy,Mack and Madelyn Jason Memorial,USA,Martin Aguerre,Unknown,Search Livestream,January 8. 2021,Cavallo Ranch vs JC Polo/Folded Hills,Live,8,,Chukka 1,2021,,Will Busch,JC Polo/Folded Hills,Shot At Goal,76;20,Attacking 30,Short,,,,,,,,,,,
Assist (2),249526,25000,Steven Evans,Group,Eldorado Polo Club,Daniel Healy,Mack and Madelyn Jason Memorial,USA,Martin Aguerre,Unknown,Search Livestream,January 8. 2021,Cavallo Ranch vs JC Polo/Folded Hills,Live,8,,Chukka 1,2021,,Jesse Bray,JC Polo/Folded Hills,,,,,,,Unsuccessful,Jesse Bray,,,,,,,
Shot At Goal (6),260227,35000,Steven Evans,Group,Eldorado Polo Club,Daniel Healy,Mack and Madelyn Jason Memorial,USA,Martin Aguerre,Unknown,Search Livestream,January 8. 2021,Cavallo Ranch vs JC Polo/Folded Hills,Live,8,,Chukka 1,2021,,Jesse Bray,JC Polo/Folded Hills,Shot At Goal,70;43,Attacking 60,Wide,,,,,,,,,,,
Assist (3),276644,25000,Steven Evans,Group,Eldorado Polo Club,Daniel Healy,Mack and Madelyn Jason Memorial,USA,Martin Aguerre,Unknown,Search Livestream,January 8. 2021,Cavallo Ranch vs JC Polo/Folded Hills,Live,8,,Chukka 1,2021,,Bayne Bossom,JC Polo/Folded Hills,,,,,,,Unsuccessful,Bayne Bossom,,,,,,,
Knock In,289595,40000,Steven Evans,Group,Eldorado Polo Club,Daniel Healy,Mack and Madelyn Jason Memorial,USA,Martin Aguerre,Unknown,Search Livestream,January 8. 2021,Cavallo Ranch vs JC Polo/Folded Hills,Live,8,Knock In,Chukka 1,2021,,Tommy Alberdi,Cavallo Ranch,,,,,,,,,,,,Remy Muller,,,
Shot At Goal (7),316514,35000,Steven Evans,Group,Eldorado Polo Club,Daniel Healy,Mack and Madelyn Jason Memorial,USA,Martin Aguerre,Unknown,Search Livestream,January 8. 2021,Cavallo Ranch vs JC Polo/Folded Hills,Live,8,,Chukka 1,2021,,Ben Soleimani,Cavallo Ranch,Shot At Goal,83;102,Attacking Half,Wide,,,,,,,,,,,
Assist (4),329219,25000,Steven Evans,Group,Eldorado Polo Club,Daniel Healy,Mack and Madelyn Jason Memorial,USA,Martin Aguerre,Unknown,Search Livestream,January 8. 2021,Cavallo Ranch vs JC Polo/Folded Hills,Live,8,,Chukka 1,2021,,John Bickford,Cavallo Ranch,,,,,,,Unsuccessful,John Bickford,,,,,,,
Goal Cavallo Ranch (3),329973,35000,Steven Evans,Group,Eldorado Polo Club,Daniel Healy,Mack and Madelyn Jason Memorial,USA,Martin Aguerre,Unknown,Search Livestream,January 8. 2021,Cavallo Ranch vs JC Polo/Folded Hills,Live,8,,Chukka 2,2021,,Remy Muller,Cavallo Ranch,,75;1,Attacking 30,,Goal Cavallo Ranch,Goals,,,,,,,,,
Shot At Goal (8),330000,35000,Steven Evans,Group,Eldorado Polo Club,Daniel Healy,Mack and Madelyn Jason Memorial,USA,Martin Aguerre,Unknown,Search Livestream,January 8. 2021,Cavallo Ranch vs JC Polo/Folded Hills,Live,8,,Chukka 2,2021,,Remy Muller,Cavallo Ranch,Shot At Goal,78;21,Attacking 30,Goal,,,,,,,,,,,
Knock In (1),349285,40000,Steven Evans,Group,Eldorado Polo Club,Daniel Healy,Mack and Madelyn Jason Memorial,USA,Martin Aguerre,Unknown,Search Livestream,January 8. 2021,Cavallo Ranch vs JC Polo/Folded Hills,Live,8,Knock In,Chukka 2,2021,,Jesse Bray,JC Polo/Folded Hills,,,,,,,,,,,,,,,
Throw-in (4),356624,20000,Steven Evans,Group,Eldorado Polo Club,Daniel Healy,Mack and Madelyn Jason Memorial,USA,Martin Aguerre,Unknown,Search Livestream,January 8. 2021,Cavallo Ranch vs JC Polo/Folded Hills,Live,8,Throw-in,Chukka 2,2021,Cavallo Ranch win throw-in,John Bickford,Cavallo Ranch,,,,,,,,,,,,,,,
Shot At Goal (9),394950,35000,Steven Evans,Group,Eldorado Polo Club,Daniel Healy,Mack and Madelyn Jason Memorial,USA,Martin Aguerre,Unknown,Search Livestream,January 8. 2021,Cavallo Ranch vs JC Polo/Folded Hills,Live,8,,Chukka 2,2021,,Jesse Bray,JC Polo/Folded Hills,Shot At Goal,63;17,Attacking 30,Wide,,,,,,,,,,,
Knock In (2),427271,40000,Steven Evans,Group,Eldorado Polo Club,Daniel Healy,Mack and Madelyn Jason Memorial,USA,Martin Aguerre,Unknown,Search Livestream,January 8. 2021,Cavallo Ranch vs JC Polo/Folded Hills,Live,8,Knock In,Chukka 2,2021,,Tommy Alberdi,Cavallo Ranch,,,,,,,,,,,,Remy Muller,,,
Foul,457514,25000,Steven Evans,Group,Eldorado Polo Club,Daniel Healy,Mack and Madelyn Jason Memorial,USA,Martin Aguerre,Unknown,Search Livestream,January 8. 2021,Cavallo Ranch vs JC Polo/Folded Hills,Live,8,,Chukka 2,2021,,John Bickford,Cavallo Ranch,,129;111,Attacking Half,,,,,,Foul,Turning,,,Penalty 5,,
Foul Received,457514,25000,Steven Evans,Group,Eldorado Polo Club,Daniel Healy,Mack and Madelyn Jason Memorial,USA,Martin Aguerre,Unknown,Search Livestream,January 8. 2021,Cavallo Ranch vs JC Polo/Folded Hills,Live,8,,Chukka 2,2021,,Jesse Bray,JC Polo/Folded Hills,,30;180,Defending Half,,,,,,Foul Received,Turning,,,Penalty 5,,
Shot At Goal (10),464079,35000,Steven Evans,Group,Eldorado Polo Club,Daniel Healy,Mack and Madelyn Jason Memorial,USA,Martin Aguerre,Unknown,Search Livestream,January 8. 2021,Cavallo Ranch vs JC Polo/Folded Hills,Live,8,,Chukka 2,2021,,Jesse Bray,JC Polo/Folded Hills,Shot At Goal,63;51,Attacking 60,Wide,,,,,,,,,,,
Penalty 5,467615,30000,Steven Evans,Group,Eldorado Polo Club,Daniel Healy,Mack and Madelyn Jason Memorial,USA,Martin Aguerre,Unknown,Search Livestream,January 8. 2021,Cavallo Ranch vs JC Polo/Folded Hills,Live,8,Penalty 5,Chukka 2,2021,,Jesse Bray,JC Polo/Folded Hills,,,,,,,,,,,,,,,
Non Call (2),470239,20000,Steven Evans,Group,Eldorado Polo Club,Daniel Healy,Mack and Madelyn Jason Memorial,USA,Martin Aguerre,Unknown,Search Livestream,January 8. 2021,Cavallo Ranch vs JC Polo/Folded Hills,Live,8,,Chukka 2,2021,,,Team,,,,,,,,,Non Call,Crossing,,,,,
Knock In (3),495500,40000,Steven Evans,Group,Eldorado Polo Club,Daniel Healy,Mack and Madelyn Jason Memorial,USA,Martin Aguerre,Unknown,Search Livestream,January 8. 2021,Cavallo Ranch vs JC Polo/Folded Hills,Live,8,Knock In,Chukka 2,2021,,Tommy Alberdi,Cavallo Ranch,,,,,,,,,,,,John Bickford,,,
Foul (1),504746,25000,Steven Evans,Group,Eldorado Polo Club,Daniel Healy,Mack and Madelyn Jason Memorial,USA,Martin Aguerre,Unknown,Search Livestream,January 8. 2021,Cavallo Ranch vs JC Polo/Folded Hills,Live,8,,Chukka 2,2021,,Ben Soleimani,Cavallo Ranch,,89;102,Attacking Half,,,,,,Foul,Right of Way,,,Penalty 5,,
Foul Received (1),504746,25000,Steven Evans,Group,Eldorado Polo Club,Daniel Healy,Mack and Madelyn Jason Memorial,USA,Martin Aguerre,Unknown,Search Livestream,January 8. 2021,Cavallo Ranch vs JC Polo/Folded Hills,Live,8,,Chukka 2,2021,,Jesse Bray,JC Polo/Folded Hills,,58;192,Defending Half,,,,,,Foul Received,Right of Way,,,Penalty 5,,
Shot At Goal (11),508476,35000,Steven Evans,Group,Eldorado Polo Club,Daniel Healy,Mack and Madelyn Jason Memorial,USA,Martin Aguerre,Unknown,Search Livestream,January 8. 2021,Cavallo Ranch vs JC Polo/Folded Hills,Live,8,,Chukka 2,2021,,Bayne Bossom,JC Polo/Folded Hills,Shot At Goal,25;103,Attacking Half,Wide,,,,,,,,,,,
Shot At Goal (12),516097,35000,Steven Evans,Group,Eldorado Polo Club,Daniel Healy,Mack and Madelyn Jason Memorial,USA,Martin Aguerre,Unknown,Search Livestream,January 8. 2021,Cavallo Ranch vs JC Polo/Folded Hills,Live,8,,Chukka 2,2021,,JC Polo/Folded Hills Player 4,JC Polo/Folded Hills,Shot At Goal,55;8,Attacking 30,Miss Hit,,,,,,,,,,,
Penalty 5 (1),522435,30000,Steven Evans,Group,Eldorado Polo Club,Daniel Healy,Mack and Madelyn Jason Memorial,USA,Martin Aguerre,Unknown,Search Livestream,January 8. 2021,Cavallo Ranch vs JC Polo/Folded Hills,Live,8,Penalty 5,Chukka 2,2021,,Jesse Bray,JC Polo/Folded Hills,,,,,,,,,,,,,,,
Assist (5),528729,25000,Steven Evans,Group,Eldorado Polo Club,Daniel Healy,Mack and Madelyn Jason Memorial,USA,Martin Aguerre,Unknown,Search Livestream,January 8. 2021,Cavallo Ranch vs JC Polo/Folded Hills,Live,8,,Chukka 2,2021,,Jesse Bray,JC Polo/Folded Hills,,,,,,,Unsuccessful,Jesse Bray,,,,,,,
Shot At Goal (13),532375,35000,Steven Evans,Group,Eldorado Polo Club,Daniel Healy,Mack and Madelyn Jason Memorial,USA,Martin Aguerre,Unknown,Search Livestream,January 8. 2021,Cavallo Ranch vs JC Polo/Folded Hills,Live,8,,Chukka 2,2021,,Jesse Bray,JC Polo/Folded Hills,Shot At Goal,63;93,Attacking Half,Wide,,,,,,,,,,,
Shot At Goal (14),537211,35000,Steven Evans,Group,Eldorado Polo Club,Daniel Healy,Mack and Madelyn Jason Memorial,USA,Martin Aguerre,Unknown,Search Livestream,January 8. 2021,Cavallo Ranch vs JC Polo/Folded Hills,Live,8,,Chukka 2,2021,,JC Polo/Folded Hills Player 4,JC Polo/Folded Hills,Shot At Goal,59;8,Attacking 30,Wide,,,,,,,,,,,
Knock In (4),569032,40000,Steven Evans,Group,Eldorado Polo Club,Daniel Healy,Mack and Madelyn Jason Memorial,USA,Martin Aguerre,Unknown,Search Livestream,January 8. 2021,Cavallo Ranch vs JC Polo/Folded Hills,Live,8,Knock In,Chukka 2,2021,,Remy Muller,Cavallo Ranch,,,,,,,,,,,,,,,
Goal JC Polo/Folded Hills,576154,35000,Steven Evans,Group,Eldorado Polo Club,Daniel Healy,Mack and Madelyn Jason Memorial,USA,Martin Aguerre,Unknown,Search Livestream,January 8. 2021,Cavallo Ranch vs JC Polo/Folded Hills,Live,8,,Chukka 2,2021,,Bayne Bossom,JC Polo/Folded Hills,,76;2,Attacking 30,,Goal JC Polo/Folded Hills,,,,,,,,,,
Foul (2),587401,25000,Steven Evans,Group,Eldorado Polo Club,Daniel Healy,Mack and Madelyn Jason Memorial,USA,Martin Aguerre,Unknown,Search Livestream,January 8. 2021,Cavallo Ranch vs JC Polo/Folded Hills,Live,8,,Chukka 2,2021,,John Bickford,Cavallo Ranch,,60;251,Defending 60,,,,,,Foul,Cross/High Hook,,,Penalty 30 yards,,
Foul Received (2),587401,25000,Steven Evans,Group,Eldorado Polo Club,Daniel Healy,Mack and Madelyn Jason Memorial,USA,Martin Aguerre,Unknown,Search Livestream,January 8. 2021,Cavallo Ranch vs JC Polo/Folded Hills,Live,8,,Chukka 2,2021,,Jesse Bray,JC Polo/Folded Hills,,91;44,Attacking 60,,,,,,Foul Received,Cross/High Hook,,,Penalty 30 yards,,
Penalty 30 yards,593286,15000,Steven Evans,Group,Eldorado Polo Club,Daniel Healy,Mack and Madelyn Jason Memorial,USA,Martin Aguerre,Unknown,Search Livestream,January 8. 2021,Cavallo Ranch vs JC Polo/Folded Hills,Live,8,,Chukka 2,2021,,Bayne Bossom,JC Polo/Folded Hills,,,,,,,,,,,,,,Penalty 30 yards,Goal
Foul Received (3),601277,25000,Steven Evans,Group,Eldorado Polo Club,Daniel Healy,Mack and Madelyn Jason Memorial,USA,Martin Aguerre,Unknown,Search Livestream,January 8. 2021,Cavallo Ranch vs JC Polo/Folded Hills,Live,8,,Chukka 2,2021,,Ben Soleimani,Cavallo Ranch,,61;159,Defending Half,,,,,,Foul Received,Reaching,,,Penalty 5,,
Foul (3),601277,25000,Steven Evans,Group,Eldorado Polo Club,Daniel Healy,Mack and Madelyn Jason Memorial,USA,Martin Aguerre,Unknown,Search Livestream,January 8. 2021,Cavallo Ranch vs JC Polo/Folded Hills,Live,8,,Chukka 2,2021,,Will Busch,JC Polo/Folded Hills,,89;138,Attacking Half,,,,,,Foul,Reaching,,,Penalty 5,,
Throw-in (5),603539,20000,Steven Evans,Group,Eldorado Polo Club,Daniel Healy,Mack and Madelyn Jason Memorial,USA,Martin Aguerre,Unknown,Search Livestream,January 8. 2021,Cavallo Ranch vs JC Polo/Folded Hills,Live,8,Throw-in,Chukka 2,2021,JC Polo/Folded Hills win throw-in,Bayne Bossom,JC Polo/Folded Hills,,,,,,,,,,,,,,,
Goal Cavallo Ranch (4),610594,35000,Steven Evans,Group,Eldorado Polo Club,Daniel Healy,Mack and Madelyn Jason Memorial,USA,Martin Aguerre,Unknown,Search Livestream,January 8. 2021,Cavallo Ranch vs JC Polo/Folded Hills,Live,8,,Chukka 2,2021,,Tommy Alberdi,Cavallo Ranch,,75;1,Attacking 30,,Goal Cavallo Ranch,,,,,,,,,,
Penalty 5 (2),611461,30000,Steven Evans,Group,Eldorado Polo Club,Daniel Healy,Mack and Madelyn Jason Memorial,USA,Martin Aguerre,Unknown,Search Livestream,January 8. 2021,Cavallo Ranch vs JC Polo/Folded Hills,Live,8,Penalty 5,Chukka 2,2021,,Tommy Alberdi,Cavallo Ranch,,,,,,,,,,,,,,,
Foul Received (4),620923,25000,Steven Evans,Group,Eldorado Polo Club,Daniel Healy,Mack and Madelyn Jason Memorial,USA,Martin Aguerre,Unknown,Search Livestream,January 8. 2021,Cavallo Ranch vs JC Polo/Folded Hills,Live,8,,Chukka 2,2021,,Remy Muller,Cavallo Ranch,,78;21,Attacking 30,,,,,,Foul Received,Right of Way,,,Penalty 30 yards,,
Foul (4),620923,25000,Steven Evans,Group,Eldorado Polo Club,Daniel Healy,Mack and Madelyn Jason Memorial,USA,Martin Aguerre,Unknown,Search Livestream,January 8. 2021,Cavallo Ranch vs JC Polo/Folded Hills,Live,8,,Chukka 2,2021,,Jesse Bray,JC Polo/Folded Hills,,73;277,Defending 30,,,,,,Foul,Right of Way,,,Penalty 30 yards,,
Penalty 30 yards (1),628576,15000,Steven Evans,Group,Eldorado Polo Club,Daniel Healy,Mack and Madelyn Jason Memorial,USA,Martin Aguerre,Unknown,Search Livestream,January 8. 2021,Cavallo Ranch vs JC Polo/Folded Hills,Live,8,,Chukka 2,2021,,Tommy Alberdi,Cavallo Ranch,,,,,,,,,,,,,,Penalty 30 yards,Goal
Throw-in (6),637428,20000,Steven Evans,Group,Eldorado Polo Club,Daniel Healy,Mack and Madelyn Jason Memorial,USA,Martin Aguerre,Unknown,Search Livestream,January 8. 2021,Cavallo Ranch vs JC Polo/Folded Hills,Live,8,Throw-in,Chukka 2,2021,Cavallo Ranch win throw-in,Ben Soleimani,Cavallo Ranch,,,,,,,,,,,,,,,
Foul Received (5),659049,25000,Steven Evans,Group,Eldorado Polo Club,Daniel Healy,Mack and Madelyn Jason Memorial,USA,Martin Aguerre,Unknown,Search Livestream,January 8. 2021,Cavallo Ranch vs JC Polo/Folded Hills,Live,8,,Chukka 2,2021,,Remy Muller,Cavallo Ranch,,85;203,Defending Half,,,,,,Foul Received,Dangerous Riding,,,Penalty 5B,,
Foul (5),659049,25000,Steven Evans,Group,Eldorado Polo Club,Daniel Healy,Mack and Madelyn Jason Memorial,USA,Martin Aguerre,Unknown,Search Livestream,January 8. 2021,Cavallo Ranch vs JC Polo/Folded Hills,Live,8,,Chukka 2,2021,,Bayne Bossom,JC Polo/Folded Hills,,64;94,Attacking Half,,,,,,Foul,Dangerous Riding,,,Penalty 5B,,
Shot At Goal (15),660258,35000,Steven Evans,Group,Eldorado Polo Club,Daniel Healy,Mack and Madelyn Jason Memorial,USA,Martin Aguerre,Unknown,Search Livestream,January 8. 2021,Cavallo Ranch vs JC Polo/Folded Hills,Live,8,,Chukka 3,2021,,Remy Muller,Cavallo Ranch,Shot At Goal,61;56,Attacking 60,Wide,,,,,,,,,,,
Penalty 5b,671568,30000,Steven Evans,Group,Eldorado Polo Club,Daniel Healy,Mack and Madelyn Jason Memorial,USA,Martin Aguerre,Unknown,Search Livestream,January 8. 2021,Cavallo Ranch vs JC Polo/Folded Hills,Live,8,Penalty 5b,Chukka 3,2021,,Tommy Alberdi,Cavallo Ranch,,,,,,,,,,,,,,,
Assist (6),676578,25000,Steven Evans,Group,Eldorado Polo Club,Daniel Healy,Mack and Madelyn Jason Memorial,USA,Martin Aguerre,Unknown,Search Livestream,January 8. 2021,Cavallo Ranch vs JC Polo/Folded Hills,Live,8,,Chukka 3,2021,,Tommy Alberdi,Cavallo Ranch,,,,,,,Unsuccessful,Tommy Alberdi,,,,,,,
Knock In (5),690096,40000,Steven Evans,Group,Eldorado Polo Club,Daniel Healy,Mack and Madelyn Jason Memorial,USA,Martin Aguerre,Unknown,Search Livestream,January 8. 2021,Cavallo Ranch vs JC Polo/Folded Hills,Live,8,Knock In,Chukka 3,2021,,Jesse Bray,JC Polo/Folded Hills,,,,,,,,,,,,JC Polo/Folded Hills Player 4,,,
Shot At Goal (16),720684,35000,Steven Evans,Group,Eldorado Polo Club,Daniel Healy,Mack and Madelyn Jason Memorial,USA,Martin Aguerre,Unknown,Search Livestream,January 8. 2021,Cavallo Ranch vs JC Polo/Folded Hills,Live,8,,Chukka 3,2021,,John Bickford,Cavallo Ranch,Shot At Goal,59;17,Attacking 30,Wide,,,,,,,,,,,
Assist (7),736101,25000,Steven Evans,Group,Eldorado Polo Club,Daniel Healy,Mack and Madelyn Jason Memorial,USA,Martin Aguerre,Unknown,Search Livestream,January 8. 2021,Cavallo Ranch vs JC Polo/Folded Hills,Live,8,,Chukka 3,2021,,Tommy Alberdi,Cavallo Ranch,,,,,,,Unsuccessful,Tommy Alberdi,,,,,,,
Shot At Goal (17),753422,35000,Steven Evans,Group,Eldorado Polo Club,Daniel Healy,Mack and Madelyn Jason Memorial,USA,Martin Aguerre,Unknown,Search Livestream,January 8. 2021,Cavallo Ranch vs JC Polo/Folded Hills,Live,8,,Chukka 3,2021,,Jesse Bray,JC Polo/Folded Hills,Shot At Goal,73;16,Attacking 30,Goal,,,,,,,,,,,
Goal JC Polo/Folded Hills (1),754940,35000,Steven Evans,Group,Eldorado Polo Club,Daniel Healy,Mack and Madelyn Jason Memorial,USA,Martin Aguerre,Unknown,Search Livestream,January 8. 2021,Cavallo Ranch vs JC Polo/Folded Hills,Live,8,,Chukka 3,2021,,Jesse Bray,JC Polo/Folded Hills,,77;1,Attacking 30,,Goal JC Polo/Folded Hills,Goals,,,,,,,,,
Non Call (3),759582,20000,Steven Evans,Group,Eldorado Polo Club,Daniel Healy,Mack and Madelyn Jason Memorial,USA,Martin Aguerre,Unknown,Search Livestream,January 8. 2021,Cavallo Ranch vs JC Polo/Folded Hills,Live,8,,Chukka 3,2021,,,Team,,,,,,,,,Non Call,Right of Way,,,,,
Shot At Goal (18),766765,35000,Steven Evans,Group,Eldorado Polo Club,Daniel Healy,Mack and Madelyn Jason Memorial,USA,Martin Aguerre,Unknown,Search Livestream,January 8. 2021,Cavallo Ranch vs JC Polo/Folded Hills,Live,8,,Chukka 3,2021,,Jesse Bray,JC Polo/Folded Hills,Shot At Goal,58;104,Attacking Half,Blocked,,,,,,,,,,,
Throw-in (7),782542,20000,Steven Evans,Group,Eldorado Polo Club,Daniel Healy,Mack and Madelyn Jason Memorial,USA,Martin Aguerre,Unknown,Search Livestream,January 8. 2021,Cavallo Ranch vs JC Polo/Folded Hills,Live,8,Throw-in,Chukka 3,2021,JC Polo/Folded Hills win throw-in,Jesse Bray,JC Polo/Folded Hills,,,,,,,,,,,,,,,
Shot Block (1),795817,10000,Steven Evans,Group,Eldorado Polo Club,Daniel Healy,Mack and Madelyn Jason Memorial,USA,Martin Aguerre,Unknown,Search Livestream,January 8. 2021,Cavallo Ranch vs JC Polo/Folded Hills,Live,8,,Chukka 3,2021,,Remy Muller,Cavallo Ranch,,,,,,,,,,,Shot Block,,,,
Shot At Goal (19),845551,35000,Steven Evans,Group,Eldorado Polo Club,Daniel Healy,Mack and Madelyn Jason Memorial,USA,Martin Aguerre,Unknown,Search Livestream,January 8. 2021,Cavallo Ranch vs JC Polo/Folded Hills,Live,8,,Chukka 3,2021,,Remy Muller,Cavallo Ranch,Shot At Goal,43;92,Attacking Half,Wide,,,,,,,,,,,
Assist (8),865220,25000,Steven Evans,Group,Eldorado Polo Club,Daniel Healy,Mack and Madelyn Jason Memorial,USA,Martin Aguerre,Unknown,Search Livestream,January 8. 2021,Cavallo Ranch vs JC Polo/Folded Hills,Live,8,,Chukka 3,2021,,Tommy Alberdi,Cavallo Ranch,,,,,,,Unsuccessful,Tommy Alberdi,,,,,,,
Shot At Goal (20),880791,35000,Steven Evans,Group,Eldorado Polo Club,Daniel Healy,Mack and Madelyn Jason Memorial,USA,Martin Aguerre,Unknown,Search Livestream,January 8. 2021,Cavallo Ranch vs JC Polo/Folded Hills,Live,8,,Chukka 3,2021,,Bayne Bossom,JC Polo/Folded Hills,Shot At Goal,76;12,Attacking 30,Goal,,,,,,,,,,,
Goal JC Polo/Folded Hills (2),883509,35000,Steven Evans,Group,Eldorado Polo Club,Daniel Healy,Mack and Madelyn Jason Memorial,USA,Martin Aguerre,Unknown,Search Livestream,January 8. 2021,Cavallo Ranch vs JC Polo/Folded Hills,Live,8,,Chukka 3,2021,,Bayne Bossom,JC Polo/Folded Hills,,74;1,Attacking 30,,Goal JC Polo/Folded Hills,Goals,,,,,,,,,
Assist (9),898676,25000,Steven Evans,Group,Eldorado Polo Club,Daniel Healy,Mack and Madelyn Jason Memorial,USA,Martin Aguerre,Unknown,Search Livestream,January 8. 2021,Cavallo Ranch vs JC Polo/Folded Hills,Live,8,,Chukka 3,2021,,Will Busch,JC Polo/Folded Hills,,,,,,,Successful,Will Busch,,,,,,,
Throw-in (8),913396,20000,Steven Evans,Group,Eldorado Polo Club,Daniel Healy,Mack and Madelyn Jason Memorial,USA,Martin Aguerre,Unknown,Search Livestream,January 8. 2021,Cavallo Ranch vs JC Polo/Folded Hills,Live,8,Throw-in,Chukka 3,2021,JC Polo/Folded Hills win throw-in,Jesse Bray,JC Polo/Folded Hills,,,,,,,,,,,,,,,
Shot At Goal (21),969300,35000,Steven Evans,Group,Eldorado Polo Club,Daniel Healy,Mack and Madelyn Jason Memorial,USA,Martin Aguerre,Unknown,Search Livestream,January 8. 2021,Cavallo Ranch vs JC Polo/Folded Hills,Live,8,,Chukka 3,2021,,JC Polo/Folded Hills Player 4,JC Polo/Folded Hills,Shot At Goal,73;22,Attacking 30,Wide,,,,,,,,,,,
Knock In,999786,40000,Steven Evans,Group,Eldorado Polo Club,Daniel Healy,Mack and Madelyn Jason Memorial,USA,Martin Aguerre,Unknown,Search Livestream,January 8. 2021,Cavallo Ranch vs JC Polo/Folded Hills,Live,8,Knock In,Chukka 4,2021,,Tommy Alberdi,Cavallo Ranch,,,,,,,,,,,,Ben Soleimani,,,
Shot At Goal,1059960,35000,Steven Evans,Group,Eldorado Polo Club,Daniel Healy,Mack and Madelyn Jason Memorial,USA,Martin Aguerre,Unknown,Search Livestream,January 8. 2021,Cavallo Ranch vs JC Polo/Folded Hills,Live,8,,Chukka 4,2021,,John Bickford,Cavallo Ranch,Shot At Goal,96;52,Attacking 60,Wide,,,,,,,,,,,
Assist,1081081,25000,Steven Evans,Group,Eldorado Polo Club,Daniel Healy,Mack and Madelyn Jason Memorial,USA,Martin Aguerre,Unknown,Search Livestream,January 8. 2021,Cavallo Ranch vs JC Polo/Folded Hills,Live,8,,Chukka 4,2021,,Remy Muller,Cavallo Ranch,,,,,,,Unsuccessful,Remy Muller,,,,,,,
Knock In (1),1093149,40000,Steven Evans,Group,Eldorado Polo Club,Daniel Healy,Mack and Madelyn Jason Memorial,USA,Martin Aguerre,Unknown,Search Livestream,January 8. 2021,Cavallo Ranch vs JC Polo/Folded Hills,Live,8,Knock In,Chukka 4,2021,,Jesse Bray,JC Polo/Folded Hills,,,,,,,,,,,,JC Polo/Folded Hills Player 4,,,
Shot At Goal (1),1094133,35000,Steven Evans,Group,Eldorado Polo Club,Daniel Healy,Mack and Madelyn Jason Memorial,USA,Martin Aguerre,Unknown,Search Livestream,January 8. 2021,Cavallo Ranch vs JC Polo/Folded Hills,Live,8,,Chukka 4,2021,,Will Busch,JC Polo/Folded Hills,Shot At Goal,111;61,Attacking 60,Short,,,,,,,,,,,
Foul Received (6),1162452,25000,Steven Evans,Group,Eldorado Polo Club,Daniel Healy,Mack and Madelyn Jason Memorial,USA,Martin Aguerre,Unknown,Search Livestream,January 8. 2021,Cavallo Ranch vs JC Polo/Folded Hills,Live,8,,Chukka 4,2021,,Remy Muller,Cavallo Ranch,,68;274,Defending 30,,,,,,Foul Received,Reaching,,,Penalty 5,,
Foul (6),1162452,25000,Steven Evans,Group,Eldorado Polo Club,Daniel Healy,Mack and Madelyn Jason Memorial,USA,Martin Aguerre,Unknown,Search Livestream,January 8. 2021,Cavallo Ranch vs JC Polo/Folded Hills,Live,8,,Chukka 4,2021,,Jesse Bray,JC Polo/Folded Hills,,80;24,Attacking 30,,,,,,Foul,Reaching,,,Penalty 5,,
Penalty 5,1173570,30000,Steven Evans,Group,Eldorado Polo Club,Daniel Healy,Mack and Madelyn Jason Memorial,USA,Martin Aguerre,Unknown,Search Livestream,January 8. 2021,Cavallo Ranch vs JC Polo/Folded Hills,Live,8,Penalty 5,Chukka 4,2021,,Remy Muller,Cavallo Ranch,,,,,,,,,,,,,,,
Non Call (4),1205196,20000,Steven Evans,Group,Eldorado Polo Club,Daniel Healy,Mack and Madelyn Jason Memorial,USA,Martin Aguerre,Unknown,Search Livestream,January 8. 2021,Cavallo Ranch vs JC Polo/Folded Hills,Live,8,,Chukka 4,2021,,,Team,,,,,,,,,Non Call,Blocking,,,,,
Shot At Goal (2),1211495,35000,Steven Evans,Group,Eldorado Polo Club,Daniel Healy,Mack and Madelyn Jason Memorial,USA,Martin Aguerre,Unknown,Search Livestream,January 8. 2021,Cavallo Ranch vs JC Polo/Folded Hills,Live,8,,Chukka 4,2021,,JC Polo/Folded Hills Player 4,JC Polo/Folded Hills,Shot At Goal,42;9,Attacking 30,Wide,,,,,,,,,,,
Goal Cavallo Ranch (5),1236362,35000,Steven Evans,Group,Eldorado Polo Club,Daniel Healy,Mack and Madelyn Jason Memorial,USA,Martin Aguerre,Unknown,Search Livestream,January 8. 2021,Cavallo Ranch vs JC Polo/Folded Hills,Live,8,,Chukka 4,2021,,Tommy Alberdi,Cavallo Ranch,,82;7,Attacking 30,,Goal Cavallo Ranch,,,,,,,,,,
Knock In (2),1243332,40000,Steven Evans,Group,Eldorado Polo Club,Daniel Healy,Mack and Madelyn Jason Memorial,USA,Martin Aguerre,Unknown,Search Livestream,January 8. 2021,Cavallo Ranch vs JC Polo/Folded Hills,Live,8,Knock In,Chukka 4,2021,,Tommy Alberdi,Cavallo Ranch,,,,,,,,,,,,Remy Muller,,,
Foul Received (7),1248943,25000,Steven Evans,Group,Eldorado Polo Club,Daniel Healy,Mack and Madelyn Jason Memorial,USA,Martin Aguerre,Unknown,Search Livestream,January 8. 2021,Cavallo Ranch vs JC Polo/Folded Hills,Live,8,,Chukka 4,2021,,Remy Muller,Cavallo Ranch,,40;162,Defending Half,,,,,,Foul Received,Turning,,,Penalty 30 yards,,
Foul (7),1248943,25000,Steven Evans,Group,Eldorado Polo Club,Daniel Healy,Mack and Madelyn Jason Memorial,USA,Martin Aguerre,Unknown,Search Livestream,January 8. 2021,Cavallo Ranch vs JC Polo/Folded Hills,Live,8,,Chukka 4,2021,,Jesse Bray,JC Polo/Folded Hills,,108;131,Attacking Half,,,,,,Foul,Turning,,,Penalty 30 yards,,
Penalty 30 yards,1254777,15000,Steven Evans,Group,Eldorado Polo Club,Daniel Healy,Mack and Madelyn Jason Memorial,USA,Martin Aguerre,Unknown,Search Livestream,January 8. 2021,Cavallo Ranch vs JC Polo/Folded Hills,Live,8,,Chukka 4,2021,,Tommy Alberdi,Cavallo Ranch,,,,,,,,,,,,,,Penalty 30 yards,Goal
Throw-in,1264614,20000,Steven Evans,Group,Eldorado Polo Club,Daniel Healy,Mack and Madelyn Jason Memorial,USA,Martin Aguerre,Unknown,Search Livestream,January 8. 2021,Cavallo Ranch vs JC Polo/Folded Hills,Live,8,Throw-in,Chukka 4,2021,JC Polo/Folded Hills win throw-in,Jesse Bray,JC Polo/Folded Hills,,,,,,,,,,,,,,,
Foul (8),1312485,25000,Steven Evans,Group,Eldorado Polo Club,Daniel Healy,Mack and Madelyn Jason Memorial,USA,Martin Aguerre,Unknown,Search Livestream,January 8. 2021,Cavallo Ranch vs JC Polo/Folded Hills,Live,8,,Chukka 4,2021,,John Bickford,Cavallo Ranch,,95;38,Attacking 30,,,,,,Foul,Right of Way,,,Penalty 5,,
Foul Received (8),1312485,25000,Steven Evans,Group,Eldorado Polo Club,Daniel Healy,Mack and Madelyn Jason Memorial,USA,Martin Aguerre,Unknown,Search Livestream,January 8. 2021,Cavallo Ranch vs JC Polo/Folded Hills,Live,8,,Chukka 4,2021,,Jesse Bray,JC Polo/Folded Hills,,48;272,Defending 30,,,,,,Foul Received,Right of Way,,,Penalty 5,,
Penalty 5 (1),1325037,30000,Steven Evans,Group,Eldorado Polo Club,Daniel Healy,Mack and Madelyn Jason Memorial,USA,Martin Aguerre,Unknown,Search Livestream,January 8. 2021,Cavallo Ranch vs JC Polo/Folded Hills,Live,8,Penalty 5,Chukka 4,2021,,Jesse Bray,JC Polo/Folded Hills,,,,,,,,,,,,,,,
Shot At Goal (3),1344801,35000,Steven Evans,Group,Eldorado Polo Club,Daniel Healy,Mack and Madelyn Jason Memorial,USA,Martin Aguerre,Unknown,Search Livestream,January 8. 2021,Cavallo Ranch vs JC Polo/Folded Hills,Live,8,,Chukka 4,2021,,Tommy Alberdi,Cavallo Ranch,Shot At Goal,104;20,Attacking 30,Blocked,,,,,,,,,,,
Shot Block,1371568,10000,Steven Evans,Group,Eldorado Polo Club,Daniel Healy,Mack and Madelyn Jason Memorial,USA,Martin Aguerre,Unknown,Search Livestream,January 8. 2021,Cavallo Ranch vs JC Polo/Folded Hills,Live,8,,Chukka 4,2021,,Will Busch,JC Polo/Folded Hills,,,,,,,,,,,Shot Block,,,,
Shot At Goal (4),1388997,35000,Steven Evans,Group,Eldorado Polo Club,Daniel Healy,Mack and Madelyn Jason Memorial,USA,Martin Aguerre,Unknown,Search Livestream,January 8. 2021,Cavallo Ranch vs JC Polo/Folded Hills,Live,8,,Chukka 5,2021,,Bayne Bossom,JC Polo/Folded Hills,Shot At Goal,55;13,Attacking 30,Wide,,,,,,,,,,,
Throw-in (1),1389447,20000,Steven Evans,Group,Eldorado Polo Club,Daniel Healy,Mack and Madelyn Jason Memorial,USA,Martin Aguerre,Unknown,Search Livestream,January 8. 2021,Cavallo Ranch vs JC Polo/Folded Hills,Live,8,Throw-in,Chukka 5,2021,JC Polo/Folded Hills win throw-in,Will Busch,JC Polo/Folded Hills,,,,,,,,,,,,,,,
Foul (9),1392288,25000,Steven Evans,Group,Eldorado Polo Club,Daniel Healy,Mack and Madelyn Jason Memorial,USA,Martin Aguerre,Unknown,Search Livestream,January 8. 2021,Cavallo Ranch vs JC Polo/Folded Hills,Live,8,,Chukka 5,2021,,Tommy Alberdi,Cavallo Ranch,,10;170,Defending Half,,,,,,Foul,Right of Way,,,Penalty 5,,
Foul Received (9),1392288,25000,Steven Evans,Group,Eldorado Polo Club,Daniel Healy,Mack and Madelyn Jason Memorial,USA,Martin Aguerre,Unknown,Search Livestream,January 8. 2021,Cavallo Ranch vs JC Polo/Folded Hills,Live,8,,Chukka 5,2021,,Jesse Bray,JC Polo/Folded Hills,,140;134,Attacking Half,,,,,,Foul Received,Right of Way,,,Penalty 5,,
Penalty 5 (2),1404157,30000,Steven Evans,Group,Eldorado Polo Club,Daniel Healy,Mack and Madelyn Jason Memorial,USA,Martin Aguerre,Unknown,Search Livestream,January 8. 2021,Cavallo Ranch vs JC Polo/Folded Hills,Live,8,Penalty 5,Chukka 5,2021,,Jesse Bray,JC Polo/Folded Hills,,,,,,,,,,,,,,,
Assist (1),1405331,25000,Steven Evans,Group,Eldorado Polo Club,Daniel Healy,Mack and Madelyn Jason Memorial,USA,Martin Aguerre,Unknown,Search Livestream,January 8. 2021,Cavallo Ranch vs JC Polo/Folded Hills,Live,8,,Chukka 5,2021,,Will Busch,JC Polo/Folded Hills,,,,,,,Unsuccessful,Will Busch,,,,,,,
Knock In (3),1420734,40000,Steven Evans,Group,Eldorado Polo Club,Daniel Healy,Mack and Madelyn Jason Memorial,USA,Martin Aguerre,Unknown,Search Livestream,January 8. 2021,Cavallo Ranch vs JC Polo/Folded Hills,Live,8,Knock In,Chukka 5,2021,,Tommy Alberdi,Cavallo Ranch,,,,,,,,,,,,Remy Muller,,,
Shot At Goal (5),1426889,35000,Steven Evans,Group,Eldorado Polo Club,Daniel Healy,Mack and Madelyn Jason Memorial,USA,Martin Aguerre,Unknown,Search Livestream,January 8. 2021,Cavallo Ranch vs JC Polo/Folded Hills,Live,8,,Chukka 5,2021,,Will Busch,JC Polo/Folded Hills,Shot At Goal,54;53,Attacking 60,Wide,,,,,,,,,,,
Assist (2),1444607,25000,Steven Evans,Group,Eldorado Polo Club,Daniel Healy,Mack and Madelyn Jason Memorial,USA,Martin Aguerre,Unknown,Search Livestream,January 8. 2021,Cavallo Ranch vs JC Polo/Folded Hills,Live,8,,Chukka 5,2021,,Jesse Bray,JC Polo/Folded Hills,,,,,,,Unsuccessful,Jesse Bray,,,,,,,
Knock In (4),1459777,40000,Steven Evans,Group,Eldorado Polo Club,Daniel Healy,Mack and Madelyn Jason Memorial,USA,Martin Aguerre,Unknown,Search Livestream,January 8. 2021,Cavallo Ranch vs JC Polo/Folded Hills,Live,8,Knock In,Chukka 5,2021,,Tommy Alberdi,Cavallo Ranch,,,,,,,,,,,,,,,
Foul (10),1478563,25000,Steven Evans,Group,Eldorado Polo Club,Daniel Healy,Mack and Madelyn Jason Memorial,USA,Martin Aguerre,Unknown,Search Livestream,January 8. 2021,Cavallo Ranch vs JC Polo/Folded Hills,Live,8,,Chukka 5,2021,,Remy Muller,Cavallo Ranch,,76;99,Attacking Half,,,,,,Foul,Right of Way,,,Penalty 60 yards,,
Foul Received (10),1478563,25000,Steven Evans,Group,Eldorado Polo Club,Daniel Healy,Mack and Madelyn Jason Memorial,USA,Martin Aguerre,Unknown,Search Livestream,January 8. 2021,Cavallo Ranch vs JC Polo/Folded Hills,Live,8,,Chukka 5,2021,,Jesse Bray,JC Polo/Folded Hills,,69;188,Defending Half,,,,,,Foul Received,Right of Way,,,Penalty 60 yards,,
Penalty 60 yards,1484014,15000,Steven Evans,Group,Eldorado Polo Club,Daniel Healy,Mack and Madelyn Jason Memorial,USA,Martin Aguerre,Unknown,Search Livestream,January 8. 2021,Cavallo Ranch vs JC Polo/Folded Hills,Live,8,,Chukka 5,2021,,Jesse Bray,JC Polo/Folded Hills,,,,,,,,,,,,,,Penalty 60 yards,Wide
Knock In (5),1497085,40000,Steven Evans,Group,Eldorado Polo Club,Daniel Healy,Mack and Madelyn Jason Memorial,USA,Martin Aguerre,Unknown,Search Livestream,January 8. 2021,Cavallo Ranch vs JC Polo/Folded Hills,Live,8,Knock In,Chukka 5,2021,,Tommy Alberdi,Cavallo Ranch,,,,,,,,,,,,Remy Muller,,,
Goal JC Polo/Folded Hills (3),1518717,35000,Steven Evans,Group,Eldorado Polo Club,Daniel Healy,Mack and Madelyn Jason Memorial,USA,Martin Aguerre,Unknown,Search Livestream,January 8. 2021,Cavallo Ranch vs JC Polo/Folded Hills,Live,8,,Chukka 5,2021,,Bayne Bossom,JC Polo/Folded Hills,,78;7,Attacking 30,,Goal JC Polo/Folded Hills,,,,,,,,,,
Foul (11),1532332,25000,Steven Evans,Group,Eldorado Polo Club,Daniel Healy,Mack and Madelyn Jason Memorial,USA,Martin Aguerre,Unknown,Search Livestream,January 8. 2021,Cavallo Ranch vs JC Polo/Folded Hills,Live,8,,Chukka 5,2021,,Remy Muller,Cavallo Ranch,,51;286,Defending 30,,,,,,Foul,Crossing,,,Penalty 30 yards,,
Foul Received (11),1532332,25000,Steven Evans,Group,Eldorado Polo Club,Daniel Healy,Mack and Madelyn Jason Memorial,USA,Martin Aguerre,Unknown,Search Livestream,January 8. 2021,Cavallo Ranch vs JC Polo/Folded Hills,Live,8,,Chukka 5,2021,,Jesse Bray,JC Polo/Folded Hills,,96;8,Attacking 30,,,,,,Foul Received,Crossing,,,Penalty 30 yards,,
Shot At Goal (6),1535194,35000,Steven Evans,Group,Eldorado Polo Club,Daniel Healy,Mack and Madelyn Jason Memorial,USA,Martin Aguerre,Unknown,Search Livestream,January 8. 2021,Cavallo Ranch vs JC Polo/Folded Hills,Live,8,,Chukka 5,2021,,Ben Soleimani,Cavallo Ranch,Shot At Goal,82;58,Attacking 60,Blocked,,,,,,,,,,,
Penalty 30 yards (1),1537566,15000,Steven Evans,Group,Eldorado Polo Club,Daniel Healy,Mack and Madelyn Jason Memorial,USA,Martin Aguerre,Unknown,Search Livestream,January 8. 2021,Cavallo Ranch vs JC Polo/Folded Hills,Live,8,,Chukka 5,2021,,Bayne Bossom,JC Polo/Folded Hills,,,,,,,,,,,,,,Penalty 30 yards,Goal
Throw-in (2),1545818,20000,Steven Evans,Group,Eldorado Polo Club,Daniel Healy,Mack and Madelyn Jason Memorial,USA,Martin Aguerre,Unknown,Search Livestream,January 8. 2021,Cavallo Ranch vs JC Polo/Folded Hills,Live,8,Throw-in,Chukka 5,2021,Cavallo Ranch win throw-in,Tommy Alberdi,Cavallo Ranch,,,,,,,,,,,,,,,
Shot Block (1),1566065,10000,Steven Evans,Group,Eldorado Polo Club,Daniel Healy,Mack and Madelyn Jason Memorial,USA,Martin Aguerre,Unknown,Search Livestream,January 8. 2021,Cavallo Ranch vs JC Polo/Folded Hills,Live,8,,Chukka 5,2021,,JC Polo/Folded Hills Player 4,JC Polo/Folded Hills,,,,,,,,,,,Shot Block,,,,
Safety 60,1567152,15000,Steven Evans,Group,Eldorado Polo Club,Daniel Healy,Mack and Madelyn Jason Memorial,USA,Martin Aguerre,Unknown,Search Livestream,January 8. 2021,Cavallo Ranch vs JC Polo/Folded Hills,Live,8,,Chukka 5,2021,,Remy Muller,Cavallo Ranch,,,,,,,,,,,,,,Safety 60,Wide
Shot At Goal (7),1570985,35000,Steven Evans,Group,Eldorado Polo Club,Daniel Healy,Mack and Madelyn Jason Memorial,USA,Martin Aguerre,Unknown,Search Livestream,January 8. 2021,Cavallo Ranch vs JC Polo/Folded Hills,Live,8,,Chukka 5,2021,,Remy Muller,Cavallo Ranch,Shot At Goal,90;22,Attacking 30,Wide,,,,,,,,,,,
Knock In (6),1578489,40000,Steven Evans,Group,Eldorado Polo Club,Daniel Healy,Mack and Madelyn Jason Memorial,USA,Martin Aguerre,Unknown,Search Livestream,January 8. 2021,Cavallo Ranch vs JC Polo/Folded Hills,Live,8,Knock In,Chukka 5,2021,,Jesse Bray,JC Polo/Folded Hills,,,,,,,,,,,,,,,
Assist (3),1588520,25000,Steven Evans,Group,Eldorado Polo Club,Daniel Healy,Mack and Madelyn Jason Memorial,USA,Martin Aguerre,Unknown,Search Livestream,January 8. 2021,Cavallo Ranch vs JC Polo/Folded Hills,Live,8,,Chukka 5,2021,,Tommy Alberdi,Cavallo Ranch,,,,,,,Unsuccessful,Tommy Alberdi,,,,,,,
Knock In (7),1602655,40000,Steven Evans,Group,Eldorado Polo Club,Daniel Healy,Mack and Madelyn Jason Memorial,USA,Martin Aguerre,Unknown,Search Livestream,January 8. 2021,Cavallo Ranch vs JC Polo/Folded Hills,Live,8,Knock In,Chukka 5,2021,,Jesse Bray,JC Polo/Folded Hills,,,,,,,,,,,,Bayne Bossom,,,
Foul Received (12),1621575,25000,Steven Evans,Group,Eldorado Polo Club,Daniel Healy,Mack and Madelyn Jason Memorial,USA,Martin Aguerre,Unknown,Search Livestream,January 8. 2021,Cavallo Ranch vs JC Polo/Folded Hills,Live,8,,Chukka 5,2021,,Ben Soleimani,Cavallo Ranch,,71;130,Attacking Half,,,,,,Foul Received,Riding Into Shot,,,Penalty 60 yards,,
Foul (12),1621608,25000,Steven Evans,Group,Eldorado Polo Club,Daniel Healy,Mack and Madelyn Jason Memorial,USA,Martin Aguerre,Unknown,Search Livestream,January 8. 2021,Cavallo Ranch vs JC Polo/Folded Hills,Live,8,,Chukka 5,2021,,Jesse Bray,JC Polo/Folded Hills,,76;133,Attacking Half,,,,,,Foul,Riding Into Shot,,,Penalty 60 yards,,
Penalty 60 yards (1),1627893,15000,Steven Evans,Group,Eldorado Polo Club,Daniel Healy,Mack and Madelyn Jason Memorial,USA,Martin Aguerre,Unknown,Search Livestream,January 8. 2021,Cavallo Ranch vs JC Polo/Folded Hills,Live,8,,Chukka 5,2021,,Tommy Alberdi,Cavallo Ranch,,,,,,,,,,,,,,Penalty 60 yards,Wide
Knock In (8),1638146,40000,Steven Evans,Group,Eldorado Polo Club,Daniel Healy,Mack and Madelyn Jason Memorial,USA,Martin Aguerre,Unknown,Search Livestream,January 8. 2021,Cavallo Ranch vs JC Polo/Folded Hills,Live,8,Knock In,Chukka 5,2021,,Jesse Bray,JC Polo/Folded Hills,,,,,,,,,,,,Bayne Bossom,,,
Shot At Goal (8),1660378,35000,Steven Evans,Group,Eldorado Polo Club,Daniel Healy,Mack and Madelyn Jason Memorial,USA,Martin Aguerre,Unknown,Search Livestream,January 8. 2021,Cavallo Ranch vs JC Polo/Folded Hills,Live,8,,Chukka 5,2021,,Remy Muller,Cavallo Ranch,Shot At Goal,52;43,Attacking 60,Wide,,,,,,,,,,,
Knock In (9),1690931,40000,Steven Evans,Group,Eldorado Polo Club,Daniel Healy,Mack and Madelyn Jason Memorial,USA,Martin Aguerre,Unknown,Search Livestream,January 8. 2021,Cavallo Ranch vs JC Polo/Folded Hills,Live,8,Knock In,Chukka 5,2021,,Jesse Bray,JC Polo/Folded Hills,,,,,,,,,,,,Bayne Bossom,,,
Shot At Goal (9),1696452,35000,Steven Evans,Group,Eldorado Polo Club,Daniel Healy,Mack and Madelyn Jason Memorial,USA,Martin Aguerre,Unknown,Search Livestream,January 8. 2021,Cavallo Ranch vs JC Polo/Folded Hills,Live,8,,Chukka 5,2021,,John Bickford,Cavallo Ranch,Shot At Goal,55;17,Attacking 30,Goal,,,,,,,,,,,
Goal Cavallo Ranch (6),1697870,35000,Steven Evans,Group,Eldorado Polo Club,Daniel Healy,Mack and Madelyn Jason Memorial,USA,Martin Aguerre,Unknown,Search Livestream,January 8. 2021,Cavallo Ranch vs JC Polo/Folded Hills,Live,8,,Chukka 5,2021,,John Bickford,Cavallo Ranch,,78;7,Attacking 30,,Goal Cavallo Ranch,Goals,,,,,,,,,
Assist (4),1713320,25000,Steven Evans,Group,Eldorado Polo Club,Daniel Healy,Mack and Madelyn Jason Memorial,USA,Martin Aguerre,Unknown,Search Livestream,January 8. 2021,Cavallo Ranch vs JC Polo/Folded Hills,Live,8,,Chukka 5,2021,,Tommy Alberdi,Cavallo Ranch,,,,,,,Successful,Tommy Alberdi,,,,,,,
Throw-in (3),1727489,20000,Steven Evans,Group,Eldorado Polo Club,Daniel Healy,Mack and Madelyn Jason Memorial,USA,Martin Aguerre,Unknown,Search Livestream,January 8. 2021,Cavallo Ranch vs JC Polo/Folded Hills,Live,8,Throw-in,Chukka 6,2021,Cavallo Ranch win throw-in,Ben Soleimani,Cavallo Ranch,,,,,,,,,,,,,,,
Shot At Goal (10),1741332,35000,Steven Evans,Group,Eldorado Polo Club,Daniel Healy,Mack and Madelyn Jason Memorial,USA,Martin Aguerre,Unknown,Search Livestream,January 8. 2021,Cavallo Ranch vs JC Polo/Folded Hills,Live,8,,Chukka 6,2021,,Ben Soleimani,Cavallo Ranch,Shot At Goal,57;57,Attacking 60,Wide,,,,,,,,,,,
Assist (5),1762953,25000,Steven Evans,Group,Eldorado Polo Club,Daniel Healy,Mack and Madelyn Jason Memorial,USA,Martin Aguerre,Unknown,Search Livestream,January 8. 2021,Cavallo Ranch vs JC Polo/Folded Hills,Live,8,,Chukka 6,2021,,Tommy Alberdi,Cavallo Ranch,,,,,,,Unsuccessful,Tommy Alberdi,,,,,,,
Knock In (10),1774770,40000,Steven Evans,Group,Eldorado Polo Club,Daniel Healy,Mack and Madelyn Jason Memorial,USA,Martin Aguerre,Unknown,Search Livestream,January 8. 2021,Cavallo Ranch vs JC Polo/Folded Hills,Live,8,Knock In,Chukka 6,2021,,Jesse Bray,JC Polo/Folded Hills,,,,,,,,,,,,Bayne Bossom,,,
Shot At Goal (11),1786012,35000,Steven Evans,Group,Eldorado Polo Club,Daniel Healy,Mack and Madelyn Jason Memorial,USA,Martin Aguerre,Unknown,Search Livestream,January 8. 2021,Cavallo Ranch vs JC Polo/Folded Hills,Live,8,,Chukka 6,2021,,Tommy Alberdi,Cavallo Ranch,Shot At Goal,93;22,Attacking 30,Wide,,,,,,,,,,,
Free Hit,1799938,20000,Steven Evans,Group,Eldorado Polo Club,Daniel Healy,Mack and Madelyn Jason Memorial,USA,Martin Aguerre,Unknown,Search Livestream,January 8. 2021,Cavallo Ranch vs JC Polo/Folded Hills,Live,8,Free Hit,Chukka 6,2021,,Tommy Alberdi,Cavallo Ranch,,,,,,,,,,,,,,,
Shot At Goal (12),1813180,35000,Steven Evans,Group,Eldorado Polo Club,Daniel Healy,Mack and Madelyn Jason Memorial,USA,Martin Aguerre,Unknown,Search Livestream,January 8. 2021,Cavallo Ranch vs JC Polo/Folded Hills,Live,8,,Chukka 6,2021,,Remy Muller,Cavallo Ranch,Shot At Goal,82;7,Attacking 30,Goal,,,,,,,,,,,
Goal Cavallo Ranch (7),1814231,35000,Steven Evans,Group,Eldorado Polo Club,Daniel Healy,Mack and Madelyn Jason Memorial,USA,Martin Aguerre,Unknown,Search Livestream,January 8. 2021,Cavallo Ranch vs JC Polo/Folded Hills,Live,8,,Chukka 6,2021,,Remy Muller,Cavallo Ranch,,82;6,Attacking 30,,Goal Cavallo Ranch,,,,,,,,,,
Knock In (11),1815931,40000,Steven Evans,Group,Eldorado Polo Club,Daniel Healy,Mack and Madelyn Jason Memorial,USA,Martin Aguerre,Unknown,Search Livestream,January 8. 2021,Cavallo Ranch vs JC Polo/Folded Hills,Live,8,Knock In,Chukka 6,2021,,Jesse Bray,JC Polo/Folded Hills,,,,,,,,,,,,,,,
Shot At Goal (13),1839931,35000,Steven Evans,Group,Eldorado Polo Club,Daniel Healy,Mack and Madelyn Jason Memorial,USA,Martin Aguerre,Unknown,Search Livestream,January 8. 2021,Cavallo Ranch vs JC Polo/Folded Hills,Live,8,,Chukka 6,2021,,Jesse Bray,JC Polo/Folded Hills,Shot At Goal,92;18,Attacking 30,Blocked,,,,,,,,,,,
Throw-in (4),1844184,20000,Steven Evans,Group,Eldorado Polo Club,Daniel Healy,Mack and Madelyn Jason Memorial,USA,Martin Aguerre,Unknown,Search Livestream,January 8. 2021,Cavallo Ranch vs JC Polo/Folded Hills,Live,8,Throw-in,Chukka 6,2021,JC Polo/Folded Hills win throw-in,Bayne Bossom,JC Polo/Folded Hills,,,,,,,,,,,,,,,
Shot Block (2),1865548,10000,Steven Evans,Group,Eldorado Polo Club,Daniel Healy,Mack and Madelyn Jason Memorial,USA,Martin Aguerre,Unknown,Search Livestream,January 8. 2021,Cavallo Ranch vs JC Polo/Folded Hills,Live,8,,Chukka 6,2021,,Remy Muller,Cavallo Ranch,,,,,,,,,,,Shot Block,,,,
Non Call (5),1866804,20000,Steven Evans,Group,Eldorado Polo Club,Daniel Healy,Mack and Madelyn Jason Memorial,USA,Martin Aguerre,Unknown,Search Livestream,January 8. 2021,Cavallo Ranch vs JC Polo/Folded Hills,Live,8,,Chukka 6,2021,,,Team,,,,,,,,,Non Call,Right of Way,,,,,
Knock In (12),1869067,40000,Steven Evans,Group,Eldorado Polo Club,Daniel Healy,Mack and Madelyn Jason Memorial,USA,Martin Aguerre,Unknown,Search Livestream,January 8. 2021,Cavallo Ranch vs JC Polo/Folded Hills,Live,8,Knock In,Chukka 6,2021,,Ben Soleimani,Cavallo Ranch,,,,,,,,,,,,,,,
Shot At Goal (14),1969801,35000,Steven Evans,Group,Eldorado Polo Club,Daniel Healy,Mack and Madelyn Jason Memorial,USA,Martin Aguerre,Unknown,Search Livestream,January 8. 2021,Cavallo Ranch vs JC Polo/Folded Hills,Live,8,,Chukka 6,2021,,Jesse Bray,JC Polo/Folded Hills,Shot At Goal,73;17,Attacking 30,Goal,,,,,,,,,,,
Goal JC Polo/Folded Hills (4),1971802,35000,Steven Evans,Group,Eldorado Polo Club,Daniel Healy,Mack and Madelyn Jason Memorial,USA,Martin Aguerre,Unknown,Search Livestream,January 8. 2021,Cavallo Ranch vs JC Polo/Folded Hills,Live,8,,Chukka 6,2021,,Jesse Bray,JC Polo/Folded Hills,,73;6,Attacking 30,,Goal JC Polo/Folded Hills,Goals,,,,,,,,,
Shot At Goal (15),1987413,35000,Steven Evans,Group,Eldorado Polo Club,Daniel Healy,Mack and Madelyn Jason Memorial,USA,Martin Aguerre,Unknown,Search Livestream,January 8. 2021,Cavallo Ranch vs JC Polo/Folded Hills,Live,8,,Chukka 6,2021,,Will Busch,JC Polo/Folded Hills,Shot At Goal,62;20,Attacking 30,Miss Hit,,,,,,,,,,,
Throw-in (5),2000238,20000,Steven Evans,Group,Eldorado Polo Club,Daniel Healy,Mack and Madelyn Jason Memorial,USA,Martin Aguerre,Unknown,Search Livestream,January 8. 2021,Cavallo Ranch vs JC Polo/Folded Hills,Live,8,Throw-in,Chukka 6,2021,JC Polo/Folded Hills win throw-in,Will Busch,JC Polo/Folded Hills,,,,,,,,,,,,,,,
Goal JC Polo/Folded Hills (5),2000622,34410,Steven Evans,Group,Eldorado Polo Club,Daniel Healy,Mack and Madelyn Jason Memorial,USA,Martin Aguerre,Unknown,Search Livestream,January 8. 2021,Cavallo Ranch vs JC Polo/Folded Hills,Live,8,,Chukka 6,2021,,Will Busch,JC Polo/Folded Hills,,73;4,Attacking 30,,Goal JC Polo/Folded Hills,,,,,,,,,,
Safety 60 (1),2017353,15000,Steven Evans,Group,Eldorado Polo Club,Daniel Healy,Mack and Madelyn Jason Memorial,USA,Martin Aguerre,Unknown,Search Livestream,January 8. 2021,Cavallo Ranch vs JC Polo/Folded Hills,Live,8,,Chukka 6,2021,,Will Busch,JC Polo/Folded Hills,,,,,,,,,,,,,,Safety 60,Goal