Name,Position,Duration,Tournament,Game,Stage,Umpire 2,Club,Year,Match Date,Third Umpire,Instant Replay Official,Umpire 1,Camera Angle,Search Event,Team,Goal,Chukka,Set Play,Throw-in Outcome,Player,Shot At Goal,Shot At Goal Outcome,Location,General Field Area,Foul,Foul Type,Foul Outcome,Umpire Focal,Umpire Trailing,Penalties,Penalty Outcome,Assist Outcome,Assist,Knock-in Player 2,Highlight Reel,Penalty Block
Handicap Goal Cessna,80485,6000,USPA Gold Cup,Cessna vs Tonkawa,Subsidiary Final,Unknown,International Polo Club,2020,March 17. 2020,Unknown,Unknown,Unknown,Live,Search LiveStream,Team,Handicap Goal Cessna,Chukka 1,,,,,,,,,,,,,,,,,,,
Throw-in,95266,20000,USPA Gold Cup,Cessna vs Tonkawa,Subsidiary Final,Unknown,International Polo Club,2020,March 17. 2020,Unknown,Unknown,Unknown,Live,Search LiveStream,Tonkawa,,Chukka 1,Throw-in,Tonkawa win throw-in,Ignacio Toccalino,,,,,,,,,,,,,,,,
Shot At Goal,117380,35000,USPA Gold Cup,Cessna vs Tonkawa,Subsidiary Final,Unknown,International Polo Club,2020,March 17. 2020,Unknown,Unknown,Unknown,Live,Search LiveStream,Tonkawa,,Chukka 1,,,Ignacio Toccalino,Shot At Goal,Miss Hit,73;25,Attacking 30,,,,,,,,,,,,
Shot At Goal (1),119716,35000,USPA Gold Cup,Cessna vs Tonkawa,Subsidiary Final,Unknown,International Polo Club,2020,March 17. 2020,Unknown,Unknown,Unknown,Live,Search LiveStream,Tonkawa,,Chukka 1,,,Matias Gonzalez,Shot At Goal,Miss Hit,80;26,Attacking 30,,,,,,,,,,,,
Foul,157804,25000,USPA Gold Cup,Cessna vs Tonkawa,Subsidiary Final,Unknown,International Polo Club,2020,March 17. 2020,Unknown,Unknown,Unknown,Live,Search LiveStream,Cessna,,Chukka 1,,,Nicolas Saenz,,,90;234,Defending Half,Foul,Blocking,Penalty 30 yards,137;247,88;202,,,,,,,
Foul Received,157804,25000,USPA Gold Cup,Cessna vs Tonkawa,Subsidiary Final,Unknown,International Polo Club,2020,March 17. 2020,Unknown,Unknown,Unknown,Live,Search LiveStream,Tonkawa,,Chukka 1,,,Matias Gonzalez,,,60;63,Attacking 60,Foul Received,Blocking,Penalty 30 yards,,,,,,,,,
Goal Tonkawa,194891,35000,USPA Gold Cup,Cessna vs Tonkawa,Subsidiary Final,Unknown,International Polo Club,2020,March 17. 2020,Unknown,Unknown,Unknown,Live,Search LiveStream,Tonkawa,Goal Tonkawa,Chukka 1,,,Sapo Caset,,,73;1,Attacking 30,,,,,,,,,,,,
Penalty 30 yards,212624,15000,USPA Gold Cup,Cessna vs Tonkawa,Subsidiary Final,Unknown,International Polo Club,2020,March 17. 2020,Unknown,Unknown,Unknown,Live,Search LiveStream,Tonkawa,,Chukka 1,,,Sapo Caset,,,,,,,,,,Penalty 30 yards,Goal,,,,,
Throw-in (1),252490,20000,USPA Gold Cup,Cessna vs Tonkawa,Subsidiary Final,Unknown,International Polo Club,2020,March 17. 2020,Unknown,Unknown,Unknown,Live,Search LiveStream,Cessna,,Chukka 1,Throw-in,Cessna win throw-in,Ezequiel Martinez Ferrario,,,,,,,,,,,,,,,,
Foul (1),308422,25000,USPA Gold Cup,Cessna vs Tonkawa,Subsidiary Final,Unknown,International Polo Club,2020,March 17. 2020,Unknown,Unknown,Unknown,Live,Search LiveStream,Cessna,,Chukka 1,,,Ezequiel Martinez Ferrario,,,81;117,Attacking Half,Foul,Right of Way,Penalty 5B,44;102,99;129,,,,,,,
Foul Received (1),308422,25000,USPA Gold Cup,Cessna vs Tonkawa,Subsidiary Final,Unknown,International Polo Club,2020,March 17. 2020,Unknown,Unknown,Unknown,Live,Search LiveStream,Tonkawa,,Chukka 1,,,Sapo Caset,,,66;177,Defending Half,Foul Received,Right of Way,Penalty 5B,,,,,,,,,
Penalty 5b,378549,30000,USPA Gold Cup,Cessna vs Tonkawa,Subsidiary Final,Unknown,International Polo Club,2020,March 17. 2020,Unknown,Unknown,Unknown,Live,Search LiveStream,Tonkawa,,Chukka 1,Penalty 5b,,Sapo Caset,,,,,,,,,,,,,,,,
Shot At Goal (2),400163,35000,USPA Gold Cup,Cessna vs Tonkawa,Subsidiary Final,Unknown,International Polo Club,2020,March 17. 2020,Unknown,Unknown,Unknown,Live,Search LiveStream,Cessna,,Chukka 1,,,Unknown,Shot At Goal,Goal,115;9,Attacking 30,,,,,,,,,,,,
Goal Cessna,407036,35000,USPA Gold Cup,Cessna vs Tonkawa,Subsidiary Final,Unknown,International Polo Club,2020,March 17. 2020,Unknown,Unknown,Unknown,Live,Search LiveStream,Cessna,Goal Cessna,Chukka 1,,,Unknown,,,78;3,Attacking 30,,,,,,,,,,,,
Shot At Goal (3),454083,35000,USPA Gold Cup,Cessna vs Tonkawa,Subsidiary Final,Unknown,International Polo Club,2020,March 17. 2020,Unknown,Unknown,Unknown,Live,Search LiveStream,Cessna,,Chukka 1,,,Felipe Marquez,Shot At Goal,Miss Hit,80;58,Attacking 60,,,,,,,,,,,,
Shot At Goal (4),461724,35000,USPA Gold Cup,Cessna vs Tonkawa,Subsidiary Final,Unknown,International Polo Club,2020,March 17. 2020,Unknown,Unknown,Unknown,Live,Search LiveStream,Cessna,,Chukka 1,,,Ezequiel Martinez Ferrario,Shot At Goal,Goal,59;8,Attacking 30,,,,,,,,,,,,
Throw-in (2),462068,20000,USPA Gold Cup,Cessna vs Tonkawa,Subsidiary Final,Unknown,International Polo Club,2020,March 17. 2020,Unknown,Unknown,Unknown,Live,Search LiveStream,Cessna,,Chukka 1,Throw-in,Cessna win throw-in,Felipe Marquez,,,,,,,,,,,,,,,,
Goal Cessna (1),463693,35000,USPA Gold Cup,Cessna vs Tonkawa,Subsidiary Final,Unknown,International Polo Club,2020,March 17. 2020,Unknown,Unknown,Unknown,Live,Search LiveStream,Cessna,Goal Cessna,Chukka 1,,,Ezequiel Martinez Ferrario,,,72;2,Attacking 30,,,,,,,,,,,,
Throw-in (3),522793,20000,USPA Gold Cup,Cessna vs Tonkawa,Subsidiary Final,Unknown,International Polo Club,2020,March 17. 2020,Unknown,Unknown,Unknown,Live,Search LiveStream,Tonkawa,,Chukka 1,Throw-in,Tonkawa win throw-in,Ignacio Toccalino,,,,,,,,,,,,,,,,
Free Hit,592029,20000,USPA Gold Cup,Cessna vs Tonkawa,Subsidiary Final,Unknown,International Polo Club,2020,March 17. 2020,Unknown,Unknown,Unknown,Live,Search LiveStream,Tonkawa,,Chukka 1,Free Hit,,Sapo Caset,,,,,,,,,,,,,,,,
Shot At Goal (5),593556,35000,USPA Gold Cup,Cessna vs Tonkawa,Subsidiary Final,Unknown,International Polo Club,2020,March 17. 2020,Unknown,Unknown,Unknown,Live,Search LiveStream,Tonkawa,,Chukka 1,,,Jeff Hildebrand,Shot At Goal,Goal,76;22,Attacking 30,,,,,,,,,,,,
Goal Tonkawa (1),595825,35000,USPA Gold Cup,Cessna vs Tonkawa,Subsidiary Final,Unknown,International Polo Club,2020,March 17. 2020,Unknown,Unknown,Unknown,Live,Search LiveStream,Tonkawa,Goal Tonkawa,Chukka 1,,,Jeff Hildebrand,,,76;2,Attacking 30,,,,,,,,,,,,
Assist,610825,25000,USPA Gold Cup,Cessna vs Tonkawa,Subsidiary Final,Unknown,International Polo Club,2020,March 17. 2020,Unknown,Unknown,Unknown,Live,Search LiveStream,Tonkawa,,Chukka 1,,,Matias Gonzalez,,,,,,,,,,,,Successful,Matias Gonzalez,,,
Throw-in (4),673144,20000,USPA Gold Cup,Cessna vs Tonkawa,Subsidiary Final,Unknown,International Polo Club,2020,March 17. 2020,Unknown,Unknown,Unknown,Live,Search LiveStream,Cessna,,Chukka 2,Throw-in,Cessna win throw-in,Felipe Marquez,,,,,,,,,,,,,,,,
Shot At Goal (6),699729,35000,USPA Gold Cup,Cessna vs Tonkawa,Subsidiary Final,Unknown,International Polo Club,2020,March 17. 2020,Unknown,Unknown,Unknown,Live,Search LiveStream,Cessna,,Chukka 2,,,Ezequiel Martinez Ferrario,Shot At Goal,Wide,69;22,Attacking 30,,,,,,,,,,,,
Knock In,747225,40000,USPA Gold Cup,Cessna vs Tonkawa,Subsidiary Final,Unknown,International Polo Club,2020,March 17. 2020,Unknown,Unknown,Unknown,Live,Search LiveStream,Tonkawa,,Chukka 2,Knock In,,Sapo Caset,,,,,,,,,,,,,,Matias Gonzalez,,
Shot At Goal (7),765528,35000,USPA Gold Cup,Cessna vs Tonkawa,Subsidiary Final,Unknown,International Polo Club,2020,March 17. 2020,Unknown,Unknown,Unknown,Live,Search LiveStream,Tonkawa,,Chukka 2,,,Sapo Caset,Shot At Goal,Goal,89;21,Attacking 30,,,,,,,,,,,,
Goal Tonkawa (2),767763,35000,USPA Gold Cup,Cessna vs Tonkawa,Subsidiary Final,Unknown,International Polo Club,2020,March 17. 2020,Unknown,Unknown,Unknown,Live,Search LiveStream,Tonkawa,Goal Tonkawa,Chukka 2,,,Sapo Caset,,,73;6,Attacking 30,,,,,,,,,,,,
Non Call,772284,20000,USPA Gold Cup,Cessna vs Tonkawa,Subsidiary Final,Unknown,International Polo Club,2020,March 17. 2020,Unknown,Unknown,Unknown,Live,Search LiveStream,Team,,Chukka 2,,,,,,,,Non Call,Cross/High Hook,,,,,,,,,,
Throw-in (5),823661,20000,USPA Gold Cup,Cessna vs Tonkawa,Subsidiary Final,Unknown,International Polo Club,2020,March 17. 2020,Unknown,Unknown,Unknown,Live,Search LiveStream,Tonkawa,,Chukka 2,Throw-in,Tonkawa win throw-in,Jeff Hildebrand,,,,,,,,,,,,,,,,
Shot At Goal (8),831560,35000,USPA Gold Cup,Cessna vs Tonkawa,Subsidiary Final,Unknown,International Polo Club,2020,March 17. 2020,Unknown,Unknown,Unknown,Live,Search LiveStream,Tonkawa,,Chukka 2,,,Jeff Hildebrand,Shot At Goal,Wide,48;8,Attacking 30,,,,,,,,,,,,
Assist (1),846560,25000,USPA Gold Cup,Cessna vs Tonkawa,Subsidiary Final,Unknown,International Polo Club,2020,March 17. 2020,Unknown,Unknown,Unknown,Live,Search LiveStream,Tonkawa,,Chukka 2,,,Sapo Caset,,,,,,,,,,,,Unsuccessful,Sapo Caset,,,
Knock In (1),885021,40000,USPA Gold Cup,Cessna vs Tonkawa,Subsidiary Final,Unknown,International Polo Club,2020,March 17. 2020,Unknown,Unknown,Unknown,Live,Search LiveStream,Cessna,,Chukka 2,Knock In,,Felipe Marquez,,,,,,,,,,,,,,,,
Foul (2),892238,25000,USPA Gold Cup,Cessna vs Tonkawa,Subsidiary Final,Unknown,International Polo Club,2020,March 17. 2020,Unknown,Unknown,Unknown,Live,Search LiveStream,Tonkawa,,Chukka 2,,,Matias Gonzalez,,,121;45,Attacking 60,Foul,Right of Way,Penalty 5,134;85,81;57,,,,,,,
Foul Received (2),892238,25000,USPA Gold Cup,Cessna vs Tonkawa,Subsidiary Final,Unknown,International Polo Club,2020,March 17. 2020,Unknown,Unknown,Unknown,Live,Search LiveStream,Cessna,,Chukka 2,,,Nicolas Saenz,,,19;257,Defending 60,Foul Received,Right of Way,Penalty 5,,,,,,,,,
Shot At Goal (9),918013,35000,USPA Gold Cup,Cessna vs Tonkawa,Subsidiary Final,Unknown,International Polo Club,2020,March 17. 2020,Unknown,Unknown,Unknown,Live,Search LiveStream,Cessna,,Chukka 2,,,Nicolas Saenz,Shot At Goal,Miss Hit,41;62,Attacking 60,,,,,,,,,,,,
Shot At Goal (10),925354,35000,USPA Gold Cup,Cessna vs Tonkawa,Subsidiary Final,Unknown,International Polo Club,2020,March 17. 2020,Unknown,Unknown,Unknown,Live,Search LiveStream,Cessna,,Chukka 2,,,Ezequiel Martinez Ferrario,Shot At Goal,Short,30;53,Attacking 60,,,,,,,,,,,,
Penalty 5,929099,30000,USPA Gold Cup,Cessna vs Tonkawa,Subsidiary Final,Unknown,International Polo Club,2020,March 17. 2020,Unknown,Unknown,Unknown,Live,Search LiveStream,Cessna,,Chukka 2,Penalty 5,,Ezequiel Martinez Ferrario,,,,,,,,,,,,,,,,
Shot At Goal (11),952748,35000,USPA Gold Cup,Cessna vs Tonkawa,Subsidiary Final,Unknown,International Polo Club,2020,March 17. 2020,Unknown,Unknown,Unknown,Live,Search LiveStream,Tonkawa,,Chukka 2,,,Sapo Caset,Shot At Goal,Goal,62;24,Attacking 30,,,,,,,,,,,,
Goal Tonkawa (3),955751,35000,USPA Gold Cup,Cessna vs Tonkawa,Subsidiary Final,Unknown,International Polo Club,2020,March 17. 2020,Unknown,Unknown,Unknown,Live,Search LiveStream,Tonkawa,Goal Tonkawa,Chukka 2,,,Sapo Caset,,,74;6,Attacking 30,,,,,,,,,,,Goals,
Assist (2),970751,25000,USPA Gold Cup,Cessna vs Tonkawa,Subsidiary Final,Unknown,International Polo Club,2020,March 17. 2020,Unknown,Unknown,Unknown,Live,Search LiveStream,Tonkawa,,Chukka 2,,,Ignacio Toccalino,,,,,,,,,,,,Successful,Ignacio Toccalino,,,
Throw-in (6),1019957,20000,USPA Gold Cup,Cessna vs Tonkawa,Subsidiary Final,Unknown,International Polo Club,2020,March 17. 2020,Unknown,Unknown,Unknown,Live,Search LiveStream,Tonkawa,,Chukka 2,Throw-in,Tonkawa win throw-in,Ignacio Toccalino,,,,,,,,,,,,,,,,
Shot At Goal (12),1044173,35000,USPA Gold Cup,Cessna vs Tonkawa,Subsidiary Final,Unknown,International Polo Club,2020,March 17. 2020,Unknown,Unknown,Unknown,Live,Search LiveStream,Tonkawa,,Chukka 2,,,Sapo Caset,Shot At Goal,Goal,97;22,Attacking 30,,,,,,,,,,,,
Goal Tonkawa (4),1047309,35000,USPA Gold Cup,Cessna vs Tonkawa,Subsidiary Final,Unknown,International Polo Club,2020,March 17. 2020,Unknown,Unknown,Unknown,Live,Search LiveStream,Tonkawa,Goal Tonkawa,Chukka 2,,,Sapo Caset,,,72;3,Attacking 30,,,,,,,,,,,,
Assist (3),1057671,25000,USPA Gold Cup,Cessna vs Tonkawa,Subsidiary Final,Unknown,International Polo Club,2020,March 17. 2020,Unknown,Unknown,Unknown,Live,Search LiveStream,Tonkawa,,Chukka 2,,,Jeff Hildebrand,,,,,,,,,,,,Successful,Jeff Hildebrand,,,
Non Call (1),1108320,20000,USPA Gold Cup,Cessna vs Tonkawa,Subsidiary Final,Unknown,International Polo Club,2020,March 17. 2020,Unknown,Unknown,Unknown,Live,Search LiveStream,Team,,Chukka 2,,,,,,,,Non Call,Cross/High Hook,,,,,,,,,,
Throw-in (7),1111231,20000,USPA Gold Cup,Cessna vs Tonkawa,Subsidiary Final,Unknown,International Polo Club,2020,March 17. 2020,Unknown,Unknown,Unknown,Live,Search LiveStream,Cessna,,Chukka 2,Throw-in,Cessna win throw-in,Ezequiel Martinez Ferrario,,,,,,,,,,,,,,,,
Shot At Goal (13),1121216,35000,USPA Gold Cup,Cessna vs Tonkawa,Subsidiary Final,Unknown,International Polo Club,2020,March 17. 2020,Unknown,Unknown,Unknown,Live,Search LiveStream,Tonkawa,,Chukka 2,,,Jeff Hildebrand,Shot At Goal,Miss Hit,78;31,Attacking 30,,,,,,,,,,,,
Shot At Goal (14),1123051,35000,USPA Gold Cup,Cessna vs Tonkawa,Subsidiary Final,Unknown,International Polo Club,2020,March 17. 2020,Unknown,Unknown,Unknown,Live,Search LiveStream,Tonkawa,,Chukka 2,,,Ignacio Toccalino,Shot At Goal,Wide,82;25,Attacking 30,,,,,,,,,,,,
Knock In (2),1203431,40000,USPA Gold Cup,Cessna vs Tonkawa,Subsidiary Final,Unknown,International Polo Club,2020,March 17. 2020,Unknown,Unknown,Unknown,Live,Search LiveStream,Cessna,,Chukka 3,Knock In,,Felipe Marquez,,,,,,,,,,,,,,Ezequiel Martinez Ferrario,,
Foul (3),1217029,25000,USPA Gold Cup,Cessna vs Tonkawa,Subsidiary Final,Unknown,International Polo Club,2020,March 17. 2020,Unknown,Unknown,Unknown,Live,Search LiveStream,Cessna,,Chukka 3,,,Nicolas Saenz,,,143;118,Attacking Half,Foul,Turning,Penalty 5,142;171,85;122,,,,,,,
Foul Received (3),1217029,25000,USPA Gold Cup,Cessna vs Tonkawa,Subsidiary Final,Unknown,International Polo Club,2020,March 17. 2020,Unknown,Unknown,Unknown,Live,Search LiveStream,Tonkawa,,Chukka 3,,,Sapo Caset,,,4;195,Defending Half,Foul Received,Turning,Penalty 5,,,,,,,,,
Penalty 5 (1),1250702,30000,USPA Gold Cup,Cessna vs Tonkawa,Subsidiary Final,Unknown,International Polo Club,2020,March 17. 2020,Unknown,Unknown,Unknown,Live,Search LiveStream,Tonkawa,,Chukka 3,Penalty 5,,Sapo Caset,,,,,,,,,,,,,,,,
Foul (4),1306018,25000,USPA Gold Cup,Cessna vs Tonkawa,Subsidiary Final,Unknown,International Polo Club,2020,March 17. 2020,Unknown,Unknown,Unknown,Live,Search LiveStream,Cessna,,Chukka 3,,,Ezequiel Martinez Ferrario,,,123;35,Attacking 30,Foul,Right of Way,Penalty 5,129;66,73;51,,,,,,,
Foul Received (4),1306018,25000,USPA Gold Cup,Cessna vs Tonkawa,Subsidiary Final,Unknown,International Polo Club,2020,March 17. 2020,Unknown,Unknown,Unknown,Live,Search LiveStream,Tonkawa,,Chukka 3,,,Sapo Caset,,,22;268,Defending 60,Foul Received,Right of Way,Penalty 5,,,,,,,,,
Penalty 5 (2),1352573,30000,USPA Gold Cup,Cessna vs Tonkawa,Subsidiary Final,Unknown,International Polo Club,2020,March 17. 2020,Unknown,Unknown,Unknown,Live,Search LiveStream,Tonkawa,,Chukka 3,Penalty 5,,Sapo Caset,,,,,,,,,,,,,,,,
Foul (5),1377390,25000,USPA Gold Cup,Cessna vs Tonkawa,Subsidiary Final,Unknown,International Polo Club,2020,March 17. 2020,Unknown,Unknown,Unknown,Live,Search LiveStream,Tonkawa,,Chukka 3,,,Jeff Hildebrand,,,52;215,Defending Half,Foul,Blocking,Penalty 40 yards,122;198,46;202,,,,,,,
Foul Received (5),1377390,25000,USPA Gold Cup,Cessna vs Tonkawa,Subsidiary Final,Unknown,International Polo Club,2020,March 17. 2020,Unknown,Unknown,Unknown,Live,Search LiveStream,Cessna,,Chukka 3,,,Chip Campbell,,,99;81,Attacking Half,Foul Received,Blocking,Penalty 40 yards,,,,,,,,,
Penalty 40 yards,1472914,15000,USPA Gold Cup,Cessna vs Tonkawa,Subsidiary Final,Unknown,International Polo Club,2020,March 17. 2020,Unknown,Unknown,Unknown,Live,Search LiveStream,Cessna,,Chukka 3,,,Ezequiel Martinez Ferrario,,Wide,,,,,,,,Penalty 40 yards,Goal,,,,,
Knock In (3),1495764,40000,USPA Gold Cup,Cessna vs Tonkawa,Subsidiary Final,Unknown,International Polo Club,2020,March 17. 2020,Unknown,Unknown,Unknown,Live,Search LiveStream,Tonkawa,,Chukka 3,Knock In,,Sapo Caset,,,,,,,,,,,,,,Ignacio Toccalino,,
Shot At Goal (15),1507536,35000,USPA Gold Cup,Cessna vs Tonkawa,Subsidiary Final,Unknown,International Polo Club,2020,March 17. 2020,Unknown,Unknown,Unknown,Live,Search LiveStream,Cessna,,Chukka 3,,,Felipe Marquez,Shot At Goal,Blocked,57;44,Attacking 60,,,,,,,,,,,,
Shot At Goal (16),1517045,35000,USPA Gold Cup,Cessna vs Tonkawa,Subsidiary Final,Unknown,International Polo Club,2020,March 17. 2020,Unknown,Unknown,Unknown,Live,Search LiveStream,Cessna,,Chukka 3,,,Ezequiel Martinez Ferrario,Shot At Goal,Blocked,96;35,Attacking 30,,,,,,,,,,,,
Shot At Goal (17),1522617,35000,USPA Gold Cup,Cessna vs Tonkawa,Subsidiary Final,Unknown,International Polo Club,2020,March 17. 2020,Unknown,Unknown,Unknown,Live,Search LiveStream,Cessna,,Chukka 3,,,Nicolas Saenz,Shot At Goal,Goal,87;13,Attacking 30,,,,,,,,,,,,
Goal Cessna (2),1524719,35000,USPA Gold Cup,Cessna vs Tonkawa,Subsidiary Final,Unknown,International Polo Club,2020,March 17. 2020,Unknown,Unknown,Unknown,Live,Search LiveStream,Cessna,Goal Cessna,Chukka 3,,,Nicolas Saenz,,,76;4,Attacking 30,,,,,,,,,,,,
Shot Block,1532536,10000,USPA Gold Cup,Cessna vs Tonkawa,Subsidiary Final,Unknown,International Polo Club,2020,March 17. 2020,Unknown,Unknown,Unknown,Live,Search LiveStream,Tonkawa,,Chukka 3,,,Ignacio Toccalino,,,,,,,,,,,,,,,,Shot Block
Shot Block (1),1543613,10000,USPA Gold Cup,Cessna vs Tonkawa,Subsidiary Final,Unknown,International Polo Club,2020,March 17. 2020,Unknown,Unknown,Unknown,Live,Search LiveStream,Tonkawa,,Chukka 3,,,Sapo Caset,,,,,,,,,,,,,,,,Shot Block
Throw-in (8),1577514,20000,USPA Gold Cup,Cessna vs Tonkawa,Subsidiary Final,Unknown,International Polo Club,2020,March 17. 2020,Unknown,Unknown,Unknown,Live,Search LiveStream,Cessna,,Chukka 3,Throw-in,Cessna win throw-in,Chip Campbell,,,,,,,,,,,,,,,,
Shot At Goal (18),1623985,35000,USPA Gold Cup,Cessna vs Tonkawa,Subsidiary Final,Unknown,International Polo Club,2020,March 17. 2020,Unknown,Unknown,Unknown,Live,Search LiveStream,Tonkawa,,Chukka 3,,,Jeff Hildebrand,Shot At Goal,Wide,56;22,Attacking 30,,,,,,,,,,,,
Assist (4),1638985,25000,USPA Gold Cup,Cessna vs Tonkawa,Subsidiary Final,Unknown,International Polo Club,2020,March 17. 2020,Unknown,Unknown,Unknown,Live,Search LiveStream,Tonkawa,,Chukka 3,,,Ignacio Toccalino,,,,,,,,,,,,Unsuccessful,Ignacio Toccalino,,,
Knock In (4),1731083,40000,USPA Gold Cup,Cessna vs Tonkawa,Subsidiary Final,Unknown,International Polo Club,2020,March 17. 2020,Unknown,Unknown,Unknown,Live,Search LiveStream,Cessna,,Chukka 3,Knock In,,Felipe Marquez,,,,,,,,,,,,,,,,
Shot At Goal (19),1735830,35000,USPA Gold Cup,Cessna vs Tonkawa,Subsidiary Final,Unknown,International Polo Club,2020,March 17. 2020,Unknown,Unknown,Unknown,Live,Search LiveStream,Tonkawa,,Chukka 3,,,Sapo Caset,Shot At Goal,Goal,24;42,Attacking 60,,,,,,,,,,,,
Goal Tonkawa (5),1739334,35000,USPA Gold Cup,Cessna vs Tonkawa,Subsidiary Final,Unknown,International Polo Club,2020,March 17. 2020,Unknown,Unknown,Unknown,Live,Search LiveStream,Tonkawa,Goal Tonkawa,Chukka 3,,,Sapo Caset,,,78;4,Attacking 30,,,,,,,,,,,,
Free Hit (1),1757820,20000,USPA Gold Cup,Cessna vs Tonkawa,Subsidiary Final,Unknown,International Polo Club,2020,March 17. 2020,Unknown,Unknown,Unknown,Live,Search LiveStream,Tonkawa,,Chukka 3,Free Hit,,Sapo Caset,,,,,,,,,,,,,,,,
Throw-in (9),1792497,20000,USPA Gold Cup,Cessna vs Tonkawa,Subsidiary Final,Unknown,International Polo Club,2020,March 17. 2020,Unknown,Unknown,Unknown,Live,Search LiveStream,Tonkawa,,Chukka 3,Throw-in,Tonkawa win throw-in,Ignacio Toccalino,,,,,,,,,,,,,,,,
Knock In (5),1833836,40000,USPA Gold Cup,Cessna vs Tonkawa,Subsidiary Final,Unknown,International Polo Club,2020,March 17. 2020,Unknown,Unknown,Unknown,Live,Search LiveStream,Cessna,,Chukka 3,Knock In,,Felipe Marquez,,,,,,,,,,,,,,,,
Foul (6),1846425,25000,USPA Gold Cup,Cessna vs Tonkawa,Subsidiary Final,Unknown,International Polo Club,2020,March 17. 2020,Unknown,Unknown,Unknown,Live,Search LiveStream,Tonkawa,,Chukka 3,,,Jeff Hildebrand,,,21;167,Defending Half,Foul,Right of Way,Penalty 60 yards,121;218,62;211,,,,,,,
Foul Received (6),1846425,25000,USPA Gold Cup,Cessna vs Tonkawa,Subsidiary Final,Unknown,International Polo Club,2020,March 17. 2020,Unknown,Unknown,Unknown,Live,Search LiveStream,Cessna,,Chukka 3,,,Chip Campbell,,,127;130,Attacking Half,Foul Received,Right of Way,Penalty 60 yards,,,,,,,,,
Goal Cessna (3),1959053,35000,USPA Gold Cup,Cessna vs Tonkawa,Subsidiary Final,Unknown,International Polo Club,2020,March 17. 2020,Unknown,Unknown,Unknown,Live,Search LiveStream,Cessna,Goal Cessna,Chukka 4,,,Ezequiel Martinez Ferrario,,,77;1,Attacking 30,,,,,,,,,,,,
Penalty 60 yards,1974145,15000,USPA Gold Cup,Cessna vs Tonkawa,Subsidiary Final,Unknown,International Polo Club,2020,March 17. 2020,Unknown,Unknown,Unknown,Live,Search LiveStream,Cessna,,Chukka 4,,,Ezequiel Martinez Ferrario,,,,,,,,,,Penalty 60 yards,Goal,,,,,
Throw-in (10),2007944,20000,USPA Gold Cup,Cessna vs Tonkawa,Subsidiary Final,Unknown,International Polo Club,2020,March 17. 2020,Unknown,Unknown,Unknown,Live,Search LiveStream,Cessna,,Chukka 4,Throw-in,Cessna win throw-in,Chip Campbell,,,,,,,,,,,,,,,,
Shot At Goal (20),2022984,35000,USPA Gold Cup,Cessna vs Tonkawa,Subsidiary Final,Unknown,International Polo Club,2020,March 17. 2020,Unknown,Unknown,Unknown,Live,Search LiveStream,Cessna,,Chukka 4,,,Nicolas Saenz,Shot At Goal,Wide,107;9,Attacking 30,,,,,,,,,,,,
Assist (5),2038418,25000,USPA Gold Cup,Cessna vs Tonkawa,Subsidiary Final,Unknown,International Polo Club,2020,March 17. 2020,Unknown,Unknown,Unknown,Live,Search LiveStream,Cessna,,Chukka 4,,,Ezequiel Martinez Ferrario,,,,,,,,,,,,Unsuccessful,Ezequiel Martinez Ferrario,,,
Knock In (6),2102838,40000,USPA Gold Cup,Cessna vs Tonkawa,Subsidiary Final,Unknown,International Polo Club,2020,March 17. 2020,Unknown,Unknown,Unknown,Live,Search LiveStream,Tonkawa,,Chukka 4,Knock In,,Sapo Caset,,,,,,,,,,,,,,Ignacio Toccalino,,
Free Hit (2),2137840,20000,USPA Gold Cup,Cessna vs Tonkawa,Subsidiary Final,Unknown,International Polo Club,2020,March 17. 2020,Unknown,Unknown,Unknown,Live,Search LiveStream,Cessna,,Chukka 4,Free Hit,,Felipe Marquez,,,,,,,,,,,,,,,,
Shot At Goal (21),2143070,35000,USPA Gold Cup,Cessna vs Tonkawa,Subsidiary Final,Unknown,International Polo Club,2020,March 17. 2020,Unknown,Unknown,Unknown,Live,Search LiveStream,Tonkawa,,Chukka 4,,,Sapo Caset,Shot At Goal,Goal,63;13,Attacking 30,,,,,,,,,,,,
Goal Tonkawa (6),2144539,35000,USPA Gold Cup,Cessna vs Tonkawa,Subsidiary Final,Unknown,International Polo Club,2020,March 17. 2020,Unknown,Unknown,Unknown,Live,Search LiveStream,Tonkawa,Goal Tonkawa,Chukka 4,,,Sapo Caset,,,74;4,Attacking 30,,,,,,,,,,,Goals,
Assist (6),2153714,25000,USPA Gold Cup,Cessna vs Tonkawa,Subsidiary Final,Unknown,International Polo Club,2020,March 17. 2020,Unknown,Unknown,Unknown,Live,Search LiveStream,Tonkawa,,Chukka 4,,,Matias Gonzalez,,,,,,,,,,,,Successful,Matias Gonzalez,,,
Shot At Goal (22),2196357,35000,USPA Gold Cup,Cessna vs Tonkawa,Subsidiary Final,Unknown,International Polo Club,2020,March 17. 2020,Unknown,Unknown,Unknown,Live,Search LiveStream,Cessna,,Chukka 4,,,Ezequiel Martinez Ferrario,Shot At Goal,Goal,76;20,Attacking 30,,,,,,,,,,,,
Goal Cessna (4),2198259,35000,USPA Gold Cup,Cessna vs Tonkawa,Subsidiary Final,Unknown,International Polo Club,2020,March 17. 2020,Unknown,Unknown,Unknown,Live,Search LiveStream,Cessna,Goal Cessna,Chukka 4,,,Ezequiel Martinez Ferrario,,,78;3,Attacking 30,,,,,,,,,,,,
Throw-in (11),2203363,20000,USPA Gold Cup,Cessna vs Tonkawa,Subsidiary Final,Unknown,International Polo Club,2020,March 17. 2020,Unknown,Unknown,Unknown,Live,Search LiveStream,Tonkawa,,Chukka 4,Throw-in,Tonkawa win throw-in,Sapo Caset,,,,,,,,,,,,,,,,
Assist (7),2217496,25000,USPA Gold Cup,Cessna vs Tonkawa,Subsidiary Final,Unknown,International Polo Club,2020,March 17. 2020,Unknown,Unknown,Unknown,Live,Search LiveStream,Cessna,,Chukka 4,,,Felipe Marquez,,,,,,,,,,,,Successful,Felipe Marquez,,,
Throw-in (12),2256988,20000,USPA Gold Cup,Cessna vs Tonkawa,Subsidiary Final,Unknown,International Polo Club,2020,March 17. 2020,Unknown,Unknown,Unknown,Live,Search LiveStream,Tonkawa,,Chukka 4,Throw-in,Tonkawa win throw-in,Jeff Hildebrand,,,,,,,,,,,,,,,,
Foul (7),2304049,25000,USPA Gold Cup,Cessna vs Tonkawa,Subsidiary Final,Unknown,International Polo Club,2020,March 17. 2020,Unknown,Unknown,Unknown,Live,Search LiveStream,Tonkawa,,Chukka 4,,,Sapo Caset,,,123;257,Defending 60,Foul,Cross/High Hook,Penalty 30 yards,128;207,44;243,,,,,,,
Foul Received (7),2304049,25000,USPA Gold Cup,Cessna vs Tonkawa,Subsidiary Final,Unknown,International Polo Club,2020,March 17. 2020,Unknown,Unknown,Unknown,Live,Search LiveStream,Cessna,,Chukka 4,,,Nicolas Saenz,,,33;40,Attacking 60,Foul Received,Cross/High Hook,Penalty 30 yards,,,,,,,,,
Penalty 30 yards (1),2396768,15000,USPA Gold Cup,Cessna vs Tonkawa,Subsidiary Final,Unknown,International Polo Club,2020,March 17. 2020,Unknown,Unknown,Unknown,Live,Search LiveStream,Cessna,,Chukka 4,,,Ezequiel Martinez Ferrario,,,,,,,,,,Penalty 30 yards,Wide,,,,,
Shot At Goal (23),2400461,35000,USPA Gold Cup,Cessna vs Tonkawa,Subsidiary Final,Unknown,International Polo Club,2020,March 17. 2020,Unknown,Unknown,Unknown,Live,Search LiveStream,Cessna,,Chukka 4,,,Nicolas Saenz,Shot At Goal,Short,80;45,Attacking 60,,,,,,,,,,,,
Knock In (7),2417923,40000,USPA Gold Cup,Cessna vs Tonkawa,Subsidiary Final,Unknown,International Polo Club,2020,March 17. 2020,Unknown,Unknown,Unknown,Live,Search LiveStream,Tonkawa,,Chukka 4,Knock In,,Ignacio Toccalino,,,,,,,,,,,,,,,,
Free Hit (3),2458027,20000,USPA Gold Cup,Cessna vs Tonkawa,Subsidiary Final,Unknown,International Polo Club,2020,March 17. 2020,Unknown,Unknown,Unknown,Live,Search LiveStream,Cessna,,Chukka 4,Free Hit,,Ezequiel Martinez Ferrario,,,,,,,,,,,,,,,,
Shot At Goal (24),2524118,35000,USPA Gold Cup,Cessna vs Tonkawa,Subsidiary Final,Unknown,International Polo Club,2020,March 17. 2020,Unknown,Unknown,Unknown,Live,Search LiveStream,Cessna,,Chukka 4,,,Felipe Marquez,Shot At Goal,Wide,71;56,Attacking 60,,,,,,,,,,,,
Knock In (8),2575944,40000,USPA Gold Cup,Cessna vs Tonkawa,Subsidiary Final,Unknown,International Polo Club,2020,March 17. 2020,Unknown,Unknown,Unknown,Live,Search LiveStream,Tonkawa,,Chukka 5,Knock In,,Sapo Caset,,,,,,,,,,,,,,,,
Shot At Goal (25),2590384,35000,USPA Gold Cup,Cessna vs Tonkawa,Subsidiary Final,Unknown,International Polo Club,2020,March 17. 2020,Unknown,Unknown,Unknown,Live,Search LiveStream,Cessna,,Chukka 5,,,Chip Campbell,Shot At Goal,Wide,56;27,Attacking 30,,,,,,,,,,,,
Assist (8),2608120,25000,USPA Gold Cup,Cessna vs Tonkawa,Subsidiary Final,Unknown,International Polo Club,2020,March 17. 2020,Unknown,Unknown,Unknown,Live,Search LiveStream,Cessna,,Chukka 5,,,Felipe Marquez,,,,,,,,,,,,Unsuccessful,Felipe Marquez,,,
Shot At Goal (26),2636296,35000,USPA Gold Cup,Cessna vs Tonkawa,Subsidiary Final,Unknown,International Polo Club,2020,March 17. 2020,Unknown,Unknown,Unknown,Live,Search LiveStream,Cessna,,Chukka 5,,,Ezequiel Martinez Ferrario,Shot At Goal,Miss Hit,75;58,Attacking 60,,,,,,,,,,,,
Knock In (9),2639641,40000,USPA Gold Cup,Cessna vs Tonkawa,Subsidiary Final,Unknown,International Polo Club,2020,March 17. 2020,Unknown,Unknown,Unknown,Live,Search LiveStream,Tonkawa,,Chukka 5,Knock In,,Sapo Caset,,,,,,,,,,,,,,,,
Shot At Goal (27),2644672,35000,USPA Gold Cup,Cessna vs Tonkawa,Subsidiary Final,Unknown,International Polo Club,2020,March 17. 2020,Unknown,Unknown,Unknown,Live,Search LiveStream,Cessna,,Chukka 5,,,Nicolas Saenz,Shot At Goal,Wide,53;29,Attacking 30,,,,,,,,,,,,
Non Call (2),2656800,20000,USPA Gold Cup,Cessna vs Tonkawa,Subsidiary Final,Unknown,International Polo Club,2020,March 17. 2020,Unknown,Unknown,Unknown,Live,Search LiveStream,Team,,Chukka 5,,,,,,,,Non Call,Crossing,,,,,,,,,,
Knock In (10),2689257,40000,USPA Gold Cup,Cessna vs Tonkawa,Subsidiary Final,Unknown,International Polo Club,2020,March 17. 2020,Unknown,Unknown,Unknown,Live,Search LiveStream,Tonkawa,,Chukka 5,Knock In,,Sapo Caset,,,,,,,,,,,,,,,,
Shot At Goal (28),2742736,35000,USPA Gold Cup,Cessna vs Tonkawa,Subsidiary Final,Unknown,International Polo Club,2020,March 17. 2020,Unknown,Unknown,Unknown,Live,Search LiveStream,Cessna,,Chukka 5,,,Chip Campbell,Shot At Goal,Blocked,135;26,Attacking 30,,,,,,,,,,,,
Shot Block (2),2767736,10000,USPA Gold Cup,Cessna vs Tonkawa,Subsidiary Final,Unknown,International Polo Club,2020,March 17. 2020,Unknown,Unknown,Unknown,Live,Search LiveStream,Tonkawa,,Chukka 5,,,Jeff Hildebrand,,,,,,,,,,,,,,,,Shot Block
Shot At Goal (29),2808001,35000,USPA Gold Cup,Cessna vs Tonkawa,Subsidiary Final,Unknown,International Polo Club,2020,March 17. 2020,Unknown,Unknown,Unknown,Live,Search LiveStream,Tonkawa,,Chukka 5,,,Sapo Caset,Shot At Goal,Wide,77;90,Attacking Half,,,,,,,,,,,,
Knock In (11),2854155,40000,USPA Gold Cup,Cessna vs Tonkawa,Subsidiary Final,Unknown,International Polo Club,2020,March 17. 2020,Unknown,Unknown,Unknown,Live,Search LiveStream,Cessna,,Chukka 5,Knock In,,Ezequiel Martinez Ferrario,,,,,,,,,,,,,,,,
Shot At Goal (30),2854381,35000,USPA Gold Cup,Cessna vs Tonkawa,Subsidiary Final,Unknown,International Polo Club,2020,March 17. 2020,Unknown,Unknown,Unknown,Live,Search LiveStream,Cessna,,Chukka 5,,,Ezequiel Martinez Ferrario,Shot At Goal,Goal,96;20,Attacking 30,,,,,,,,,,,,
Goal Cessna (5),2856750,35000,USPA Gold Cup,Cessna vs Tonkawa,Subsidiary Final,Unknown,International Polo Club,2020,March 17. 2020,Unknown,Unknown,Unknown,Live,Search LiveStream,Cessna,Goal Cessna,Chukka 5,,,Ezequiel Martinez Ferrario,,,73;4,Attacking 30,,,,,,,,,,,Goals,
Throw-in (13),2916785,20000,USPA Gold Cup,Cessna vs Tonkawa,Subsidiary Final,Unknown,International Polo Club,2020,March 17. 2020,Unknown,Unknown,Unknown,Live,Search LiveStream,Cessna,,Chukka 5,Throw-in,Cessna win throw-in,Felipe Marquez,,,,,,,,,,,,,,,,
Foul (8),2933377,25000,USPA Gold Cup,Cessna vs Tonkawa,Subsidiary Final,Unknown,International Polo Club,2020,March 17. 2020,Unknown,Unknown,Unknown,Live,Search LiveStream,Cessna,,Chukka 5,,,Felipe Marquez,,,32;198,Defending Half,Foul,Crossing,Penalty 40 yards,35;190,99;138,,,,,,,
Foul Received (8),2933377,25000,USPA Gold Cup,Cessna vs Tonkawa,Subsidiary Final,Unknown,International Polo Club,2020,March 17. 2020,Unknown,Unknown,Unknown,Live,Search LiveStream,Tonkawa,,Chukka 5,,,Sapo Caset,,,111;104,Attacking Half,Foul Received,Crossing,Penalty 40 yards,,,,,,,,,
Goal Tonkawa (7),2989983,35000,USPA Gold Cup,Cessna vs Tonkawa,Subsidiary Final,Unknown,International Polo Club,2020,March 17. 2020,Unknown,Unknown,Unknown,Live,Search LiveStream,Tonkawa,Goal Tonkawa,Chukka 5,,,Sapo Caset,,,76;2,Attacking 30,,,,,,,,,,,,
Penalty 40 yards (1),3007350,15000,USPA Gold Cup,Cessna vs Tonkawa,Subsidiary Final,Unknown,International Polo Club,2020,March 17. 2020,Unknown,Unknown,Unknown,Live,Search LiveStream,Tonkawa,,Chukka 5,,,Sapo Caset,,,,,,,,,,Penalty 40 yards,Goal,,,,,
Throw-in (14),3044980,20000,USPA Gold Cup,Cessna vs Tonkawa,Subsidiary Final,Unknown,International Polo Club,2020,March 17. 2020,Unknown,Unknown,Unknown,Live,Search LiveStream,Tonkawa,,Chukka 5,Throw-in,Tonkawa win throw-in,Matias Gonzalez,,,,,,,,,,,,,,,,
Foul (9),3059437,25000,USPA Gold Cup,Cessna vs Tonkawa,Subsidiary Final,Unknown,International Polo Club,2020,March 17. 2020,Unknown,Unknown,Unknown,Live,Search LiveStream,Tonkawa,,Chukka 5,,,Ignacio Toccalino,,,73;26,Attacking 30,Foul,Crossing,Penalty 5,16;74,71;107,,,,,,,
Foul Received (9),3059437,25000,USPA Gold Cup,Cessna vs Tonkawa,Subsidiary Final,Unknown,International Polo Club,2020,March 17. 2020,Unknown,Unknown,Unknown,Live,Search LiveStream,Cessna,,Chukka 5,,,Felipe Marquez,,,70;275,Defending 30,Foul Received,Crossing,Penalty 5,,,,,,,,,
Penalty 5 (3),3154122,30000,USPA Gold Cup,Cessna vs Tonkawa,Subsidiary Final,Unknown,International Polo Club,2020,March 17. 2020,Unknown,Unknown,Unknown,Live,Search LiveStream,Cessna,,Chukka 6,Penalty 5,,Felipe Marquez,,,,,,,,,,,,,,,,
Foul (10),3177955,25000,USPA Gold Cup,Cessna vs Tonkawa,Subsidiary Final,Unknown,International Polo Club,2020,March 17. 2020,Unknown,Unknown,Unknown,Live,Search LiveStream,Cessna,,Chukka 6,,,Felipe Marquez,,,3;222,Defending Half,Foul,Turning,Penalty 60 yards,4;183,46;208,,,,,,,
Foul Received (10),3177955,25000,USPA Gold Cup,Cessna vs Tonkawa,Subsidiary Final,Unknown,International Polo Club,2020,March 17. 2020,Unknown,Unknown,Unknown,Live,Search LiveStream,Tonkawa,,Chukka 6,,,Matias Gonzalez,,,147;80,Attacking Half,Foul Received,Turning,Penalty 60 yards,,,,,,,,,
Penalty 60 yards (1),3281759,15000,USPA Gold Cup,Cessna vs Tonkawa,Subsidiary Final,Unknown,International Polo Club,2020,March 17. 2020,Unknown,Unknown,Unknown,Live,Search LiveStream,Tonkawa,,Chukka 6,,,Sapo Caset,,,,,,,,,,Penalty 60 yards,Blocked,,,,,
Penalty Block,3286759,10000,USPA Gold Cup,Cessna vs Tonkawa,Subsidiary Final,Unknown,International Polo Club,2020,March 17. 2020,Unknown,Unknown,Unknown,Live,Search LiveStream,Cessna,,Chukka 6,,,Ezequiel Martinez Ferrario,,,,,,,,,,,,,,,,Penalty Block
Shot At Goal (31),3304130,35000,USPA Gold Cup,Cessna vs Tonkawa,Subsidiary Final,Unknown,International Polo Club,2020,March 17. 2020,Unknown,Unknown,Unknown,Live,Search LiveStream,Tonkawa,,Chukka 6,,,Matias Gonzalez,Shot At Goal,Short,54;13,Attacking 30,,,,,,,,,,,,
Free Hit (4),3318353,20000,USPA Gold Cup,Cessna vs Tonkawa,Subsidiary Final,Unknown,International Polo Club,2020,March 17. 2020,Unknown,Unknown,Unknown,Live,Search LiveStream,Tonkawa,,Chukka 6,Free Hit,,Sapo Caset,,,,,,,,,,,,,,,,
Shot At Goal (32),3341501,35000,USPA Gold Cup,Cessna vs Tonkawa,Subsidiary Final,Unknown,International Polo Club,2020,March 17. 2020,Unknown,Unknown,Unknown,Live,Search LiveStream,Cessna,,Chukka 6,,,Nicolas Saenz,Shot At Goal,Short,50;21,Attacking 30,,,,,,,,,,,,
Non Call (3),3394437,20000,USPA Gold Cup,Cessna vs Tonkawa,Subsidiary Final,Unknown,International Polo Club,2020,March 17. 2020,Unknown,Unknown,Unknown,Live,Search LiveStream,Team,,Chukka 6,,,,,,,,Non Call,Blocking,,,,,,,,,,
Shot At Goal (33),3435361,35000,USPA Gold Cup,Cessna vs Tonkawa,Subsidiary Final,Unknown,International Polo Club,2020,March 17. 2020,Unknown,Unknown,Unknown,Live,Search LiveStream,Tonkawa,,Chukka 6,,,Sapo Caset,Shot At Goal,Short,132;99,Attacking Half,,,,,,,,,,,,
Shot At Goal (34),3500260,35000,USPA Gold Cup,Cessna vs Tonkawa,Subsidiary Final,Unknown,International Polo Club,2020,March 17. 2020,Unknown,Unknown,Unknown,Live,Search LiveStream,Tonkawa,,Chukka 6,,,Ignacio Toccalino,Shot At Goal,Blocked,117;38,Attacking 30,,,,,,,,,,,,
Shot Block (3),3526794,10000,USPA Gold Cup,Cessna vs Tonkawa,Subsidiary Final,Unknown,International Polo Club,2020,March 17. 2020,Unknown,Unknown,Unknown,Live,Search LiveStream,Cessna,,Chukka 6,,,Felipe Marquez,,,,,,,,,,,,,,,,Shot Block
Shot At Goal (35),3603763,35000,USPA Gold Cup,Cessna vs Tonkawa,Subsidiary Final,Unknown,International Polo Club,2020,March 17. 2020,Unknown,Unknown,Unknown,Live,Search LiveStream,Tonkawa,,Chukka 6,,,Sapo Caset,Shot At Goal,Wide,107;49,Attacking 60,,,,,,,,,,,,
Knock In (12),3605005,40000,USPA Gold Cup,Cessna vs Tonkawa,Subsidiary Final,Unknown,International Polo Club,2020,March 17. 2020,Unknown,Unknown,Unknown,Live,Search LiveStream,Cessna,,Chukka 6,Knock In,,Felipe Marquez,,,,,,,,,,,,,,,,
Shot At Goal (36),3635261,35000,USPA Gold Cup,Cessna vs Tonkawa,Subsidiary Final,Unknown,International Polo Club,2020,March 17. 2020,Unknown,Unknown,Unknown,Live,Search LiveStream,Tonkawa,,Chukka 6,,,Sapo Caset,Shot At Goal,Wide,38;48,Attacking 60,,,,,,,,,,,,
Knock In (13),3647646,40000,USPA Gold Cup,Cessna vs Tonkawa,Subsidiary Final,Unknown,International Polo Club,2020,March 17. 2020,Unknown,Unknown,Unknown,Live,Search LiveStream,Cessna,,Chukka 6,Knock In,,Felipe Marquez,,,,,,,,,,,,,,,,
Knock In (14),3681381,40000,USPA Gold Cup,Cessna vs Tonkawa,Subsidiary Final,Unknown,International Polo Club,2020,March 17. 2020,Unknown,Unknown,Unknown,Live,Search LiveStream,Cessna,,Chukka 6,Knock In,,Felipe Marquez,,,,,,,,,,,,,,Ezequiel Martinez Ferrario,,
Shot At Goal (37),3684644,35000,USPA Gold Cup,Cessna vs Tonkawa,Subsidiary Final,Unknown,International Polo Club,2020,March 17. 2020,Unknown,Unknown,Unknown,Live,Search LiveStream,Cessna,,Chukka 6,,,Felipe Marquez,Shot At Goal,Short,126;22,Attacking 30,,,,,,,,,,,,
Non Call (4),3752928,20000,USPA Gold Cup,Cessna vs Tonkawa,Subsidiary Final,Unknown,International Polo Club,2020,March 17. 2020,Unknown,Unknown,Unknown,Live,Search LiveStream,Team,,Chukka 6,,,,,,,,Non Call,Cross/High Hook,,,,,,,,,,