Name,Position,Duration,Chukka,Team,Player,Game,Set Play,Stage,Tournament,Umpire 2,Search Event,Match Date,Camera Angle,Club,Throw-in Outcome,Umpire 1,Third Umpire,Instant Replay Official,Year,Shot At Goal,Shot At Goal Outcome,General Field Area,Location,Knock-in Player 2,Foul,Foul Outcome,Foul Type,Penalties,Penalty Outcome,Goal,Assist,Assist Outcome,Penalty Block,Collision,Chukka Length,Highlight Reel,Umpire Focal,Umpire Trailing
Shot At Goal,61066,35000,Chukka 1,Dutta Corp,Lucas Diaz Alberdi,Cessna vs Dutta Corp,,Group,USPA Gold Cup,Unknown,Search Live stream,February 24. 2020,Live,International Polo Club,,Unknown,Unknown,Unknown,2020,Shot At Goal,Wide,Attacking 60,87;70,,,,,,,,,,,,,,,
Throw-in,76166,20000,Chukka 1,Dutta Corp,Facundo Obregon,Cessna vs Dutta Corp,Throw-in,Group,USPA Gold Cup,Unknown,Search Live stream,February 24. 2020,Live,International Polo Club,Dutta Corp win throw-in,Unknown,Unknown,Unknown,2020,,,,,,,,,,,,,,,,,,,
Chukka Length,77200,715307,Chukka 1,Team,,Cessna vs Dutta Corp,,Group,USPA Gold Cup,Unknown,Search Live stream,February 24. 2020,Live,International Polo Club,,Unknown,Unknown,Unknown,2020,,,,,,,,,,,,,,,,Chukka Length,,,
Game Length,77548,5524143,,Team,,Cessna vs Dutta Corp,,Group,USPA Gold Cup,Unknown,Search Live stream,February 24. 2020,Live,International Polo Club,,Unknown,Unknown,Unknown,2020,,,,,,,,,,,,,,,,Game Length,,,
Knock In,110191,40000,Chukka 1,Cessna,Felipe Marquez,Cessna vs Dutta Corp,Knock In,Group,USPA Gold Cup,Unknown,Search Live stream,February 24. 2020,Live,International Polo Club,,Unknown,Unknown,Unknown,2020,,,,,Ezequiel ‘Gallego’ Martinez Ferrario,,,,,,,,,,,,,,
Foul,136066,25000,Chukka 1,Dutta Corp,Lucas Diaz Alberdi,Cessna vs Dutta Corp,,Group,USPA Gold Cup,Unknown,Search Live stream,February 24. 2020,Live,International Polo Club,,Unknown,Unknown,Unknown,2020,,,Defending Half,45;221,,Foul,Penalty 30 yards,Dangerous Use of Mallet,,,,,,,,,,35;208,79;263
Foul Received,136066,25000,Chukka 1,Cessna,Ezequiel ‘Gallego’ Martinez Ferrario,Cessna vs Dutta Corp,,Group,USPA Gold Cup,Unknown,Search Live stream,February 24. 2020,Live,International Polo Club,,Unknown,Unknown,Unknown,2020,,,Attacking 60,99;75,,Foul Received,Penalty 30 yards,Dangerous Use of Mallet,,,,,,,,,,,
Yellow Card,219933,10000,Chukka 1,Dutta Corp,Lucas Diaz Alberdi,Cessna vs Dutta Corp,,Group,USPA Gold Cup,Unknown,Search Live stream,February 24. 2020,Live,International Polo Club,,Unknown,Unknown,Unknown,2020,,,,,,Yellow Card,,Dangerous Use of Mallet,,,,,,,,,,,
Goal Cessna,229233,35000,Chukka 1,Cessna,Ezequiel ‘Gallego’ Martinez Ferrario,Cessna vs Dutta Corp,,Group,USPA Gold Cup,Unknown,Search Live stream,February 24. 2020,Live,International Polo Club,,Unknown,Unknown,Unknown,2020,,,,,,,,,,,Goal Cessna,,,,,,,,
Penalty 30 yards,246233,15000,Chukka 1,Cessna,Ezequiel ‘Gallego’ Martinez Ferrario,Cessna vs Dutta Corp,,Group,USPA Gold Cup,Unknown,Search Live stream,February 24. 2020,Live,International Polo Club,,Unknown,Unknown,Unknown,2020,,,,,,,,,Penalty 30 yards,Goal,,,,,,,,,
Foul (1),280233,25000,Chukka 1,Cessna,Felipe Marquez,Cessna vs Dutta Corp,,Group,USPA Gold Cup,Unknown,Search Live stream,February 24. 2020,Live,International Polo Club,,Unknown,Unknown,Unknown,2020,,,Defending Half,105;174,,Foul,Penalty 40 yards,Right of Way,,,,,,,,,,108;177,132;163
Foul Received (1),280233,25000,Chukka 1,Dutta Corp,Mariano Obregon,Cessna vs Dutta Corp,,Group,USPA Gold Cup,Unknown,Search Live stream,February 24. 2020,Live,International Polo Club,,Unknown,Unknown,Unknown,2020,,,Attacking Half,49;126,,Foul Received,Penalty 40 yards,Right of Way,,,,,,,,,,,
Throw-in (1),284166,20000,Chukka 1,Dutta Corp,Mariano Obregon,Cessna vs Dutta Corp,Throw-in,Group,USPA Gold Cup,Unknown,Search Live stream,February 24. 2020,Live,International Polo Club,Dutta Corp win throw-in,Unknown,Unknown,Unknown,2020,,,,,,,,,,,,,,,,,,,
Goal Dutta Corp,338166,35000,Chukka 1,Dutta Corp,Mariano Obregon,Cessna vs Dutta Corp,,Group,USPA Gold Cup,Unknown,Search Live stream,February 24. 2020,Live,International Polo Club,,Unknown,Unknown,Unknown,2020,,,,,,,,,,,Goal Dutta Corp,,,,,,,,
Penalty 40 yards,354366,15000,Chukka 1,Dutta Corp,Mariano Obregon,Cessna vs Dutta Corp,,Group,USPA Gold Cup,Unknown,Search Live stream,February 24. 2020,Live,International Polo Club,,Unknown,Unknown,Unknown,2020,,,,,,,,,Penalty 40 yards,Goal,,,,,,,,,
Throw-in (2),387833,20000,Chukka 1,Cessna,Felipe Marquez,Cessna vs Dutta Corp,Throw-in,Group,USPA Gold Cup,Unknown,Search Live stream,February 24. 2020,Live,International Polo Club,Cessna win throw-in,Unknown,Unknown,Unknown,2020,,,,,,,,,,,,,,,,,,,
Shot At Goal (39),400059,35000,Chukka 1,Dutta Corp,Unknown,Cessna vs Dutta Corp,,Group,USPA Gold Cup,Unknown,Search Live stream,February 24. 2020,Live,International Polo Club,,Unknown,Unknown,Unknown,2020,Shot At Goal,Goal,Attacking 30,69;18,,,,,,,,,,,,,,,
Goal Dutta Corp (11),400059,35000,Chukka 1,Dutta Corp,Unknown,Cessna vs Dutta Corp,,Group,USPA Gold Cup,Unknown,Search Live stream,February 24. 2020,Live,International Polo Club,,Unknown,Unknown,Unknown,2020,,,,,,,,,,,Goal Dutta Corp,,,,,,,,
Shot At Goal (40),415924,35000,Chukka 1,Cessna Polo Team,Unknown,Cessna vs Dutta Corp,,Group,USPA Gold Cup,Unknown,Search Live stream,February 24. 2020,Live,International Polo Club,,Unknown,Unknown,Unknown,2020,Shot At Goal,Goal,Attacking 30,86;18,,,,,,,,,,,,,,,
Goal Cessna (5),415924,35000,Chukka 1,Cessna Polo Team,Unknown,Cessna vs Dutta Corp,,Group,USPA Gold Cup,Unknown,Search Live stream,February 24. 2020,Live,International Polo Club,,Unknown,Unknown,Unknown,2020,,,,,,,,,,,Goal Cessna,,,,,,,,
Goal Dutta Corp (1),582400,35000,Chukka 1,Dutta Corp,Facundo Obregon,Cessna vs Dutta Corp,,Group,USPA Gold Cup,Unknown,Search Live stream,February 24. 2020,Live,International Polo Club,,Unknown,Unknown,Unknown,2020,,,,,,,,,,,Goal Dutta Corp,,,,,,,,
Safety 60,599700,15000,Chukka 1,Dutta Corp,Facundo Obregon,Cessna vs Dutta Corp,,Group,USPA Gold Cup,Unknown,Search Live stream,February 24. 2020,Live,International Polo Club,,Unknown,Unknown,Unknown,2020,,,,,,,,,Safety 60,Goal,,,,,,,,,
Throw-in (3),634666,20000,Chukka 1,Dutta Corp,Lucas Diaz Alberdi,Cessna vs Dutta Corp,Throw-in,Group,USPA Gold Cup,Unknown,Search Live stream,February 24. 2020,Live,International Polo Club,Dutta Corp win throw-in,Unknown,Unknown,Unknown,2020,,,,,,,,,,,,,,,,,,,
Throw-in (4),681066,20000,Chukka 1,Cessna,Felipe Marquez,Cessna vs Dutta Corp,Throw-in,Group,USPA Gold Cup,Unknown,Search Live stream,February 24. 2020,Live,International Polo Club,Cessna win throw-in,Unknown,Unknown,Unknown,2020,,,,,,,,,,,,,,,,,,,
Shot At Goal (1),726833,35000,Chukka 1,Dutta Corp,Timmy Dutta,Cessna vs Dutta Corp,,Group,USPA Gold Cup,Unknown,Search Live stream,February 24. 2020,Live,International Polo Club,,Unknown,Unknown,Unknown,2020,Shot At Goal,Goal,Attacking 30,74;15,,,,,,,,,,,,,,,
Goal Dutta Corp (2),729533,35000,Chukka 1,Dutta Corp,Timmy Dutta,Cessna vs Dutta Corp,,Group,USPA Gold Cup,Unknown,Search Live stream,February 24. 2020,Live,International Polo Club,,Unknown,Unknown,Unknown,2020,,,Attacking 30,72;8,,,,,,,Goal Dutta Corp,,,,,,,,
Assist,744533,25000,Chukka 1,Dutta Corp,Lucas Diaz Alberdi,Cessna vs Dutta Corp,,Group,USPA Gold Cup,Unknown,Search Live stream,February 24. 2020,Live,International Polo Club,,Unknown,Unknown,Unknown,2020,,,,,,,,,,,,Lucas Diaz Alberdi,Successful,,,,,,
Shot At Goal (2),930833,35000,Chukka 2,Dutta Corp,Timmy Dutta,Cessna vs Dutta Corp,,Group,USPA Gold Cup,Unknown,Search Live stream,February 24. 2020,Live,International Polo Club,,Unknown,Unknown,Unknown,2020,Shot At Goal,Wide,Attacking 30,53;12,,,,,,,,,,,,,,,
Throw-in (5),941333,20000,Chukka 2,Dutta Corp,Facundo Obregon,Cessna vs Dutta Corp,Throw-in,Group,USPA Gold Cup,Unknown,Search Live stream,February 24. 2020,Live,International Polo Club,Dutta Corp win throw-in,Unknown,Unknown,Unknown,2020,,,,,,,,,,,,,,,,,,,
Chukka Length (1),944266,605847,Chukka 2,Team,,Cessna vs Dutta Corp,,Group,USPA Gold Cup,Unknown,Search Live stream,February 24. 2020,Live,International Polo Club,,Unknown,Unknown,Unknown,2020,,,,,,,,,,,,,,,,Chukka Length,,,
Assist (1),945833,25000,Chukka 2,Dutta Corp,Mariano Obregon,Cessna vs Dutta Corp,,Group,USPA Gold Cup,Unknown,Search Live stream,February 24. 2020,Live,International Polo Club,,Unknown,Unknown,Unknown,2020,,,,,,,,,,,,Mariano Obregon,Unsuccessful,,,,,,
Knock In (1),984200,40000,Chukka 2,Cessna,Felipe Marquez,Cessna vs Dutta Corp,Knock In,Group,USPA Gold Cup,Unknown,Search Live stream,February 24. 2020,Live,International Polo Club,,Unknown,Unknown,Unknown,2020,,,,,Ezequiel ‘Gallego’ Martinez Ferrario,,,,,,,,,,,,,,
Foul (2),1009633,25000,Chukka 2,Dutta Corp,Mariano Obregon,Cessna vs Dutta Corp,,Group,USPA Gold Cup,Unknown,Search Live stream,February 24. 2020,Live,International Polo Club,,Unknown,Unknown,Unknown,2020,,,Defending Half,140;190,,Foul,Penalty 5,Crossing,,,,,,,,,,110;202,146;177
Foul Received (2),1009633,25000,Chukka 2,Cessna,Nicolas ‘Nico’ Saenz,Cessna vs Dutta Corp,,Group,USPA Gold Cup,Unknown,Search Live stream,February 24. 2020,Live,International Polo Club,,Unknown,Unknown,Unknown,2020,,,Attacking Half,11;109,,Foul Received,Penalty 5,Crossing,,,,,,,,,,,
Shot At Goal (3),1079466,35000,Chukka 2,Cessna,Nicolas ‘Nico’ Saenz,Cessna vs Dutta Corp,,Group,USPA Gold Cup,Unknown,Search Live stream,February 24. 2020,Live,International Polo Club,,Unknown,Unknown,Unknown,2020,Shot At Goal,Wide,Attacking 60,76;53,,,,,,,,,,,,,,,
Penalty 5,1090124,30000,Chukka 2,Cessna,Felipe Marquez,Cessna vs Dutta Corp,Penalty 5,Group,USPA Gold Cup,Unknown,Search Live stream,February 24. 2020,Live,International Polo Club,,Unknown,Unknown,Unknown,2020,,,,,,,,,,,,,,,,,,,
Assist (2),1091733,25000,Chukka 2,Cessna,Felipe Marquez,Cessna vs Dutta Corp,,Group,USPA Gold Cup,Unknown,Search Live stream,February 24. 2020,Live,International Polo Club,,Unknown,Unknown,Unknown,2020,,,,,,,,,,,,Felipe Marquez,Unsuccessful,,,,,,
Knock In (2),1128891,40000,Chukka 2,Dutta Corp,Facundo Obregon,Cessna vs Dutta Corp,Knock In,Group,USPA Gold Cup,Unknown,Search Live stream,February 24. 2020,Live,International Polo Club,,Unknown,Unknown,Unknown,2020,,,,,Lucas Diaz Alberdi,,,,,,,,,,,,,,
Shot At Goal (4),1152133,35000,Chukka 2,Dutta Corp,Facundo Obregon,Cessna vs Dutta Corp,,Group,USPA Gold Cup,Unknown,Search Live stream,February 24. 2020,Live,International Polo Club,,Unknown,Unknown,Unknown,2020,Shot At Goal,Miss Hit,Attacking 30,94;30,,,,,,,,,,,,,,,
Shot At Goal (5),1164333,35000,Chukka 2,Dutta Corp,Facundo Obregon,Cessna vs Dutta Corp,,Group,USPA Gold Cup,Unknown,Search Live stream,February 24. 2020,Live,International Polo Club,,Unknown,Unknown,Unknown,2020,Shot At Goal,Goal,Attacking 30,96;30,,,,,,,,,,,,,,,
Goal Dutta Corp (3),1172266,35000,Chukka 2,Dutta Corp,Facundo Obregon,Cessna vs Dutta Corp,,Group,USPA Gold Cup,Unknown,Search Live stream,February 24. 2020,Live,International Polo Club,,Unknown,Unknown,Unknown,2020,,,,,,,,,,,Goal Dutta Corp,,,,,,,,
Throw-in (6),1220533,20000,Chukka 2,Cessna,Ezequiel ‘Gallego’ Martinez Ferrario,Cessna vs Dutta Corp,Throw-in,Group,USPA Gold Cup,Unknown,Search Live stream,February 24. 2020,Live,International Polo Club,Cessna win throw-in,Unknown,Unknown,Unknown,2020,,,,,,,,,,,,,,,,,,,
Shot At Goal (6),1255633,35000,Chukka 2,Dutta Corp,Lucas Diaz Alberdi,Cessna vs Dutta Corp,,Group,USPA Gold Cup,Unknown,Search Live stream,February 24. 2020,Live,International Polo Club,,Unknown,Unknown,Unknown,2020,Shot At Goal,Miss Hit,Attacking 30,65;26,,,,,,,,,,,,,,,
Shot At Goal (7),1258166,35000,Chukka 2,Dutta Corp,Timmy Dutta,Cessna vs Dutta Corp,,Group,USPA Gold Cup,Unknown,Search Live stream,February 24. 2020,Live,International Polo Club,,Unknown,Unknown,Unknown,2020,Shot At Goal,Goal,Attacking 30,70;25,,,,,,,,,,,,,,,
Goal Dutta Corp (4),1260266,35000,Chukka 2,Dutta Corp,Timmy Dutta,Cessna vs Dutta Corp,,Group,USPA Gold Cup,Unknown,Search Live stream,February 24. 2020,Live,International Polo Club,,Unknown,Unknown,Unknown,2020,,,Attacking 30,71;4,,,,,,,Goal Dutta Corp,,,,,,,,
Throw-in (7),1393933,20000,Chukka 2,Dutta Corp,Facundo Obregon,Cessna vs Dutta Corp,Throw-in,Group,USPA Gold Cup,Unknown,Search Live stream,February 24. 2020,Live,International Polo Club,Dutta Corp win throw-in,Unknown,Unknown,Unknown,2020,,,,,,,,,,,,,,,,,,,
Non Call,1400033,20000,Chukka 2,Team,,Cessna vs Dutta Corp,,Group,USPA Gold Cup,Unknown,Search Live stream,February 24. 2020,Live,International Polo Club,,Unknown,Unknown,Unknown,2020,,,,,,Non Call,,Right of Way,,,,,,,,,,,
Shot At Goal (8),1413233,35000,Chukka 2,Dutta Corp,Timmy Dutta,Cessna vs Dutta Corp,,Group,USPA Gold Cup,Unknown,Search Live stream,February 24. 2020,Live,International Polo Club,,Unknown,Unknown,Unknown,2020,Shot At Goal,Wide,Attacking 30,34;13,,,,,,,,,,,,,,,
Knock In (3),1464500,40000,Chukka 2,Cessna,Felipe Marquez,Cessna vs Dutta Corp,Knock In,Group,USPA Gold Cup,Unknown,Search Live stream,February 24. 2020,Live,International Polo Club,,Unknown,Unknown,Unknown,2020,,,,,Nicolas ‘Nico’ Saenz,,,,,,,,,,,,,,
Shot At Goal (9),1467233,35000,Chukka 2,Dutta Corp,Timmy Dutta,Cessna vs Dutta Corp,,Group,USPA Gold Cup,Unknown,Search Live stream,February 24. 2020,Live,International Polo Club,,Unknown,Unknown,Unknown,2020,Shot At Goal,Goal,Attacking 30,66;25,,,,,,,,,,,,,,,
Goal Dutta Corp (5),1469266,35000,Chukka 2,Dutta Corp,Timmy Dutta,Cessna vs Dutta Corp,,Group,USPA Gold Cup,Unknown,Search Live stream,February 24. 2020,Live,International Polo Club,,Unknown,Unknown,Unknown,2020,,,Attacking 30,72;3,,,,,,,Goal Dutta Corp,,,,,,,,
Assist (3),1487433,25000,Chukka 2,Dutta Corp,Facundo Obregon,Cessna vs Dutta Corp,,Group,USPA Gold Cup,Unknown,Search Live stream,February 24. 2020,Live,International Polo Club,,Unknown,Unknown,Unknown,2020,,,,,,,,,,,,Facundo Obregon,Successful,,,,,,
Throw-in (8),1713433,20000,Chukka 3,Cessna,Chip Campbell,Cessna vs Dutta Corp,Throw-in,Group,USPA Gold Cup,Unknown,Search Live stream,February 24. 2020,Live,International Polo Club,Cessna win throw-in,Unknown,Unknown,Unknown,2020,,,,,,,,,,,,,,,,,,,
Chukka Length (2),1717101,796512,Chukka 3,Team,,Cessna vs Dutta Corp,,Group,USPA Gold Cup,Unknown,Search Live stream,February 24. 2020,Live,International Polo Club,,Unknown,Unknown,Unknown,2020,,,,,,,,,,,,,,,,Chukka Length,,,
Safety 60 (1),1798233,15000,Chukka 3,Dutta Corp,Mariano Obregon,Cessna vs Dutta Corp,,Group,USPA Gold Cup,Unknown,Search Live stream,February 24. 2020,Live,International Polo Club,,Unknown,Unknown,Unknown,2020,,,,,,,,,Safety 60,Blocked,,,,,,,,,
Penalty Block,1837566,10000,Chukka 3,Cessna,Ezequiel ‘Gallego’ Martinez Ferrario,Cessna vs Dutta Corp,,Group,USPA Gold Cup,Unknown,Search Live stream,February 24. 2020,Live,International Polo Club,,Unknown,Unknown,Unknown,2020,,,,,,,,,,,,,,Penalty Block,,,,,
Safety 60 (2),1848966,15000,Chukka 3,Dutta Corp,Mariano Obregon,Cessna vs Dutta Corp,,Group,USPA Gold Cup,Unknown,Search Live stream,February 24. 2020,Live,International Polo Club,,Unknown,Unknown,Unknown,2020,,,,,,,,,Safety 60,Wide,,,,,,,,,
Knock In (4),1876913,40000,Chukka 3,Cessna,Felipe Marquez,Cessna vs Dutta Corp,Knock In,Group,USPA Gold Cup,Unknown,Search Live stream,February 24. 2020,Live,International Polo Club,,Unknown,Unknown,Unknown,2020,,,,,Ezequiel ‘Gallego’ Martinez Ferrario,,,,,,,,,,,,,,
Foul (3),1964333,25000,Chukka 3,Cessna,Chip Campbell,Cessna vs Dutta Corp,,Group,USPA Gold Cup,Unknown,Search Live stream,February 24. 2020,Live,International Polo Club,,Unknown,Unknown,Unknown,2020,,,Attacking 30,69;29,,Foul,Penalty 5,Right of Way,,,,,,,,,,76;68,115;26
Foul Received (3),1964333,25000,Chukka 3,Dutta Corp,Lucas Diaz Alberdi,Cessna vs Dutta Corp,,Group,USPA Gold Cup,Unknown,Search Live stream,February 24. 2020,Live,International Polo Club,,Unknown,Unknown,Unknown,2020,,,Defending 60,84;271,,Foul Received,Penalty 5,Right of Way,,,,,,,,,,,
Penalty 5 (1),2012191,30000,Chukka 3,Dutta Corp,Facundo Obregon,Cessna vs Dutta Corp,Penalty 5,Group,USPA Gold Cup,Unknown,Search Live stream,February 24. 2020,Live,International Polo Club,,Unknown,Unknown,Unknown,2020,,,,,,,,,,,,,,,,,,,
Foul (4),2039000,25000,Chukka 3,Cessna,Nicolas ‘Nico’ Saenz,Cessna vs Dutta Corp,,Group,USPA Gold Cup,Unknown,Search Live stream,February 24. 2020,Live,International Polo Club,,Unknown,Unknown,Unknown,2020,,,Attacking 60,71;68,,Foul,Penalty 5B,Dangerous Riding,,,,,,,,,,108;95,32;76
Foul Received (4),2039000,25000,Chukka 3,Dutta Corp,Mariano Obregon,Cessna vs Dutta Corp,,Group,USPA Gold Cup,Unknown,Search Live stream,February 24. 2020,Live,International Polo Club,,Unknown,Unknown,Unknown,2020,,,Defending Half,88;226,,Foul Received,Penalty 5B,Dangerous Riding,,,,,,,,,,,
Shot At Goal (10),2108800,35000,Chukka 3,Dutta Corp,Lucas Diaz Alberdi,Cessna vs Dutta Corp,,Group,USPA Gold Cup,Unknown,Search Live stream,February 24. 2020,Live,International Polo Club,,Unknown,Unknown,Unknown,2020,Shot At Goal,Wide,Attacking 60,64;61,,,,,,,,,,,,,,,
Assist (4),2128033,25000,Chukka 3,Dutta Corp,Facundo Obregon,Cessna vs Dutta Corp,,Group,USPA Gold Cup,Unknown,Search Live stream,February 24. 2020,Live,International Polo Club,,Unknown,Unknown,Unknown,2020,,,,,,,,,,,,Facundo Obregon,Unsuccessful,,,,,,
Penalty 5b,2130666,30000,Chukka 3,Dutta Corp,Facundo Obregon,Cessna vs Dutta Corp,Penalty 5b,Group,USPA Gold Cup,Unknown,Search Live stream,February 24. 2020,Live,International Polo Club,,Unknown,Unknown,Unknown,2020,,,,,,,,,,,,,,,,,,,
Knock In (5),2161666,40000,Chukka 3,Cessna,Felipe Marquez,Cessna vs Dutta Corp,Knock In,Group,USPA Gold Cup,Unknown,Search Live stream,February 24. 2020,Live,International Polo Club,,Unknown,Unknown,Unknown,2020,,,,,Nicolas ‘Nico’ Saenz,,,,,,,,,,,,,,
Foul (5),2193033,25000,Chukka 3,Cessna,Ezequiel ‘Gallego’ Martinez Ferrario,Cessna vs Dutta Corp,,Group,USPA Gold Cup,Unknown,Search Live stream,February 24. 2020,Live,International Polo Club,,Unknown,Unknown,Unknown,2020,,,Attacking Half,61;112,,Foul,Penalty 5,Right of Way,,,,,,,,,,100;176,124;120
Foul Received (5),2193033,25000,Chukka 3,Dutta Corp,Timmy Dutta,Cessna vs Dutta Corp,,Group,USPA Gold Cup,Unknown,Search Live stream,February 24. 2020,Live,International Polo Club,,Unknown,Unknown,Unknown,2020,,,Defending Half,92;188,,Foul Received,Penalty 5,Right of Way,,,,,,,,,,,
Shot At Goal (11),2226666,35000,Chukka 3,Dutta Corp,Facundo Obregon,Cessna vs Dutta Corp,,Group,USPA Gold Cup,Unknown,Search Live stream,February 24. 2020,Live,International Polo Club,,Unknown,Unknown,Unknown,2020,Shot At Goal,Goal,Attacking 30,112;24,,,,,,,,,,,,,,,
Goal Dutta Corp (6),2229433,35000,Chukka 3,Dutta Corp,Facundo Obregon,Cessna vs Dutta Corp,,Group,USPA Gold Cup,Unknown,Search Live stream,February 24. 2020,Live,International Polo Club,,Unknown,Unknown,Unknown,2020,,,Attacking 30,74;6,,,,,,,Goal Dutta Corp,,,,,,,,
Penalty 5 (2),2233066,30000,Chukka 3,Dutta Corp,Facundo Obregon,Cessna vs Dutta Corp,Penalty 5,Group,USPA Gold Cup,Unknown,Search Live stream,February 24. 2020,Live,International Polo Club,,Unknown,Unknown,Unknown,2020,,,,,,,,,,,,,,,,,,,
Throw-in (9),2285113,20000,Chukka 3,Dutta Corp,Facundo Obregon,Cessna vs Dutta Corp,Throw-in,Group,USPA Gold Cup,Unknown,Search Live stream,February 24. 2020,Live,International Polo Club,Dutta Corp win throw-in,Unknown,Unknown,Unknown,2020,,,,,,,,,,,,,,,,,,,
Foul (6),2287933,25000,Chukka 3,Cessna,Ezequiel ‘Gallego’ Martinez Ferrario,Cessna vs Dutta Corp,,Group,USPA Gold Cup,Unknown,Search Live stream,February 24. 2020,Live,International Polo Club,,Unknown,Unknown,Unknown,2020,,,Defending Half,87;186,,Foul,Penalty 60 yards,Right of Way,,,,,,,,,,128;163,87;166
Foul Received (6),2287933,25000,Chukka 3,Dutta Corp,Mariano Obregon,Cessna vs Dutta Corp,,Group,USPA Gold Cup,Unknown,Search Live stream,February 24. 2020,Live,International Polo Club,,Unknown,Unknown,Unknown,2020,,,Attacking Half,57;107,,Foul Received,Penalty 60 yards,Right of Way,,,,,,,,,,,
Shot At Goal (12),2368433,35000,Chukka 3,Dutta Corp,Timmy Dutta,Cessna vs Dutta Corp,,Group,USPA Gold Cup,Unknown,Search Live stream,February 24. 2020,Live,International Polo Club,,Unknown,Unknown,Unknown,2020,Shot At Goal,Short,Attacking 30,46;21,,,,,,,,,,,,,,,
Shot At Goal (13),2370733,35000,Chukka 3,Dutta Corp,Lucas Diaz Alberdi,Cessna vs Dutta Corp,,Group,USPA Gold Cup,Unknown,Search Live stream,February 24. 2020,Live,International Polo Club,,Unknown,Unknown,Unknown,2020,Shot At Goal,Blocked,Attacking 30,72;13,,,,,,,,,,,,,,,
Penalty 60 yards,2381161,15000,Chukka 3,Dutta Corp,Mariano Obregon,Cessna vs Dutta Corp,,Group,USPA Gold Cup,Unknown,Search Live stream,February 24. 2020,Live,International Polo Club,,Unknown,Unknown,Unknown,2020,,,,,,,,,Penalty 60 yards,Blocked,,,,,,,,,
Penalty Block (1),2387300,10000,Chukka 3,Cessna,Ezequiel ‘Gallego’ Martinez Ferrario,Cessna vs Dutta Corp,,Group,USPA Gold Cup,Unknown,Search Live stream,February 24. 2020,Live,International Polo Club,,Unknown,Unknown,Unknown,2020,,,,,,,,,,,,,,Penalty Block,,,,,
Shot Block,2395733,10000,Chukka 3,Cessna,Nicolas ‘Nico’ Saenz,Cessna vs Dutta Corp,,Group,USPA Gold Cup,Unknown,Search Live stream,February 24. 2020,Live,International Polo Club,,Unknown,Unknown,Unknown,2020,,,,,,,,,,,,,,Shot Block,,,,,
Shot At Goal (14),2419800,35000,Chukka 3,Dutta Corp,Lucas Diaz Alberdi,Cessna vs Dutta Corp,,Group,USPA Gold Cup,Unknown,Search Live stream,February 24. 2020,Live,International Polo Club,,Unknown,Unknown,Unknown,2020,Shot At Goal,Wide,Attacking 30,76;12,,,,,,,,,,,,,,,
Free Hit,2420233,20000,Chukka 3,Cessna,Felipe Marquez,Cessna vs Dutta Corp,Free Hit,Group,USPA Gold Cup,Unknown,Search Live stream,February 24. 2020,Live,International Polo Club,,Unknown,Unknown,Unknown,2020,,,,,,,,,,,,,,,,,,,
Assist (5),2438033,25000,Chukka 3,Dutta Corp,Facundo Obregon,Cessna vs Dutta Corp,,Group,USPA Gold Cup,Unknown,Search Live stream,February 24. 2020,Live,International Polo Club,,Unknown,Unknown,Unknown,2020,,,,,,,,,,,,Facundo Obregon,Unsuccessful,,,,,,
Knock In (6),2463591,40000,Chukka 3,Cessna,Felipe Marquez,Cessna vs Dutta Corp,Knock In,Group,USPA Gold Cup,Unknown,Search Live stream,February 24. 2020,Live,International Polo Club,,Unknown,Unknown,Unknown,2020,,,,,Ezequiel ‘Gallego’ Martinez Ferrario,,,,,,,,,,,,,,
Shot At Goal (15),2467066,35000,Chukka 3,Cessna,Felipe Marquez,Cessna vs Dutta Corp,,Group,USPA Gold Cup,Unknown,Search Live stream,February 24. 2020,Live,International Polo Club,,Unknown,Unknown,Unknown,2020,Shot At Goal,Wide,Attacking 30,111;21,,,,,,,,,,,,,,,
Assist (6),2490400,25000,Chukka 3,Cessna,Nicolas ‘Nico’ Saenz,Cessna vs Dutta Corp,,Group,USPA Gold Cup,Unknown,Search Live stream,February 24. 2020,Live,International Polo Club,,Unknown,Unknown,Unknown,2020,,,,,,,,,,,,Nicolas ‘Nico’ Saenz,Unsuccessful,,,,,,
Knock In (7),3046533,40000,Chukka 4,Dutta Corp,Facundo Obregon,Cessna vs Dutta Corp,Knock In,Group,USPA Gold Cup,Unknown,Search Live stream,February 24. 2020,Live,International Polo Club,,Unknown,Unknown,Unknown,2020,,,,,,,,,,,,,,,,,,,
Chukka Length (3),3049883,66649,Chukka 4,Team,,Cessna vs Dutta Corp,,Group,USPA Gold Cup,Unknown,Search Live stream,February 24. 2020,Live,International Polo Club,,Unknown,Unknown,Unknown,2020,,,,,,,,,,,,,,,,Chukka Length,,,
Shot At Goal (16),3050200,35000,Chukka 4,Dutta Corp,Facundo Obregon,Cessna vs Dutta Corp,,Group,USPA Gold Cup,Unknown,Search Live stream,February 24. 2020,Live,International Polo Club,,Unknown,Unknown,Unknown,2020,Shot At Goal,Goal,Attacking 30,107;36,,,,,,,,,,,,,,,
Goal Dutta Corp (7),3052166,35000,Chukka 4,Dutta Corp,Facundo Obregon,Cessna vs Dutta Corp,,Group,USPA Gold Cup,Unknown,Search Live stream,February 24. 2020,Live,International Polo Club,,Unknown,Unknown,Unknown,2020,,,Attacking 30,71;6,,,,,,,Goal Dutta Corp,,,,,,,,
Collision,3112333,15000,Chukka 4,Cessna,Nicolas ‘Nico’ Saenz,Cessna vs Dutta Corp,,Group,USPA Gold Cup,Unknown,Search Live stream,February 24. 2020,Live,International Polo Club,,Unknown,Unknown,Unknown,2020,,,,,,,,,,,,,,,Collision,,,,
Throw-in (10),3115666,20000,Chukka 4,Cessna,Felipe Marquez,Cessna vs Dutta Corp,Throw-in,Group,USPA Gold Cup,Unknown,Search Live stream,February 24. 2020,Live,International Polo Club,Cessna win throw-in,Unknown,Unknown,Unknown,2020,,,,,,,,,,,,,,,,,,,
Injury Time,3117133,109499,Chukka 4,Team,,Cessna vs Dutta Corp,,Group,USPA Gold Cup,Unknown,Search Live stream,February 24. 2020,Live,International Polo Club,,Unknown,Unknown,Unknown,2020,,,,,,,,,,,,,,,,Injury Time,,,
Shot At Goal (17),3213000,35000,Chukka 4,Dutta Corp,Lucas Diaz Alberdi,Cessna vs Dutta Corp,,Group,USPA Gold Cup,Unknown,Search Live stream,February 24. 2020,Live,International Polo Club,,Unknown,Unknown,Unknown,2020,Shot At Goal,Miss Hit,Attacking 60,73;45,,,,,,,,,,,,,,,
Shot At Goal (18),3221333,35000,Chukka 4,Dutta Corp,Timmy Dutta,Cessna vs Dutta Corp,,Group,USPA Gold Cup,Unknown,Search Live stream,February 24. 2020,Live,International Polo Club,,Unknown,Unknown,Unknown,2020,Shot At Goal,Goal,Attacking 30,81;21,,,,,,,,,,,,,,,
Goal Dutta Corp (8),3224133,35000,Chukka 4,Dutta Corp,Timmy Dutta,Cessna vs Dutta Corp,,Group,USPA Gold Cup,Unknown,Search Live stream,February 24. 2020,Live,International Polo Club,,Unknown,Unknown,Unknown,2020,,,Attacking 30,76;8,,,,,,,Goal Dutta Corp,,,,,,,,
Throw-in (11),3227333,20000,Chukka 4,Dutta Corp,Facundo Obregon,Cessna vs Dutta Corp,Throw-in,Group,USPA Gold Cup,Unknown,Search Live stream,February 24. 2020,Live,International Polo Club,Dutta Corp win throw-in,Unknown,Unknown,Unknown,2020,,,,,,,,,,,,,,,,,,,
Chukka Length (4),3232600,596564,Chukka 4,Team,,Cessna vs Dutta Corp,,Group,USPA Gold Cup,Unknown,Search Live stream,February 24. 2020,Live,International Polo Club,,Unknown,Unknown,Unknown,2020,,,,,,,,,,,,,,,,Chukka Length,,,
Throw-in (12),3277366,20000,Chukka 4,Cessna,Chip Campbell,Cessna vs Dutta Corp,Throw-in,Group,USPA Gold Cup,Unknown,Search Live stream,February 24. 2020,Live,International Polo Club,Cessna win throw-in,Unknown,Unknown,Unknown,2020,,,,,,,,,,,,,,,,,,,
Foul Received (7),3282566,25000,Chukka 4,Dutta Corp,Lucas Diaz Alberdi,Cessna vs Dutta Corp,,Group,USPA Gold Cup,Unknown,Search Live stream,February 24. 2020,Live,International Polo Club,,Unknown,Unknown,Unknown,2020,,,Attacking Half,117;130,,Foul Received,Penalty 5,Right of Way,,,,,,,,,,,
Foul (7),3282566,25000,Chukka 4,Cessna,Nicolas ‘Nico’ Saenz,Cessna vs Dutta Corp,,Group,USPA Gold Cup,Unknown,Search Live stream,February 24. 2020,Live,International Polo Club,,Unknown,Unknown,Unknown,2020,,,Defending Half,21;163,,Foul,Penalty 5,Right of Way,,,,,,,,,,114;177,77;129
Penalty 5 (3),3331966,30000,Chukka 4,Dutta Corp,Facundo Obregon,Cessna vs Dutta Corp,Penalty 5,Group,USPA Gold Cup,Unknown,Search Live stream,February 24. 2020,Live,International Polo Club,,Unknown,Unknown,Unknown,2020,,,,,,,,,,,,,,,,,,,
Non Call (1),3335666,20000,Chukka 4,Team,,Cessna vs Dutta Corp,,Group,USPA Gold Cup,Unknown,Search Live stream,February 24. 2020,Live,International Polo Club,,Unknown,Unknown,Unknown,2020,,,,,,Non Call,,Blocking,,,,,,,,,,,
Shot At Goal (19),3397324,35000,Chukka 4,Cessna,Felipe Marquez,Cessna vs Dutta Corp,,Group,USPA Gold Cup,Unknown,Search Live stream,February 24. 2020,Live,International Polo Club,,Unknown,Unknown,Unknown,2020,Shot At Goal,Miss Hit,Attacking 30,39;18,,,,,,,,,,,,,,,
Shot At Goal (20),3427333,35000,Chukka 4,Cessna,Felipe Marquez,Cessna vs Dutta Corp,,Group,USPA Gold Cup,Unknown,Search Live stream,February 24. 2020,Live,International Polo Club,,Unknown,Unknown,Unknown,2020,Shot At Goal,Goal,Attacking 60,57;61,,,,,,,,,,,,,,,
Goal Cessna (1),3431833,35000,Chukka 4,Cessna,Felipe Marquez,Cessna vs Dutta Corp,,Group,USPA Gold Cup,Unknown,Search Live stream,February 24. 2020,Live,International Polo Club,,Unknown,Unknown,Unknown,2020,,,Attacking 30,74;11,,,,,,,Goal Cessna,,,,,,Goals,,
Throw-in (13),3583476,20000,Chukka 4,Dutta Corp,Mariano Obregon,Cessna vs Dutta Corp,Throw-in,Group,USPA Gold Cup,Unknown,Search Live stream,February 24. 2020,Live,International Polo Club,Dutta Corp win throw-in,Unknown,Unknown,Unknown,2020,,,,,,,,,,,,,,,,,,,
Shot At Goal (21),3608400,35000,Chukka 4,Dutta Corp,Timmy Dutta,Cessna vs Dutta Corp,,Group,USPA Gold Cup,Unknown,Search Live stream,February 24. 2020,Live,International Polo Club,,Unknown,Unknown,Unknown,2020,Shot At Goal,Goal,Attacking 30,60;24,,,,,,,,,,,,,,,
Goal Dutta Corp (9),3611000,35000,Chukka 4,Dutta Corp,Timmy Dutta,Cessna vs Dutta Corp,,Group,USPA Gold Cup,Unknown,Search Live stream,February 24. 2020,Live,International Polo Club,,Unknown,Unknown,Unknown,2020,,,Attacking 30,71;6,,,,,,,Goal Dutta Corp,,,,,,Goals,,
Throw-in (14),3667200,20000,Chukka 4,Cessna,Ezequiel ‘Gallego’ Martinez Ferrario,Cessna vs Dutta Corp,Throw-in,Group,USPA Gold Cup,Unknown,Search Live stream,February 24. 2020,Live,International Polo Club,Cessna win throw-in,Unknown,Unknown,Unknown,2020,,,,,,,,,,,,,,,,,,,
Foul (8),3711166,25000,Chukka 4,Cessna,Nicolas ‘Nico’ Saenz,Cessna vs Dutta Corp,,Group,USPA Gold Cup,Unknown,Search Live stream,February 24. 2020,Live,International Polo Club,,Unknown,Unknown,Unknown,2020,,,Attacking Half,25;102,,Foul,Penalty 5B,Right of Way,,,,,,,,,,11;86,65;122
Foul Received (8),3711166,25000,Chukka 4,Dutta Corp,Mariano Obregon,Cessna vs Dutta Corp,,Group,USPA Gold Cup,Unknown,Search Live stream,February 24. 2020,Live,International Polo Club,,Unknown,Unknown,Unknown,2020,,,Defending Half,130;202,,Foul Received,Penalty 5B,Right of Way,,,,,,,,,,,
Shot At Goal (22),3767300,35000,Chukka 4,Dutta Corp,Lucas Diaz Alberdi,Cessna vs Dutta Corp,,Group,USPA Gold Cup,Unknown,Search Live stream,February 24. 2020,Live,International Polo Club,,Unknown,Unknown,Unknown,2020,Shot At Goal,Goal,Attacking 30,95;26,,,,,,,,,,,,,,,
Goal Dutta Corp (10),3770233,35000,Chukka 4,Dutta Corp,Lucas Diaz Alberdi,Cessna vs Dutta Corp,,Group,USPA Gold Cup,Unknown,Search Live stream,February 24. 2020,Live,International Polo Club,,Unknown,Unknown,Unknown,2020,,,Attacking 30,72;4,,,,,,,Goal Dutta Corp,,,,,,,,
Penalty 5b (1),3779900,30000,Chukka 4,Dutta Corp,Facundo Obregon,Cessna vs Dutta Corp,Penalty 5b,Group,USPA Gold Cup,Unknown,Search Live stream,February 24. 2020,Live,International Polo Club,,Unknown,Unknown,Unknown,2020,,,,,,,,,,,,,,,,,,,
Throw-in (15),3976266,20000,Chukka 5,Dutta Corp,Facundo Obregon,Cessna vs Dutta Corp,Throw-in,Group,USPA Gold Cup,Unknown,Search Live stream,February 24. 2020,Live,International Polo Club,Dutta Corp win throw-in,Unknown,Unknown,Unknown,2020,,,,,,,,,,,,,,,,,,,
Chukka Length (5),3979700,698537,Chukka 5,Team,,Cessna vs Dutta Corp,,Group,USPA Gold Cup,Unknown,Search Live stream,February 24. 2020,Live,International Polo Club,,Unknown,Unknown,Unknown,2020,,,,,,,,,,,,,,,,Chukka Length,,,
Foul (9),3994733,25000,Chukka 5,Cessna,Felipe Marquez,Cessna vs Dutta Corp,,Group,USPA Gold Cup,Unknown,Search Live stream,February 24. 2020,Live,International Polo Club,,Unknown,Unknown,Unknown,2020,,,Attacking Half,101;83,,Foul,Penalty 5,Right of Way,,,,,,,,,,77;99,124;66
Foul Received (9),3994733,25000,Chukka 5,Dutta Corp,Timmy Dutta,Cessna vs Dutta Corp,,Group,USPA Gold Cup,Unknown,Search Live stream,February 24. 2020,Live,International Polo Club,,Unknown,Unknown,Unknown,2020,,,Defending Half,51;217,,Foul Received,Penalty 5,Right of Way,,,,,,,,,,,
Penalty 5 (4),4026600,30000,Chukka 5,Dutta Corp,Facundo Obregon,Cessna vs Dutta Corp,Penalty 5,Group,USPA Gold Cup,Unknown,Search Live stream,February 24. 2020,Live,International Polo Club,,Unknown,Unknown,Unknown,2020,,,,,,,,,,,,,,,,,,,
Foul (10),4047333,25000,Chukka 5,Dutta Corp,Timmy Dutta,Cessna vs Dutta Corp,,Group,USPA Gold Cup,Unknown,Search Live stream,February 24. 2020,Live,International Polo Club,,Unknown,Unknown,Unknown,2020,,,Attacking Half,82;95,,Foul,Reversed Call,Riding Into Shot,,,,,,,,,,37;109,117;77
Foul Received (10),4047333,25000,Chukka 5,Cessna,Felipe Marquez,Cessna vs Dutta Corp,,Group,USPA Gold Cup,Unknown,Search Live stream,February 24. 2020,Live,International Polo Club,,Unknown,Unknown,Unknown,2020,,,Defending Half,59;215,,Foul Received,Reversed Call,Riding Into Shot,,,,,,,,,,,
Shot At Goal (23),4181466,35000,Chukka 5,Dutta Corp,Mariano Obregon,Cessna vs Dutta Corp,,Group,USPA Gold Cup,Unknown,Search Live stream,February 24. 2020,Live,International Polo Club,,Unknown,Unknown,Unknown,2020,Shot At Goal,Blocked,Attacking 30,133;22,,,,,,,,,,,,,,,
Throw-in (16),4181833,20000,Chukka 5,Cessna,Ezequiel ‘Gallego’ Martinez Ferrario,Cessna vs Dutta Corp,Throw-in,Group,USPA Gold Cup,Unknown,Search Live stream,February 24. 2020,Live,International Polo Club,Cessna win throw-in,Unknown,Unknown,Unknown,2020,,,,,,,,,,,,,,,,,,,
Shot At Goal (24),4190033,35000,Chukka 5,Dutta Corp,Mariano Obregon,Cessna vs Dutta Corp,,Group,USPA Gold Cup,Unknown,Search Live stream,February 24. 2020,Live,International Polo Club,,Unknown,Unknown,Unknown,2020,Shot At Goal,Wide,Attacking 30,37;11,,,,,,,,,,,,,,,
Assist (7),4206633,25000,Chukka 5,Dutta Corp,Timmy Dutta,Cessna vs Dutta Corp,,Group,USPA Gold Cup,Unknown,Search Live stream,February 24. 2020,Live,International Polo Club,,Unknown,Unknown,Unknown,2020,,,,,,,,,,,,Timmy Dutta,Unsuccessful,,,,,,
Shot Block (1),4208166,10000,Chukka 5,Cessna,Nicolas ‘Nico’ Saenz,Cessna vs Dutta Corp,,Group,USPA Gold Cup,Unknown,Search Live stream,February 24. 2020,Live,International Polo Club,,Unknown,Unknown,Unknown,2020,,,,,,,,,,,,,,Shot Block,,,,,
Non Call (2),4231233,20000,Chukka 5,Team,,Cessna vs Dutta Corp,,Group,USPA Gold Cup,Unknown,Search Live stream,February 24. 2020,Live,International Polo Club,,Unknown,Unknown,Unknown,2020,,,,,,Non Call,,Right of Way,,,,,,,,,,,
Knock In (8),4232000,40000,Chukka 5,Cessna,Nicolas ‘Nico’ Saenz,Cessna vs Dutta Corp,Knock In,Group,USPA Gold Cup,Unknown,Search Live stream,February 24. 2020,Live,International Polo Club,,Unknown,Unknown,Unknown,2020,,,,,,,,,,,,,,,,,,,
Foul Received (11),4239966,25000,Chukka 5,Cessna,Nicolas ‘Nico’ Saenz,Cessna vs Dutta Corp,,Group,USPA Gold Cup,Unknown,Search Live stream,February 24. 2020,Live,International Polo Club,,Unknown,Unknown,Unknown,2020,,,Defending 60,82;270,,Foul Received,Penalty 5B,Dangerous Riding,,,,,,,,,,,
Foul (11),4239966,25000,Chukka 5,Dutta Corp,Lucas Diaz Alberdi,Cessna vs Dutta Corp,,Group,USPA Gold Cup,Unknown,Search Live stream,February 24. 2020,Live,International Polo Club,,Unknown,Unknown,Unknown,2020,,,Attacking 30,66;30,,Foul,Penalty 5B,Dangerous Riding,,,,,,,,,,40;53,127;83
Shot At Goal (25),4294200,35000,Chukka 5,Cessna,Ezequiel ‘Gallego’ Martinez Ferrario,Cessna vs Dutta Corp,,Group,USPA Gold Cup,Unknown,Search Live stream,February 24. 2020,Live,International Polo Club,,Unknown,Unknown,Unknown,2020,Shot At Goal,Goal,Attacking 30,82;22,,,,,,,,,,,,,,,
Goal Cessna (2),4296133,35000,Chukka 5,Cessna,Ezequiel ‘Gallego’ Martinez Ferrario,Cessna vs Dutta Corp,,Group,USPA Gold Cup,Unknown,Search Live stream,February 24. 2020,Live,International Polo Club,,Unknown,Unknown,Unknown,2020,,,Attacking 30,74;4,,,,,,,Goal Cessna,,,,,,,,
Penalty 5b (2),4297766,30000,Chukka 5,Cessna,Nicolas ‘Nico’ Saenz,Cessna vs Dutta Corp,Penalty 5b,Group,USPA Gold Cup,Unknown,Search Live stream,February 24. 2020,Live,International Polo Club,,Unknown,Unknown,Unknown,2020,,,,,,,,,,,,,,,,,,,
Throw-in (17),4348200,20000,Chukka 5,Cessna,Felipe Marquez,Cessna vs Dutta Corp,Throw-in,Group,USPA Gold Cup,Unknown,Search Live stream,February 24. 2020,Live,International Polo Club,Cessna win throw-in,Unknown,Unknown,Unknown,2020,,,,,,,,,,,,,,,,,,,
Shot At Goal (26),4399366,35000,Chukka 5,Cessna,Ezequiel ‘Gallego’ Martinez Ferrario,Cessna vs Dutta Corp,,Group,USPA Gold Cup,Unknown,Search Live stream,February 24. 2020,Live,International Polo Club,,Unknown,Unknown,Unknown,2020,Shot At Goal,Short,Attacking 60,53;58,,,,,,,,,,,,,,,
Shot At Goal (27),4437433,35000,Chukka 5,Cessna,Ezequiel ‘Gallego’ Martinez Ferrario,Cessna vs Dutta Corp,,Group,USPA Gold Cup,Unknown,Search Live stream,February 24. 2020,Live,International Polo Club,,Unknown,Unknown,Unknown,2020,Shot At Goal,Blocked,Attacking 60,82;70,,,,,,,,,,,,,,,
Shot Block (2),4467433,10000,Chukka 5,Dutta Corp,Facundo Obregon,Cessna vs Dutta Corp,,Group,USPA Gold Cup,Unknown,Search Live stream,February 24. 2020,Live,International Polo Club,,Unknown,Unknown,Unknown,2020,,,,,,,,,,,,,,Shot Block,,,,,
Shot At Goal (28),4479633,35000,Chukka 5,Cessna,Chip Campbell,Cessna vs Dutta Corp,,Group,USPA Gold Cup,Unknown,Search Live stream,February 24. 2020,Live,International Polo Club,,Unknown,Unknown,Unknown,2020,Shot At Goal,Goal,Attacking 30,88;20,,,,,,,,,,,,,,,
Goal Cessna (3),4481866,35000,Chukka 5,Cessna,Chip Campbell,Cessna vs Dutta Corp,,Group,USPA Gold Cup,Unknown,Search Live stream,February 24. 2020,Live,International Polo Club,,Unknown,Unknown,Unknown,2020,,,Attacking 30,70;1,,,,,,,Goal Cessna,,,,,,,,
Assist (8),4496866,25000,Chukka 5,Cessna,Felipe Marquez,Cessna vs Dutta Corp,,Group,USPA Gold Cup,Unknown,Search Live stream,February 24. 2020,Live,International Polo Club,,Unknown,Unknown,Unknown,2020,,,,,,,,,,,,Felipe Marquez,Successful,,,,,,
Throw-in (18),4541633,20000,Chukka 5,Dutta Corp,Facundo Obregon,Cessna vs Dutta Corp,Throw-in,Group,USPA Gold Cup,Unknown,Search Live stream,February 24. 2020,Live,International Polo Club,Dutta Corp win throw-in,Unknown,Unknown,Unknown,2020,,,,,,,,,,,,,,,,,,,
Foul Received (12),4561233,25000,Chukka 5,Cessna,Felipe Marquez,Cessna vs Dutta Corp,,Group,USPA Gold Cup,Unknown,Search Live stream,February 24. 2020,Live,International Polo Club,,Unknown,Unknown,Unknown,2020,,,Defending 30,9;275,,Foul Received,Penalty 5B,Riding Into Shot,,,,,,,,,,,
Foul (12),4561233,25000,Chukka 5,Dutta Corp,Facundo Obregon,Cessna vs Dutta Corp,,Group,USPA Gold Cup,Unknown,Search Live stream,February 24. 2020,Live,International Polo Club,,Unknown,Unknown,Unknown,2020,,,Attacking 30,139;29,,Foul,Penalty 5B,Riding Into Shot,,,,,,,,,,148;24,105;59
Shot At Goal (29),4594300,35000,Chukka 5,Cessna,Felipe Marquez,Cessna vs Dutta Corp,,Group,USPA Gold Cup,Unknown,Search Live stream,February 24. 2020,Live,International Polo Club,,Unknown,Unknown,Unknown,2020,Shot At Goal,Wide,Attacking 30,110;29,,,,,,,,,,,,,,,
Penalty 5b (3),4609666,30000,Chukka 5,Cessna,Felipe Marquez,Cessna vs Dutta Corp,Penalty 5b,Group,USPA Gold Cup,Unknown,Search Live stream,February 24. 2020,Live,International Polo Club,,Unknown,Unknown,Unknown,2020,,,,,,,,,,,,,,,,,,,
Foul (13),4637700,25000,Chukka 5,Cessna,Felipe Marquez,Cessna vs Dutta Corp,,Group,USPA Gold Cup,Unknown,Search Live stream,February 24. 2020,Live,International Polo Club,,Unknown,Unknown,Unknown,2020,,,Attacking 30,91;34,,Foul,Penalty 5B,Improper Procedure,,,,,,,,,,112;18,45;47
Foul Received (13),4637700,25000,Chukka 5,Dutta Corp,Mariano Obregon,Cessna vs Dutta Corp,,Group,USPA Gold Cup,Unknown,Search Live stream,February 24. 2020,Live,International Polo Club,,Unknown,Unknown,Unknown,2020,,,Defending 60,91;268,,Foul Received,Penalty 5B,Improper Procedure,,,,,,,,,,,
Knock In (9),4638034,40000,Chukka 5,Dutta Corp,Facundo Obregon,Cessna vs Dutta Corp,Knock In,Group,USPA Gold Cup,Unknown,Search Live stream,February 24. 2020,Live,International Polo Club,,Unknown,Unknown,Unknown,2020,,,,,,,,,,,,,,,,,,,
Penalty 5b (4),4862933,30000,Chukka 6,Dutta Corp,Facundo Obregon,Cessna vs Dutta Corp,Penalty 5b,Group,USPA Gold Cup,Unknown,Search Live stream,February 24. 2020,Live,International Polo Club,,Unknown,Unknown,Unknown,2020,,,,,,,,,,,,,,,,,,,
Chukka Length (6),4867800,710566,Chukka 6,Team,,Cessna vs Dutta Corp,,Group,USPA Gold Cup,Unknown,Search Live stream,February 24. 2020,Live,International Polo Club,,Unknown,Unknown,Unknown,2020,,,,,,,,,,,,,,,,Chukka Length,,,
Shot At Goal (30),4905891,35000,Chukka 6,Cessna,Nicolas ‘Nico’ Saenz,Cessna vs Dutta Corp,,Group,USPA Gold Cup,Unknown,Search Live stream,February 24. 2020,Live,International Polo Club,,Unknown,Unknown,Unknown,2020,Shot At Goal,Miss Hit,Attacking 60,45;66,,,,,,,,,,,,,,,
Foul (14),4935133,25000,Chukka 6,Dutta Corp,Facundo Obregon,Cessna vs Dutta Corp,,Group,USPA Gold Cup,Unknown,Search Live stream,February 24. 2020,Live,International Polo Club,,Unknown,Unknown,Unknown,2020,,,Defending 30,85;275,,Foul,Penalty 30 yards,Riding Into Shot,,,,,,,,,,110;248,25;257
Foul Received (14),4935133,25000,Chukka 6,Cessna,Ezequiel ‘Gallego’ Martinez Ferrario,Cessna vs Dutta Corp,,Group,USPA Gold Cup,Unknown,Search Live stream,February 24. 2020,Live,International Polo Club,,Unknown,Unknown,Unknown,2020,,,Attacking 30,62;22,,Foul Received,Penalty 30 yards,Riding Into Shot,,,,,,,,,,,
Penalty 30 yards Spot,4975100,10000,Chukka 6,Cessna,Ezequiel ‘Gallego’ Martinez Ferrario,Cessna vs Dutta Corp,,Group,USPA Gold Cup,Unknown,Search Live stream,February 24. 2020,Live,International Polo Club,,Unknown,Unknown,Unknown,2020,,,,,,,,,Penalty 30 yards Spot,Wide,,,,,,,,,
Knock In (10),4994600,40000,Chukka 6,Dutta Corp,Facundo Obregon,Cessna vs Dutta Corp,Knock In,Group,USPA Gold Cup,Unknown,Search Live stream,February 24. 2020,Live,International Polo Club,,Unknown,Unknown,Unknown,2020,,,,,,,,,,,,,,,,,,,
Shot At Goal (31),4997533,35000,Chukka 6,Cessna,Nicolas ‘Nico’ Saenz,Cessna vs Dutta Corp,,Group,USPA Gold Cup,Unknown,Search Live stream,February 24. 2020,Live,International Polo Club,,Unknown,Unknown,Unknown,2020,Shot At Goal,Blocked,Attacking 60,77;67,,,,,,,,,,,,,,,
Shot At Goal (32),5019666,35000,Chukka 6,Cessna,Felipe Marquez,Cessna vs Dutta Corp,,Group,USPA Gold Cup,Unknown,Search Live stream,February 24. 2020,Live,International Polo Club,,Unknown,Unknown,Unknown,2020,Shot At Goal,Miss Hit,Attacking 30,96;35,,,,,,,,,,,,,,,
Shot Block (3),5029966,10000,Chukka 6,Dutta Corp,Facundo Obregon,Cessna vs Dutta Corp,,Group,USPA Gold Cup,Unknown,Search Live stream,February 24. 2020,Live,International Polo Club,,Unknown,Unknown,Unknown,2020,,,,,,,,,,,,,,Shot Block,,,,,
Shot At Goal (33),5047466,35000,Chukka 6,Dutta Corp,Facundo Obregon,Cessna vs Dutta Corp,,Group,USPA Gold Cup,Unknown,Search Live stream,February 24. 2020,Live,International Polo Club,,Unknown,Unknown,Unknown,2020,Shot At Goal,Wide,Attacking 30,55;34,,,,,,,,,,,,,,,
Knock In (11),5092500,40000,Chukka 6,Cessna,Nicolas ‘Nico’ Saenz,Cessna vs Dutta Corp,Knock In,Group,USPA Gold Cup,Unknown,Search Live stream,February 24. 2020,Live,International Polo Club,,Unknown,Unknown,Unknown,2020,,,,,Ezequiel ‘Gallego’ Martinez Ferrario,,,,,,,,,,,,,,
Foul (15),5119066,25000,Chukka 6,Dutta Corp,Mariano Obregon,Cessna vs Dutta Corp,,Group,USPA Gold Cup,Unknown,Search Live stream,February 24. 2020,Live,International Polo Club,,Unknown,Unknown,Unknown,2020,,,Attacking 60,76;74,,Foul,Penalty 5,Right of Way,,,,,,,,,,,
Foul Received (15),5119066,25000,Chukka 6,Cessna,Felipe Marquez,Cessna vs Dutta Corp,,Group,USPA Gold Cup,Unknown,Search Live stream,February 24. 2020,Live,International Polo Club,,Unknown,Unknown,Unknown,2020,,,Defending Half,65;220,,Foul Received,Penalty 5,Right of Way,,,,,,,,,,,
Penalty 5 (5),5334400,30000,Chukka 6,Cessna,Nicolas ‘Nico’ Saenz,Cessna vs Dutta Corp,Penalty 5,Group,USPA Gold Cup,Unknown,Search Live stream,February 24. 2020,Live,International Polo Club,,Unknown,Unknown,Unknown,2020,,,,,,,,,,,,,,,,,,,
Shot At Goal (34),5376533,35000,Chukka 6,Cessna,Felipe Marquez,Cessna vs Dutta Corp,,Group,USPA Gold Cup,Unknown,Search Live stream,February 24. 2020,Live,International Polo Club,,Unknown,Unknown,Unknown,2020,Shot At Goal,Goal,Attacking 30,80;8,,,,,,,,,,,,,,,
Goal Cessna (4),5378566,35000,Chukka 6,Cessna,Felipe Marquez,Cessna vs Dutta Corp,,Group,USPA Gold Cup,Unknown,Search Live stream,February 24. 2020,Live,International Polo Club,,Unknown,Unknown,Unknown,2020,,,Attacking 30,76;4,,,,,,,Goal Cessna,,,,,,,,
Shot At Goal (35),5424466,35000,Chukka 6,Dutta Corp,Facundo Obregon,Cessna vs Dutta Corp,,Group,USPA Gold Cup,Unknown,Search Live stream,February 24. 2020,Live,International Polo Club,,Unknown,Unknown,Unknown,2020,Shot At Goal,Blocked,Attacking 30,74;12,,,,,,,,,,,,,,,
Throw-in (19),5435591,20000,Chukka 6,Dutta Corp,Facundo Obregon,Cessna vs Dutta Corp,Throw-in,Group,USPA Gold Cup,Unknown,Search Live stream,February 24. 2020,Live,International Polo Club,Dutta Corp win throw-in,Unknown,Unknown,Unknown,2020,,,,,,,,,,,,,,,,,,,
Shot At Goal (36),5442433,35000,Chukka 6,Dutta Corp,Lucas Diaz Alberdi,Cessna vs Dutta Corp,,Group,USPA Gold Cup,Unknown,Search Live stream,February 24. 2020,Live,International Polo Club,,Unknown,Unknown,Unknown,2020,Shot At Goal,Wide,Attacking 60,101;61,,,,,,,,,,,,,,,
Shot Block (4),5449466,10000,Chukka 6,Cessna,Ezequiel ‘Gallego’ Martinez Ferrario,Cessna vs Dutta Corp,,Group,USPA Gold Cup,Unknown,Search Live stream,February 24. 2020,Live,International Polo Club,,Unknown,Unknown,Unknown,2020,,,,,,,,,,,,,,Shot Block,,,,,
Knock In (12),5485424,40000,Chukka 6,Cessna,Nicolas ‘Nico’ Saenz,Cessna vs Dutta Corp,Knock In,Group,USPA Gold Cup,Unknown,Search Live stream,February 24. 2020,Live,International Polo Club,,Unknown,Unknown,Unknown,2020,,,,,Felipe Marquez,,,,,,,,,,,,,,
Non Call (3),5496833,20000,Chukka 6,Team,,Cessna vs Dutta Corp,,Group,USPA Gold Cup,Unknown,Search Live stream,February 24. 2020,Live,International Polo Club,,Unknown,Unknown,Unknown,2020,,,,,,Non Call,,Shading,,,,,,,,,,,
Shot At Goal (37),5507733,35000,Chukka 6,Cessna,Felipe Marquez,Cessna vs Dutta Corp,,Group,USPA Gold Cup,Unknown,Search Live stream,February 24. 2020,Live,International Polo Club,,Unknown,Unknown,Unknown,2020,Shot At Goal,Blocked,Attacking 60,78;45,,,,,,,,,,,,,,,
Shot At Goal (38),5535166,35000,Chukka 6,Dutta Corp,Timmy Dutta,Cessna vs Dutta Corp,,Group,USPA Gold Cup,Unknown,Search Live stream,February 24. 2020,Live,International Polo Club,,Unknown,Unknown,Unknown,2020,Shot At Goal,Wide,Attacking 30,103;34,,,,,,,,,,,,,,,
Shot Block (5),5536566,10000,Chukka 6,Dutta Corp,Lucas Diaz Alberdi,Cessna vs Dutta Corp,,Group,USPA Gold Cup,Unknown,Search Live stream,February 24. 2020,Live,International Polo Club,,Unknown,Unknown,Unknown,2020,,,,,,,,,,,,,,Shot Block,,,,,
Assist (9),5550166,25000,Chukka 6,Dutta Corp,Lucas Diaz Alberdi,Cessna vs Dutta Corp,,Group,USPA Gold Cup,Unknown,Search Live stream,February 24. 2020,Live,International Polo Club,,Unknown,Unknown,Unknown,2020,,,,,,,,,,,,Lucas Diaz Alberdi,Unsuccessful,,,,,,