Name,Position,Duration,Tournament,Game,Stage,Match Date,Third Umpire,Umpire 2,Search Event,Club,Umpire 1,Instant Replay Official,Camera Angle,Year,Chukka,Foul,Team,Player,Location,General Field Area,Foul Type,Foul Outcome,Umpire Focal,Umpire Trailing,Chukka Length,Goal,Set Play,Throw-in Outcome,Shot At Goal,Shot At Goal Outcome,Knock-in Player 2,Assist Outcome,Assist,Penalty Block,Highlight Reel,Penalties,Penalty Outcome,Fouler
Foul,770600,25000,C.V. Whitney Cup,Cessna vs La Indiana,Group,February 16. 2020,Unknown,Unknown,Search Livestream,International Polo Club,Unknown,Unknown,Live,2020,Chukka 1,Foul,La Indiana,Jeff Hall,133;168,Defending Half,Blocking,Penalty 5,141;194,75;168,,,,,,,,,,,,,,
Game Length,779000,6305433,C.V. Whitney Cup,Cessna vs La Indiana,Group,February 16. 2020,Unknown,Unknown,Search Livestream,International Polo Club,Unknown,Unknown,Live,2020,,,Team,,,,,,,,Game Length,,,,,,,,,,,,,
Handicap Goal Cessna,779933,6000,C.V. Whitney Cup,Cessna vs La Indiana,Group,February 16. 2020,Unknown,Unknown,Search Livestream,International Polo Club,Unknown,Unknown,Live,2020,Chukka 1,,Team,,,,,,,,,Handicap Goal Cessna,,,,,,,,,,,,
Throw-in,784100,20000,C.V. Whitney Cup,Cessna vs La Indiana,Group,February 16. 2020,Unknown,Unknown,Search Livestream,International Polo Club,Unknown,Unknown,Live,2020,Chukka 1,,Cessna,Nicolas ‘Nico’ Saenz,,,,,,,,,Throw-in,Cessna win throw-in,,,,,,,,,,
Chukka Length,787966,550500,C.V. Whitney Cup,Cessna vs La Indiana,Group,February 16. 2020,Unknown,Unknown,Search Livestream,International Polo Club,Unknown,Unknown,Live,2020,Chukka 1,,Team,,,,,,,,Chukka Length,,,,,,,,,,,,,
Foul Received,791100,25000,C.V. Whitney Cup,Cessna vs La Indiana,Group,February 16. 2020,Unknown,Unknown,Search Livestream,International Polo Club,Unknown,Unknown,Live,2020,Chukka 1,Foul Received,Cessna,Nicolas ‘Nico’ Saenz,28;127,Attacking Half,Blocking,Penalty 5,,,,,,,,,,,,,,,,
Penalty 5,847500,30000,C.V. Whitney Cup,Cessna vs La Indiana,Group,February 16. 2020,Unknown,Unknown,Search Livestream,International Polo Club,Unknown,Unknown,Live,2020,Chukka 1,,Cessna,Felipe Marquez,,,,,,,,,Penalty 5,,,,,,,,,,,
Foul (1),868633,25000,C.V. Whitney Cup,Cessna vs La Indiana,Group,February 16. 2020,Unknown,Unknown,Search Livestream,International Polo Club,Unknown,Unknown,Live,2020,Chukka 1,Foul,Cessna,Ezequiel ‘Gallego’ Martinez Ferrario,128;68,Attacking 60,Dangerous Use of Mallet,Penalty 5B,71;77,9;61,,,,,,,,,,,,,,
Foul Received (1),868633,25000,C.V. Whitney Cup,Cessna vs La Indiana,Group,February 16. 2020,Unknown,Unknown,Search Livestream,International Polo Club,Unknown,Unknown,Live,2020,Chukka 1,Foul Received,La Indiana,Santiago Gomez Romero,24;225,Defending Half,Dangerous Use of Mallet,Penalty 5B,,,,,,,,,,,,,,,,
Yellow Card (1),883866,10000,C.V. Whitney Cup,Cessna vs La Indiana,Group,February 16. 2020,Unknown,Unknown,Search Livestream,International Polo Club,Unknown,Unknown,Live,2020,Chukka 1,Yellow Card,Cessna,Ezequiel ‘Gallego’ Martinez Ferrario,,,Dangerous Use of Mallet,Penalty 5B,,,,,,,,,,,,,,,,
Shot At Goal,921133,35000,C.V. Whitney Cup,Cessna vs La Indiana,Group,February 16. 2020,Unknown,Unknown,Search Livestream,International Polo Club,Unknown,Unknown,Live,2020,Chukka 1,,La Indiana,Polito Pieres,82;120,Attacking Half,,,,,,,,,Shot At Goal,Wide,,,,,,,,
Penalty 5b,943466,30000,C.V. Whitney Cup,Cessna vs La Indiana,Group,February 16. 2020,Unknown,Unknown,Search Livestream,International Polo Club,Unknown,Unknown,Live,2020,Chukka 1,,La Indiana,Polito Pieres,,,,,,,,,Penalty 5b,,,,,,,,,,,
Knock In,972633,40000,C.V. Whitney Cup,Cessna vs La Indiana,Group,February 16. 2020,Unknown,Unknown,Search Livestream,International Polo Club,Unknown,Unknown,Live,2020,Chukka 1,,Cessna,Felipe Marquez,,,,,,,,,Knock In,,,,Ezequiel ‘Gallego’ Martinez Ferrario,,,,,,,
Shot At Goal (1),977500,35000,C.V. Whitney Cup,Cessna vs La Indiana,Group,February 16. 2020,Unknown,Unknown,Search Livestream,International Polo Club,Unknown,Unknown,Live,2020,Chukka 1,,Cessna,Chip Campbell,96;76,Attacking Half,,,,,,,,,Shot At Goal,Wide,,,,,,,,
Knock In (1),1022766,40000,C.V. Whitney Cup,Cessna vs La Indiana,Group,February 16. 2020,Unknown,Unknown,Search Livestream,International Polo Club,Unknown,Unknown,Live,2020,Chukka 1,,La Indiana,Jeff Hall,,,,,,,,,Knock In,,,,Santiago Gomez Romero,,,,,,,
Non Call,1055833,20000,C.V. Whitney Cup,Cessna vs La Indiana,Group,February 16. 2020,Unknown,Unknown,Search Livestream,International Polo Club,Unknown,Unknown,Live,2020,Chukka 1,Non Call,Team,,,,Crossing,,,,,,,,,,,,,,,,,
Shot At Goal (2),1058466,35000,C.V. Whitney Cup,Cessna vs La Indiana,Group,February 16. 2020,Unknown,Unknown,Search Livestream,International Polo Club,Unknown,Unknown,Live,2020,Chukka 1,,La Indiana,Jeff Hall,81;15,Attacking 30,,,,,,,,,Shot At Goal,Goal,,,,,,,,
Goal La Indiana,1060300,35000,C.V. Whitney Cup,Cessna vs La Indiana,Group,February 16. 2020,Unknown,Unknown,Search Livestream,International Polo Club,Unknown,Unknown,Live,2020,Chukka 1,,La Indiana,Jeff Hall,,,,,,,,Goal La Indiana,,,,,,,,,,,,
Assist,1075300,25000,C.V. Whitney Cup,Cessna vs La Indiana,Group,February 16. 2020,Unknown,Unknown,Search Livestream,International Polo Club,Unknown,Unknown,Live,2020,Chukka 1,,La Indiana,Santiago Gomez Romero,,,,,,,,,,,,,,Successful,Santiago Gomez Romero,,,,,
Throw-in (1),1109400,20000,C.V. Whitney Cup,Cessna vs La Indiana,Group,February 16. 2020,Unknown,Unknown,Search Livestream,International Polo Club,Unknown,Unknown,Live,2020,Chukka 1,,Cessna,Felipe Marquez,,,,,,,,,Throw-in,Cessna win throw-in,,,,,,,,,,
Shot At Goal (3),1116400,35000,C.V. Whitney Cup,Cessna vs La Indiana,Group,February 16. 2020,Unknown,Unknown,Search Livestream,International Polo Club,Unknown,Unknown,Live,2020,Chukka 1,,Cessna,Ezequiel ‘Gallego’ Martinez Ferrario,80;26,Attacking 30,,,,,,,,,Shot At Goal,Blocked,,,,,,,,
Shot At Goal (4),1123966,35000,C.V. Whitney Cup,Cessna vs La Indiana,Group,February 16. 2020,Unknown,Unknown,Search Livestream,International Polo Club,Unknown,Unknown,Live,2020,Chukka 1,,Cessna,Ezequiel ‘Gallego’ Martinez Ferrario,82;15,Attacking 30,,,,,,,,,Shot At Goal,Goal,,,,,,,,
Goal Cessna,1125166,35000,C.V. Whitney Cup,Cessna vs La Indiana,Group,February 16. 2020,Unknown,Unknown,Search Livestream,International Polo Club,Unknown,Unknown,Live,2020,Chukka 1,,Cessna,Ezequiel ‘Gallego’ Martinez Ferrario,,,,,,,,Goal Cessna,,,,,,,,,,,,
Assist (1),1133566,25000,C.V. Whitney Cup,Cessna vs La Indiana,Group,February 16. 2020,Unknown,Unknown,Search Livestream,International Polo Club,Unknown,Unknown,Live,2020,Chukka 1,,Cessna,Nicolas ‘Nico’ Saenz,,,,,,,,,,,,,,Unsuccessful,Nicolas ‘Nico’ Saenz,,,,,
Assist (2),1140166,25000,C.V. Whitney Cup,Cessna vs La Indiana,Group,February 16. 2020,Unknown,Unknown,Search Livestream,International Polo Club,Unknown,Unknown,Live,2020,Chukka 1,,Cessna,Nicolas ‘Nico’ Saenz,,,,,,,,,,,,,,Successful,Nicolas ‘Nico’ Saenz,,,,,
Shot Block,1141400,10000,C.V. Whitney Cup,Cessna vs La Indiana,Group,February 16. 2020,Unknown,Unknown,Search Livestream,International Polo Club,Unknown,Unknown,Live,2020,Chukka 1,,La Indiana,Santiago Gomez Romero,,,,,,,,,,,,,,,,Shot Block,,,,
Shot At Goal (5),1169800,35000,C.V. Whitney Cup,Cessna vs La Indiana,Group,February 16. 2020,Unknown,Unknown,Search Livestream,International Polo Club,Unknown,Unknown,Live,2020,Chukka 1,,La Indiana,Polito Pieres,134;88,Attacking Half,,,,,,,,,Shot At Goal,Blocked,,,,,,,,
Throw-in (2),1184833,20000,C.V. Whitney Cup,Cessna vs La Indiana,Group,February 16. 2020,Unknown,Unknown,Search Livestream,International Polo Club,Unknown,Unknown,Live,2020,Chukka 1,,La Indiana,Jeff Hall,,,,,,,,,Throw-in,La Indiana win throw-in,,,,,,,,,,
Shot Block (1),1198666,10000,C.V. Whitney Cup,Cessna vs La Indiana,Group,February 16. 2020,Unknown,Unknown,Search Livestream,International Polo Club,Unknown,Unknown,Live,2020,Chukka 1,,Cessna,Felipe Marquez,,,,,,,,,,,,,,,,Shot Block,,,,
Foul (2),1208133,25000,C.V. Whitney Cup,Cessna vs La Indiana,Group,February 16. 2020,Unknown,Unknown,Search Livestream,International Polo Club,Unknown,Unknown,Live,2020,Chukka 1,Foul,La Indiana,Santiago Gomez Romero,54;20,Attacking 30,Dangerous Riding,Penalty 5,76;54,37;130,,,,,,,,,,,,,,
Foul Received (2),1208733,25000,C.V. Whitney Cup,Cessna vs La Indiana,Group,February 16. 2020,Unknown,Unknown,Search Livestream,International Polo Club,Unknown,Unknown,Live,2020,Chukka 1,Foul Received,Cessna,Felipe Marquez,114;280,Defending 30,Dangerous Riding,Penalty 5,,,,,,,,,,,,,,,,
Penalty 5 (1),1237100,30000,C.V. Whitney Cup,Cessna vs La Indiana,Group,February 16. 2020,Unknown,Unknown,Search Livestream,International Polo Club,Unknown,Unknown,Live,2020,Chukka 1,,Cessna,Felipe Marquez,,,,,,,,,Penalty 5,,,,,,,,,,,
Shot At Goal (6),1256433,35000,C.V. Whitney Cup,Cessna vs La Indiana,Group,February 16. 2020,Unknown,Unknown,Search Livestream,International Polo Club,Unknown,Unknown,Live,2020,Chukka 1,,Cessna,Felipe Marquez,42;90,Attacking Half,,,,,,,,,Shot At Goal,Goal,,,,,,,,
Goal Cessna (1),1260633,35000,C.V. Whitney Cup,Cessna vs La Indiana,Group,February 16. 2020,Unknown,Unknown,Search Livestream,International Polo Club,Unknown,Unknown,Live,2020,Chukka 1,,Cessna,Felipe Marquez,,,,,,,,Goal Cessna,,,,,,,,,Goals,,,
Throw-in (3),1315366,20000,C.V. Whitney Cup,Cessna vs La Indiana,Group,February 16. 2020,Unknown,Unknown,Search Livestream,International Polo Club,Unknown,Unknown,Live,2020,Chukka 1,,La Indiana,Michael Bickford,,,,,,,,,Throw-in,La Indiana win throw-in,,,,,,,,,,
Foul (3),1315733,25000,C.V. Whitney Cup,Cessna vs La Indiana,Group,February 16. 2020,Unknown,Unknown,Search Livestream,International Polo Club,Unknown,Unknown,Live,2020,Chukka 1,Foul,Cessna,Chip Campbell,135;168,Defending Half,Blocking,Penalty 60 yards,76;152,130;152,,,,,,,,,,,,,,
Foul Received (3),1317000,25000,C.V. Whitney Cup,Cessna vs La Indiana,Group,February 16. 2020,Unknown,Unknown,Search Livestream,International Polo Club,Unknown,Unknown,Live,2020,Chukka 1,Foul Received,La Indiana,Polito Pieres,19;130,Attacking Half,Blocking,Penalty 60 yards,,,,,,,,,,,,,,,,
Injury Time,1338466,621866,C.V. Whitney Cup,Cessna vs La Indiana,Group,February 16. 2020,Unknown,Unknown,Search Livestream,International Polo Club,Unknown,Unknown,Live,2020,Chukka 1,,Team,,,,,,,,Injury Time,,,,,,,,,,,,,
Penalty 60 yards,1956733,15000,C.V. Whitney Cup,Cessna vs La Indiana,Group,February 16. 2020,Unknown,Unknown,Search Livestream,International Polo Club,Unknown,Unknown,Live,2020,Chukka 1,,La Indiana,Polito Pieres,,,,,,,,,,,,,,,,,,Penalty 60 yards,Wide,
Chukka Length (1),1960333,25155,C.V. Whitney Cup,Cessna vs La Indiana,Group,February 16. 2020,Unknown,Unknown,Search Livestream,International Polo Club,Unknown,Unknown,Live,2020,Chukka 1,,Team,,,,,,,,Chukka Length,,,,,,,,,,,,,
Knock In (2),2146366,40000,C.V. Whitney Cup,Cessna vs La Indiana,Group,February 16. 2020,Unknown,Unknown,Search Livestream,International Polo Club,Unknown,Unknown,Live,2020,Chukka 2,,Cessna,,,,,,,,,,Knock In,,,,Felipe Marquez,,,,,,,
Chukka Length (2),2149500,695559,C.V. Whitney Cup,Cessna vs La Indiana,Group,February 16. 2020,Unknown,Unknown,Search Livestream,International Polo Club,Unknown,Unknown,Live,2020,Chukka 2,,Team,,,,,,,,Chukka Length,,,,,,,,,,,,,
Shot At Goal (7),2157600,35000,C.V. Whitney Cup,Cessna vs La Indiana,Group,February 16. 2020,Unknown,Unknown,Search Livestream,International Polo Club,Unknown,Unknown,Live,2020,Chukka 2,,Cessna,Nicolas ‘Nico’ Saenz,83;21,Attacking 30,,,,,,,,,Shot At Goal,Goal,,,,,,,,
Goal Cessna (2),2161133,35000,C.V. Whitney Cup,Cessna vs La Indiana,Group,February 16. 2020,Unknown,Unknown,Search Livestream,International Polo Club,Unknown,Unknown,Live,2020,Chukka 2,,Cessna,Nicolas ‘Nico’ Saenz,,,,,,,,Goal Cessna,,,,,,,,,,,,
Assist (3),2176133,25000,C.V. Whitney Cup,Cessna vs La Indiana,Group,February 16. 2020,Unknown,Unknown,Search Livestream,International Polo Club,Unknown,Unknown,Live,2020,Chukka 2,,Cessna,Felipe Marquez,,,,,,,,,,,,,,Successful,Felipe Marquez,,,,,
Foul Received (4),2212533,25000,C.V. Whitney Cup,Cessna vs La Indiana,Group,February 16. 2020,Unknown,Unknown,Search Livestream,International Polo Club,Unknown,Unknown,Live,2020,Chukka 2,Foul Received,Cessna,Felipe Marquez,132;135,Attacking Half,Blocking,Penalty 5,,,,,,,,,,,,,,,,
Foul (4),2212533,25000,C.V. Whitney Cup,Cessna vs La Indiana,Group,February 16. 2020,Unknown,Unknown,Search Livestream,International Polo Club,Unknown,Unknown,Live,2020,Chukka 2,Foul,La Indiana,Polito Pieres,125;134,Attacking Half,Blocking,Penalty 5,129;151,137;151,,,,,,,,,,,,,,
Throw-in (4),2217000,20000,C.V. Whitney Cup,Cessna vs La Indiana,Group,February 16. 2020,Unknown,Unknown,Search Livestream,International Polo Club,Unknown,Unknown,Live,2020,Chukka 2,,Cessna,Ezequiel ‘Gallego’ Martinez Ferrario,,,,,,,,,Throw-in,Cessna win throw-in,,,,,,,,,,
Penalty 5 (2),2258800,30000,C.V. Whitney Cup,Cessna vs La Indiana,Group,February 16. 2020,Unknown,Unknown,Search Livestream,International Polo Club,Unknown,Unknown,Live,2020,Chukka 2,,Cessna,Felipe Marquez,,,,,,,,,Penalty 5,,,,,,,,,,,
Foul (5),2264466,25000,C.V. Whitney Cup,Cessna vs La Indiana,Group,February 16. 2020,Unknown,Unknown,Search Livestream,International Polo Club,Unknown,Unknown,Live,2020,Chukka 2,Foul,Cessna,Ezequiel ‘Gallego’ Martinez Ferrario,46;68,Attacking 60,Right of Way,Penalty 5,27;86,87;68,,,,,,,,,,,,,,
Foul Received (5),2264466,25000,C.V. Whitney Cup,Cessna vs La Indiana,Group,February 16. 2020,Unknown,Unknown,Search Livestream,International Polo Club,Unknown,Unknown,Live,2020,Chukka 2,Foul Received,La Indiana,Polito Pieres,106;233,Defending Half,Right of Way,Penalty 5,,,,,,,,,,,,,,,,
Shot At Goal (8),2295566,35000,C.V. Whitney Cup,Cessna vs La Indiana,Group,February 16. 2020,Unknown,Unknown,Search Livestream,International Polo Club,Unknown,Unknown,Live,2020,Chukka 2,,La Indiana,Jeff Hall,85;25,Attacking 30,,,,,,,,,Shot At Goal,Goal,,,,,,,,
Goal La Indiana (1),2297333,35000,C.V. Whitney Cup,Cessna vs La Indiana,Group,February 16. 2020,Unknown,Unknown,Search Livestream,International Polo Club,Unknown,Unknown,Live,2020,Chukka 2,,La Indiana,Jeff Hall,,,,,,,,Goal La Indiana,,,,,,,,,,,,
Penalty 5 (3),2306666,30000,C.V. Whitney Cup,Cessna vs La Indiana,Group,February 16. 2020,Unknown,Unknown,Search Livestream,International Polo Club,Unknown,Unknown,Live,2020,Chukka 2,,La Indiana,Polito Pieres,,,,,,,,,Penalty 5,,,,,,,,,,,
Assist (4),2312333,25000,C.V. Whitney Cup,Cessna vs La Indiana,Group,February 16. 2020,Unknown,Unknown,Search Livestream,International Polo Club,Unknown,Unknown,Live,2020,Chukka 2,,La Indiana,Polito Pieres,,,,,,,,,,,,,,Successful,Polito Pieres,,,,,
Yellow Card,2352300,10000,C.V. Whitney Cup,Cessna vs La Indiana,Group,February 16. 2020,Unknown,Unknown,Search Livestream,International Polo Club,Unknown,Unknown,Live,2020,Chukka 2,Yellow Card,Cessna,Felipe Marquez,,,Technical,Penalty 5B,,,,,,,,,,,,,,,,
Shot At Goal (9),2367333,35000,C.V. Whitney Cup,Cessna vs La Indiana,Group,February 16. 2020,Unknown,Unknown,Search Livestream,International Polo Club,Unknown,Unknown,Live,2020,Chukka 2,,La Indiana,Santiago Tahier,53;42,Attacking 60,,,,,,,,,Shot At Goal,Short,,,,,,,,
Penalty 5b (1),2373933,30000,C.V. Whitney Cup,Cessna vs La Indiana,Group,February 16. 2020,Unknown,Unknown,Search Livestream,International Polo Club,Unknown,Unknown,Live,2020,Chukka 2,,La Indiana,Polito Pieres,,,,,,,,,Penalty 5b,,,,,,,,,,,
Assist (5),2386900,25000,C.V. Whitney Cup,Cessna vs La Indiana,Group,February 16. 2020,Unknown,Unknown,Search Livestream,International Polo Club,Unknown,Unknown,Live,2020,Chukka 2,,La Indiana,Polito Pieres,,,,,,,,,,,,,,Unsuccessful,Polito Pieres,,,,,
Shot At Goal (10),2415166,35000,C.V. Whitney Cup,Cessna vs La Indiana,Group,February 16. 2020,Unknown,Unknown,Search Livestream,International Polo Club,Unknown,Unknown,Live,2020,Chukka 2,,La Indiana,Jeff Hall,71;20,Attacking 30,,,,,,,,,Shot At Goal,Goal,,,,,,,,
Goal La Indiana (2),2417133,35000,C.V. Whitney Cup,Cessna vs La Indiana,Group,February 16. 2020,Unknown,Unknown,Search Livestream,International Polo Club,Unknown,Unknown,Live,2020,Chukka 2,,La Indiana,Jeff Hall,,,,,,,,Goal La Indiana,,,,,,,,,,,,
Assist (6),2432133,25000,C.V. Whitney Cup,Cessna vs La Indiana,Group,February 16. 2020,Unknown,Unknown,Search Livestream,International Polo Club,Unknown,Unknown,Live,2020,Chukka 2,,La Indiana,Polito Pieres,,,,,,,,,,,,,,Successful,Polito Pieres,,,,,
Throw-in (5),2519366,20000,C.V. Whitney Cup,Cessna vs La Indiana,Group,February 16. 2020,Unknown,Unknown,Search Livestream,International Polo Club,Unknown,Unknown,Live,2020,Chukka 2,,La Indiana,Santiago Tahier,,,,,,,,,Throw-in,La Indiana win throw-in,,,,,,,,,,
Foul Received (6),2546733,25000,C.V. Whitney Cup,Cessna vs La Indiana,Group,February 16. 2020,Unknown,Unknown,Search Livestream,International Polo Club,Unknown,Unknown,Live,2020,Chukka 2,Foul Received,Cessna,Ezequiel ‘Gallego’ Martinez Ferrario,63;234,Defending Half,Blocking,Penalty 5B,,,,,,,,,,,,,,,,
Foul (6),2546733,25000,C.V. Whitney Cup,Cessna vs La Indiana,Group,February 16. 2020,Unknown,Unknown,Search Livestream,International Polo Club,Unknown,Unknown,Live,2020,Chukka 2,Foul,La Indiana,Polito Pieres,65;70,Attacking 60,Blocking,Penalty 5B,68;252,139;234,,,,,,,,,,,,,,
Penalty 5b (2),2612033,30000,C.V. Whitney Cup,Cessna vs La Indiana,Group,February 16. 2020,Unknown,Unknown,Search Livestream,International Polo Club,Unknown,Unknown,Live,2020,Chukka 2,,Cessna,Felipe Marquez,,,,,,,,,Penalty 5b,,,,,,,,,,,
Foul (7),2663166,25000,C.V. Whitney Cup,Cessna vs La Indiana,Group,February 16. 2020,Unknown,Unknown,Search Livestream,International Polo Club,Unknown,Unknown,Live,2020,Chukka 2,Foul,Cessna,Ezequiel ‘Gallego’ Martinez Ferrario,61;281,Defending 30,Shading,Penalty 30 yards,133;198,73;195,,,,,,,,,,,,,,
Foul Received (7),2663166,25000,C.V. Whitney Cup,Cessna vs La Indiana,Group,February 16. 2020,Unknown,Unknown,Search Livestream,International Polo Club,Unknown,Unknown,Live,2020,Chukka 2,Foul Received,La Indiana,Santiago Gomez Romero,95;12,Attacking 30,Shading,Penalty 30 yards,,,,,,,,,,,,,,,,
Goal La Indiana (3),2685366,35000,C.V. Whitney Cup,Cessna vs La Indiana,Group,February 16. 2020,Unknown,Unknown,Search Livestream,International Polo Club,Unknown,Unknown,Live,2020,Chukka 2,,La Indiana,Polito Pieres,,,,,,,,Goal La Indiana,,,,,,,,,,,,
Penalty 30 yards Spot,2708766,10000,C.V. Whitney Cup,Cessna vs La Indiana,Group,February 16. 2020,Unknown,Unknown,Search Livestream,International Polo Club,Unknown,Unknown,Live,2020,Chukka 2,,La Indiana,Polito Pieres,,,,,,,,,,,,,,,,,,Penalty 30 yards Spot,Goal,
Throw-in (6),2736766,20000,C.V. Whitney Cup,Cessna vs La Indiana,Group,February 16. 2020,Unknown,Unknown,Search Livestream,International Polo Club,Unknown,Unknown,Live,2020,Chukka 2,,La Indiana,Jeff Hall,,,,,,,,,Throw-in,La Indiana win throw-in,,,,,,,,,,
Shot At Goal (11),2754300,35000,C.V. Whitney Cup,Cessna vs La Indiana,Group,February 16. 2020,Unknown,Unknown,Search Livestream,International Polo Club,Unknown,Unknown,Live,2020,Chukka 2,,Cessna,Chip Campbell,119;11,Attacking 30,,,,,,,,,Shot At Goal,Wide,,,,,,,,
Knock In (3),2799062,40000,C.V. Whitney Cup,Cessna vs La Indiana,Group,February 16. 2020,Unknown,Unknown,Search Livestream,International Polo Club,Unknown,Unknown,Live,2020,Chukka 2,,La Indiana,Jeff Hall,,,,,,,,,Knock In,,,,Unknown,,,,,,,
Foul Received (8),2812200,25000,C.V. Whitney Cup,Cessna vs La Indiana,Group,February 16. 2020,Unknown,Unknown,Search Livestream,International Polo Club,Unknown,Unknown,Live,2020,Chukka 2,Foul Received,Cessna,Felipe Marquez,132;227,Defending Half,Dangerous Use of Mallet,Penalty 5,,,,,,,,,,,,,,,,
Foul (8),2812200,25000,C.V. Whitney Cup,Cessna vs La Indiana,Group,February 16. 2020,Unknown,Unknown,Search Livestream,International Polo Club,Unknown,Unknown,Live,2020,Chukka 2,Foul,La Indiana,Santiago Tahier,26;77,Attacking Half,Dangerous Use of Mallet,Penalty 5,41;129,94;127,,,,,,,,,,,,,,
Shot At Goal (12),3058933,35000,C.V. Whitney Cup,Cessna vs La Indiana,Group,February 16. 2020,Unknown,Unknown,Search Livestream,International Polo Club,Unknown,Unknown,Live,2020,Chukka 3,,La Indiana,Joaquin Avendano,62;27,Attacking 30,,,,,,,,,Shot At Goal,Miss Hit,,,,,,,,
Penalty 5 (4),3065400,30000,C.V. Whitney Cup,Cessna vs La Indiana,Group,February 16. 2020,Unknown,Unknown,Search Livestream,International Polo Club,Unknown,Unknown,Live,2020,Chukka 3,,Cessna,Felipe Marquez,,,,,,,,,Penalty 5,,,,,,,,,,,
Chukka Length (3),3068700,520600,C.V. Whitney Cup,Cessna vs La Indiana,Group,February 16. 2020,Unknown,Unknown,Search Livestream,International Polo Club,Unknown,Unknown,Live,2020,Chukka 3,,Team,,,,,,,,Chukka Length,,,,,,,,,,,,,
Assist (7),3074533,25000,C.V. Whitney Cup,Cessna vs La Indiana,Group,February 16. 2020,Unknown,Unknown,Search Livestream,International Polo Club,Unknown,Unknown,Live,2020,Chukka 3,,La Indiana,Polito Pieres,,,,,,,,,,,,,,Unsuccessful,Polito Pieres,,,,,
Shot At Goal (13),3178333,35000,C.V. Whitney Cup,Cessna vs La Indiana,Group,February 16. 2020,Unknown,Unknown,Search Livestream,International Polo Club,Unknown,Unknown,Live,2020,Chukka 3,,La Indiana,Jeff Hall,57;21,Attacking 30,,,,,,,,,Shot At Goal,Wide,,,,,,,,
Assist (8),3193333,25000,C.V. Whitney Cup,Cessna vs La Indiana,Group,February 16. 2020,Unknown,Unknown,Search Livestream,International Polo Club,Unknown,Unknown,Live,2020,Chukka 3,,La Indiana,Santiago Gomez Romero,,,,,,,,,,,,,,Unsuccessful,Santiago Gomez Romero,,,,,
Knock In (4),3222549,40000,C.V. Whitney Cup,Cessna vs La Indiana,Group,February 16. 2020,Unknown,Unknown,Search Livestream,International Polo Club,Unknown,Unknown,Live,2020,Chukka 3,,Cessna,Ezequiel ‘Gallego’ Martinez Ferrario,,,,,,,,,Knock In,,,,Felipe Marquez,,,,,,,
Free Hit,3256200,20000,C.V. Whitney Cup,Cessna vs La Indiana,Group,February 16. 2020,Unknown,Unknown,Search Livestream,International Polo Club,Unknown,Unknown,Live,2020,Chukka 3,,La Indiana,Polito Pieres,,,,,,,,,Free Hit,,,,,,,,,,,
Shot At Goal (14),3310866,35000,C.V. Whitney Cup,Cessna vs La Indiana,Group,February 16. 2020,Unknown,Unknown,Search Livestream,International Polo Club,Unknown,Unknown,Live,2020,Chukka 3,,La Indiana,Jeff Hall,76;17,Attacking 30,,,,,,,,,Shot At Goal,Miss Hit,,,,,,,,
Shot At Goal (15),3312733,35000,C.V. Whitney Cup,Cessna vs La Indiana,Group,February 16. 2020,Unknown,Unknown,Search Livestream,International Polo Club,Unknown,Unknown,Live,2020,Chukka 3,,La Indiana,Santiago Gomez Romero,75;16,Attacking 30,,,,,,,,,Shot At Goal,Goal,,,,,,,,
Goal La Indiana (4),3313666,35000,C.V. Whitney Cup,Cessna vs La Indiana,Group,February 16. 2020,Unknown,Unknown,Search Livestream,International Polo Club,Unknown,Unknown,Live,2020,Chukka 3,,La Indiana,Santiago Gomez Romero,,,,,,,,Goal La Indiana,,,,,,,,,,,,
Free Hit (1),3321000,20000,C.V. Whitney Cup,Cessna vs La Indiana,Group,February 16. 2020,Unknown,Unknown,Search Livestream,International Polo Club,Unknown,Unknown,Live,2020,Chukka 3,,La Indiana,Polito Pieres,,,,,,,,,Free Hit,,,,,,,,,,,
Assist (9),3325866,25000,C.V. Whitney Cup,Cessna vs La Indiana,Group,February 16. 2020,Unknown,Unknown,Search Livestream,International Polo Club,Unknown,Unknown,Live,2020,Chukka 3,,La Indiana,Polito Pieres,,,,,,,,,,,,,,Unsuccessful,Polito Pieres,,,,,
Throw-in (7),3371933,20000,C.V. Whitney Cup,Cessna vs La Indiana,Group,February 16. 2020,Unknown,Unknown,Search Livestream,International Polo Club,Unknown,Unknown,Live,2020,Chukka 3,,La Indiana,Polito Pieres,,,,,,,,,Throw-in,La Indiana win throw-in,,,,,,,,,,
Foul (9),3374266,25000,C.V. Whitney Cup,Cessna vs La Indiana,Group,February 16. 2020,Unknown,Unknown,Search Livestream,International Polo Club,Unknown,Unknown,Live,2020,Chukka 3,Foul,Cessna,Felipe Marquez,69;251,Defending 60,Cross/High Hook,Penalty 30 yards,13;256,95;186,,,,,,,,,,,,,,
Foul Received (9),3374266,25000,C.V. Whitney Cup,Cessna vs La Indiana,Group,February 16. 2020,Unknown,Unknown,Search Livestream,International Polo Club,Unknown,Unknown,Live,2020,Chukka 3,Foul Received,La Indiana,Jeff Hall,78;56,Attacking 60,Cross/High Hook,Penalty 30 yards,,,,,,,,,,,,,,,,
Goal La Indiana (5),3425100,35000,C.V. Whitney Cup,Cessna vs La Indiana,Group,February 16. 2020,Unknown,Unknown,Search Livestream,International Polo Club,Unknown,Unknown,Live,2020,Chukka 3,,La Indiana,Jeff Hall,,,,,,,,Goal La Indiana,,,,,,,,,,,,
Penalty 30 yards,3443366,15000,C.V. Whitney Cup,Cessna vs La Indiana,Group,February 16. 2020,Unknown,Unknown,Search Livestream,International Polo Club,Unknown,Unknown,Live,2020,Chukka 3,,La Indiana,Jeff Hall,,,,,,,,,,,,,,,,,,Penalty 30 yards,Goal,
Throw-in (8),3478300,20000,C.V. Whitney Cup,Cessna vs La Indiana,Group,February 16. 2020,Unknown,Unknown,Search Livestream,International Polo Club,Unknown,Unknown,Live,2020,Chukka 3,,La Indiana,Polito Pieres,,,,,,,,,Throw-in,La Indiana win throw-in,,,,,,,,,,
Non Call (1),3519066,20000,C.V. Whitney Cup,Cessna vs La Indiana,Group,February 16. 2020,Unknown,Unknown,Search Livestream,International Polo Club,Unknown,Unknown,Live,2020,Chukka 3,Non Call,Team,,,,Right of Way,,,,,,,,,,,,,,,,,
Knock In (5),3520633,40000,C.V. Whitney Cup,Cessna vs La Indiana,Group,February 16. 2020,Unknown,Unknown,Search Livestream,International Polo Club,Unknown,Unknown,Live,2020,Chukka 3,,Cessna,Felipe Marquez,,,,,,,,,Knock In,,,,Nicolas ‘Nico’ Saenz,,,,,,,
Throw-in (9),4526300,20000,C.V. Whitney Cup,Cessna vs La Indiana,Group,February 16. 2020,Unknown,Unknown,Search Livestream,International Polo Club,Unknown,Unknown,Live,2020,Chukka 4,,Cessna,Felipe Marquez,,,,,,,,,Throw-in,Cessna win throw-in,,,,,,,,,,
Chukka Length (4),4528133,758733,C.V. Whitney Cup,Cessna vs La Indiana,Group,February 16. 2020,Unknown,Unknown,Search Livestream,International Polo Club,Unknown,Unknown,Live,2020,Chukka 4,,Team,,,,,,,,Chukka Length,,,,,,,,,,,,,
Shot At Goal (16),4544533,35000,C.V. Whitney Cup,Cessna vs La Indiana,Group,February 16. 2020,Unknown,Unknown,Search Livestream,International Polo Club,Unknown,Unknown,Live,2020,Chukka 4,,Cessna,Felipe Marquez,79;12,Attacking 30,,,,,,,,,Shot At Goal,Goal,,,,,,,,
Goal Cessna (3),4546233,35000,C.V. Whitney Cup,Cessna vs La Indiana,Group,February 16. 2020,Unknown,Unknown,Search Livestream,International Polo Club,Unknown,Unknown,Live,2020,Chukka 4,,Cessna,Felipe Marquez,,,,,,,,Goal Cessna,,,,,,,,,,,,
Shot At Goal (17),4592166,35000,C.V. Whitney Cup,Cessna vs La Indiana,Group,February 16. 2020,Unknown,Unknown,Search Livestream,International Polo Club,Unknown,Unknown,Live,2020,Chukka 4,,Cessna,Felipe Marquez,74;30,Attacking 30,,,,,,,,,Shot At Goal,Blocked,,,,,,,,
Shot At Goal (18),4595733,35000,C.V. Whitney Cup,Cessna vs La Indiana,Group,February 16. 2020,Unknown,Unknown,Search Livestream,International Polo Club,Unknown,Unknown,Live,2020,Chukka 4,,Cessna,Ezequiel ‘Gallego’ Martinez Ferrario,89;17,Attacking 30,,,,,,,,,Shot At Goal,Wide,,,,,,,,
Throw-in (10),4607200,20000,C.V. Whitney Cup,Cessna vs La Indiana,Group,February 16. 2020,Unknown,Unknown,Search Livestream,International Polo Club,Unknown,Unknown,Live,2020,Chukka 4,,Cessna,Felipe Marquez,,,,,,,,,Throw-in,Cessna win throw-in,,,,,,,,,,
Shot Block (2),4618666,10000,C.V. Whitney Cup,Cessna vs La Indiana,Group,February 16. 2020,Unknown,Unknown,Search Livestream,International Polo Club,Unknown,Unknown,Live,2020,Chukka 4,,La Indiana,Polito Pieres,,,,,,,,,,,,,,,,Shot Block,,,,
Shot At Goal (19),4632166,35000,C.V. Whitney Cup,Cessna vs La Indiana,Group,February 16. 2020,Unknown,Unknown,Search Livestream,International Polo Club,Unknown,Unknown,Live,2020,Chukka 4,,Cessna,Ezequiel ‘Gallego’ Martinez Ferrario,14;75,Attacking 60,,,,,,,,,Shot At Goal,Short,,,,,,,,
Knock In (6),4639866,40000,C.V. Whitney Cup,Cessna vs La Indiana,Group,February 16. 2020,Unknown,Unknown,Search Livestream,International Polo Club,Unknown,Unknown,Live,2020,Chukka 4,,La Indiana,Jeff Hall,,,,,,,,,Knock In,,,,,,,,,,,
Assist (10),4647166,25000,C.V. Whitney Cup,Cessna vs La Indiana,Group,February 16. 2020,Unknown,Unknown,Search Livestream,International Polo Club,Unknown,Unknown,Live,2020,Chukka 4,,Cessna,Nicolas ‘Nico’ Saenz,,,,,,,,,,,,,,Unsuccessful,Nicolas ‘Nico’ Saenz,,,,,
Shot At Goal (20),4658266,35000,C.V. Whitney Cup,Cessna vs La Indiana,Group,February 16. 2020,Unknown,Unknown,Search Livestream,International Polo Club,Unknown,Unknown,Live,2020,Chukka 4,,La Indiana,Polito Pieres,21;67,Attacking 60,,,,,,,,,Shot At Goal,Wide,,,,,,,,
Assist (11),4674233,25000,C.V. Whitney Cup,Cessna vs La Indiana,Group,February 16. 2020,Unknown,Unknown,Search Livestream,International Polo Club,Unknown,Unknown,Live,2020,Chukka 4,,La Indiana,Santiago Gomez Romero,,,,,,,,,,,,,,Unsuccessful,Santiago Gomez Romero,,,,,
Knock In (7),4708933,40000,C.V. Whitney Cup,Cessna vs La Indiana,Group,February 16. 2020,Unknown,Unknown,Search Livestream,International Polo Club,Unknown,Unknown,Live,2020,Chukka 4,,Cessna,Felipe Marquez,,,,,,,,,Knock In,,,,,,,,,,,
Non Call (2),4722000,20000,C.V. Whitney Cup,Cessna vs La Indiana,Group,February 16. 2020,Unknown,Unknown,Search Livestream,International Polo Club,Unknown,Unknown,Live,2020,Chukka 4,Non Call,Team,,,,Near Side,,,,,,,,,,,,,,,,,
Foul Received (10),4733833,25000,C.V. Whitney Cup,Cessna vs La Indiana,Group,February 16. 2020,Unknown,Unknown,Search Livestream,International Polo Club,Unknown,Unknown,Live,2020,Chukka 4,Foul Received,La Indiana,Polito Pieres,20;67,Attacking 60,Crossing,Penalty 30 yards,,,,,,,,,,,,,,,,
Foul (10),4733966,25000,C.V. Whitney Cup,Cessna vs La Indiana,Group,February 16. 2020,Unknown,Unknown,Search Livestream,International Polo Club,Unknown,Unknown,Live,2020,Chukka 4,Foul,Cessna,Felipe Marquez,135;249,Defending 60,Crossing,Penalty 30 yards,45;251,132;292,,,,,,,,,,,,,,
Yellow Card (2),4768700,10000,C.V. Whitney Cup,Cessna vs La Indiana,Group,February 16. 2020,Unknown,Unknown,Search Livestream,International Polo Club,Unknown,Unknown,Live,2020,Chukka 4,Yellow Card,Cessna,Felipe Marquez,,,Technical,Penalty 30 yards,,,,,,,,,,,,,,,,
Goal La Indiana (6),4817766,35000,C.V. Whitney Cup,Cessna vs La Indiana,Group,February 16. 2020,Unknown,Unknown,Search Livestream,International Polo Club,Unknown,Unknown,Live,2020,Chukka 4,,La Indiana,Polito Pieres,,,,,,,,Goal La Indiana,,,,,,,,,,,,
Penalty 30 yards (1),4833866,15000,C.V. Whitney Cup,Cessna vs La Indiana,Group,February 16. 2020,Unknown,Unknown,Search Livestream,International Polo Club,Unknown,Unknown,Live,2020,Chukka 4,,La Indiana,Polito Pieres,,,,,,,,,,,,,,,,,,Penalty 30 yards,Goal,
Shot At Goal (21),4883433,35000,C.V. Whitney Cup,Cessna vs La Indiana,Group,February 16. 2020,Unknown,Unknown,Search Livestream,International Polo Club,Unknown,Unknown,Live,2020,Chukka 4,,La Indiana,Polito Pieres,78;22,Attacking 30,,,,,,,,,Shot At Goal,Goal,,,,,,,,
Goal La Indiana (7),4884466,35000,C.V. Whitney Cup,Cessna vs La Indiana,Group,February 16. 2020,Unknown,Unknown,Search Livestream,International Polo Club,Unknown,Unknown,Live,2020,Chukka 4,,La Indiana,Polito Pieres,,,,,,,,Goal La Indiana,,,,,,,,,,,,
Penalty 5b (3),4899233,30000,C.V. Whitney Cup,Cessna vs La Indiana,Group,February 16. 2020,Unknown,Unknown,Search Livestream,International Polo Club,Unknown,Unknown,Live,2020,Chukka 4,,La Indiana,Jeff Hall,,,,,,,,,Penalty 5b,,,,,,,,,,,
Assist (12),4900366,25000,C.V. Whitney Cup,Cessna vs La Indiana,Group,February 16. 2020,Unknown,Unknown,Search Livestream,International Polo Club,Unknown,Unknown,Live,2020,Chukka 4,,La Indiana,Joaquin Avendano,,,,,,,,,,,,,,Successful,Unknown,,,,,
Throw-in (11),4942666,20000,C.V. Whitney Cup,Cessna vs La Indiana,Group,February 16. 2020,Unknown,Unknown,Search Livestream,International Polo Club,Unknown,Unknown,Live,2020,Chukka 4,,Cessna,Chip Campbell,,,,,,,,,Throw-in,Cessna win throw-in,,,,,,,,,,
Foul Received (11),4978100,25000,C.V. Whitney Cup,Cessna vs La Indiana,Group,February 16. 2020,Unknown,Unknown,Search Livestream,International Polo Club,Unknown,Unknown,Live,2020,Chukka 4,Foul Received,Cessna,Nicolas ‘Nico’ Saenz,26;76,Attacking Half,Right of Way,Penalty 30 yards,,,,,,,,,,,,,,,,
Foul (11),4978100,25000,C.V. Whitney Cup,Cessna vs La Indiana,Group,February 16. 2020,Unknown,Unknown,Search Livestream,International Polo Club,Unknown,Unknown,Live,2020,Chukka 4,Foul,La Indiana,Polito Pieres,134;226,Defending Half,Right of Way,Penalty 30 yards,68;217,143;233,,,,,,,,,,,,,,
Goal Cessna (4),5078333,35000,C.V. Whitney Cup,Cessna vs La Indiana,Group,February 16. 2020,Unknown,Unknown,Search Livestream,International Polo Club,Unknown,Unknown,Live,2020,Chukka 4,,Cessna,Nicolas ‘Nico’ Saenz,,,,,,,,Goal Cessna,,,,,,,,,,,,
Penalty 30 yards (2),5095866,15000,C.V. Whitney Cup,Cessna vs La Indiana,Group,February 16. 2020,Unknown,Unknown,Search Livestream,International Polo Club,Unknown,Unknown,Live,2020,Chukka 4,,Cessna,Nicolas ‘Nico’ Saenz,,,,,,,,,,,,,,,,,,Penalty 30 yards,Goal,
Throw-in (12),5124466,20000,C.V. Whitney Cup,Cessna vs La Indiana,Group,February 16. 2020,Unknown,Unknown,Search Livestream,International Polo Club,Unknown,Unknown,Live,2020,Chukka 4,,La Indiana,Polito Pieres,,,,,,,,,Throw-in,La Indiana win throw-in,,,,,,,,,,
Foul (12),5136500,25000,C.V. Whitney Cup,Cessna vs La Indiana,Group,February 16. 2020,Unknown,Unknown,Search Livestream,International Polo Club,Unknown,Unknown,Live,2020,Chukka 4,Foul,Cessna,Ezequiel ‘Gallego’ Martinez Ferrario,8;243,Defending 60,Right of Way,Penalty 60 yards,16;204,85;258,,,,,,,,,,,,,,
Foul Received (12),5136500,25000,C.V. Whitney Cup,Cessna vs La Indiana,Group,February 16. 2020,Unknown,Unknown,Search Livestream,International Polo Club,Unknown,Unknown,Live,2020,Chukka 4,Foul Received,La Indiana,Santiago Gomez Romero,137;58,Attacking 60,Right of Way,Penalty 60 yards,,,,,,,,,,,,,,,,
Penalty 60 yards (1),5202766,15000,C.V. Whitney Cup,Cessna vs La Indiana,Group,February 16. 2020,Unknown,Unknown,Search Livestream,International Polo Club,Unknown,Unknown,Live,2020,Chukka 4,,La Indiana,Polito Pieres,,,,,,,,,,,,,,,,,,Penalty 60 yards,Blocked,
Penalty Block,5210033,10000,C.V. Whitney Cup,Cessna vs La Indiana,Group,February 16. 2020,Unknown,Unknown,Search Livestream,International Polo Club,Unknown,Unknown,Live,2020,Chukka 4,,Cessna,Felipe Marquez,,,,,,,,,,,,,,,,Penalty Block,,,,
Shot At Goal (22),5235866,35000,C.V. Whitney Cup,Cessna vs La Indiana,Group,February 16. 2020,Unknown,Unknown,Search Livestream,International Polo Club,Unknown,Unknown,Live,2020,Chukka 4,,La Indiana,Polito Pieres,55;17,Attacking 30,,,,,,,,,Shot At Goal,Wide,,,,,,,,
Knock In (8),5455100,40000,C.V. Whitney Cup,Cessna vs La Indiana,Group,February 16. 2020,Unknown,Unknown,Search Livestream,International Polo Club,Unknown,Unknown,Live,2020,Chukka 5,,Cessna,Felipe Marquez,,,,,,,,,Knock In,,,,Nicolas ‘Nico’ Saenz,,,,,,,
Chukka Length (5),5457300,628200,C.V. Whitney Cup,Cessna vs La Indiana,Group,February 16. 2020,Unknown,Unknown,Search Livestream,International Polo Club,Unknown,Unknown,Live,2020,Chukka 5,,Team,,,,,,,,Chukka Length,,,,,,,,,,,,,
Foul Received (13),5472333,25000,C.V. Whitney Cup,Cessna vs La Indiana,Group,February 16. 2020,Unknown,Unknown,Search Livestream,International Polo Club,Unknown,Unknown,Live,2020,Chukka 5,Foul Received,La Indiana,Jeff Hall,144;258,Defending 60,Delay of Game,Penalty 5,,,,,,,,,,,,,,,,
Foul (13),5472333,25000,C.V. Whitney Cup,Cessna vs La Indiana,Group,February 16. 2020,Unknown,Unknown,Search Livestream,International Polo Club,Unknown,Unknown,Live,2020,Chukka 5,Foul,Cessna,Nicolas ‘Nico’ Saenz,7;51,Attacking 60,Delay of Game,Penalty 5,19;76,86;52,,,,,,,,,,,,,,
Non Call (3),5506200,20000,C.V. Whitney Cup,Cessna vs La Indiana,Group,February 16. 2020,Unknown,Unknown,Search Livestream,International Polo Club,Unknown,Unknown,Live,2020,Chukka 5,Non Call,Team,,,,Right of Way,,,,,,,,,,,,,,,,,
Penalty 5 (5),5507333,30000,C.V. Whitney Cup,Cessna vs La Indiana,Group,February 16. 2020,Unknown,Unknown,Search Livestream,International Polo Club,Unknown,Unknown,Live,2020,Chukka 5,,La Indiana,Jeff Hall,,,,,,,,,Penalty 5,,,,,,,,,,,
Foul (14),5536033,25000,C.V. Whitney Cup,Cessna vs La Indiana,Group,February 16. 2020,Unknown,Unknown,Search Livestream,International Polo Club,Unknown,Unknown,Live,2020,Chukka 5,Foul,Cessna,Ezequiel ‘Gallego’ Martinez Ferrario,82;283,Defending 30,Right of Way,Penalty 1,21;220,71;179,,,,,,,,,,,,,,
Foul Received (14),5536033,25000,C.V. Whitney Cup,Cessna vs La Indiana,Group,February 16. 2020,Unknown,Unknown,Search Livestream,International Polo Club,Unknown,Unknown,Live,2020,Chukka 5,Foul Received,La Indiana,Joaquin Avendano,66;16,Attacking 30,Right of Way,Penalty 1,,,,,,,,,,,,,,,,
Goal La Indiana (8),5550900,35000,C.V. Whitney Cup,Cessna vs La Indiana,Group,February 16. 2020,Unknown,Unknown,Search Livestream,International Polo Club,Unknown,Unknown,Live,2020,Chukka 5,,La Indiana,Joaquin Avendano,,,,,,,,Goal La Indiana,,,,,,,,,,,,
Penalty 1,5575900,10000,C.V. Whitney Cup,Cessna vs La Indiana,Group,February 16. 2020,Unknown,Unknown,Search Livestream,International Polo Club,Unknown,Unknown,Live,2020,Chukka 5,,Cessna,Joaquin Avendano,,,,,,,,,,,,,,,,,,Penalty 1,Goal,Ezequiel ‘Gallego’ Martinez Ferrario
Shot At Goal (23),5593533,35000,C.V. Whitney Cup,Cessna vs La Indiana,Group,February 16. 2020,Unknown,Unknown,Search Livestream,International Polo Club,Unknown,Unknown,Live,2020,Chukka 5,,La Indiana,Polito Pieres,132;27,Attacking 30,,,,,,,,,Shot At Goal,Wide,,,,,,,,
Penalty 5b (4),5607300,30000,C.V. Whitney Cup,Cessna vs La Indiana,Group,February 16. 2020,Unknown,Unknown,Search Livestream,International Polo Club,Unknown,Unknown,Live,2020,Chukka 5,,La Indiana,Polito Pieres,,,,,,,,,Penalty 5b,,,,,,,,,,,
Knock In (9),5638670,40000,C.V. Whitney Cup,Cessna vs La Indiana,Group,February 16. 2020,Unknown,Unknown,Search Livestream,International Polo Club,Unknown,Unknown,Live,2020,Chukka 5,,Cessna,Felipe Marquez,,,,,,,,,Knock In,,,,Ezequiel ‘Gallego’ Martinez Ferrario,,,,,,,
Shot At Goal (24),5673666,35000,C.V. Whitney Cup,Cessna vs La Indiana,Group,February 16. 2020,Unknown,Unknown,Search Livestream,International Polo Club,Unknown,Unknown,Live,2020,Chukka 5,,La Indiana,Jeff Hall,78;27,Attacking 30,,,,,,,,,Shot At Goal,Goal,,,,,,,,
Goal La Indiana (9),5675500,35000,C.V. Whitney Cup,Cessna vs La Indiana,Group,February 16. 2020,Unknown,Unknown,Search Livestream,International Polo Club,Unknown,Unknown,Live,2020,Chukka 5,,La Indiana,Jeff Hall,,,,,,,,Goal La Indiana,,,,,,,,,,,,
Assist (13),5690500,25000,C.V. Whitney Cup,Cessna vs La Indiana,Group,February 16. 2020,Unknown,Unknown,Search Livestream,International Polo Club,Unknown,Unknown,Live,2020,Chukka 5,,La Indiana,Polito Pieres,,,,,,,,,,,,,,Successful,Polito Pieres,,,,,
Throw-in (13),5731633,20000,C.V. Whitney Cup,Cessna vs La Indiana,Group,February 16. 2020,Unknown,Unknown,Search Livestream,International Polo Club,Unknown,Unknown,Live,2020,Chukka 5,,La Indiana,Polito Pieres,,,,,,,,,Throw-in,La Indiana win throw-in,,,,,,,,,,
Foul Received (15),5752366,25000,C.V. Whitney Cup,Cessna vs La Indiana,Group,February 16. 2020,Unknown,Unknown,Search Livestream,International Polo Club,Unknown,Unknown,Live,2020,Chukka 5,Foul Received,Cessna,Ezequiel ‘Gallego’ Martinez Ferrario,90;22,Attacking 30,Blocking,Penalty 30 yards,,,,,,,,,,,,,,,,
Foul (15),5752366,25000,C.V. Whitney Cup,Cessna vs La Indiana,Group,February 16. 2020,Unknown,Unknown,Search Livestream,International Polo Club,Unknown,Unknown,Live,2020,Chukka 5,Foul,La Indiana,Jeff Hall,60;276,Defending 30,Blocking,Penalty 30 yards,37;268,74;209,,,,,,,,,,,,,,
Goal Cessna (5),5774766,35000,C.V. Whitney Cup,Cessna vs La Indiana,Group,February 16. 2020,Unknown,Unknown,Search Livestream,International Polo Club,Unknown,Unknown,Live,2020,Chukka 5,,Cessna,Nicolas ‘Nico’ Saenz,,,,,,,,Goal Cessna,,,,,,,,,,,,
Penalty 30 yards Spot (1),5798482,10000,C.V. Whitney Cup,Cessna vs La Indiana,Group,February 16. 2020,Unknown,Unknown,Search Livestream,International Polo Club,Unknown,Unknown,Live,2020,Chukka 5,,Cessna,Nicolas ‘Nico’ Saenz,,,,,,,,,,,,,,,,,,Penalty 30 yards Spot,Goal,
Foul Received (16),5825433,25000,C.V. Whitney Cup,Cessna vs La Indiana,Group,February 16. 2020,Unknown,Unknown,Search Livestream,International Polo Club,Unknown,Unknown,Live,2020,Chukka 5,Foul Received,Cessna,Ezequiel ‘Gallego’ Martinez Ferrario,30;125,Attacking Half,Right of Way,Penalty 5,,,,,,,,,,,,,,,,
Foul (16),5825433,25000,C.V. Whitney Cup,Cessna vs La Indiana,Group,February 16. 2020,Unknown,Unknown,Search Livestream,International Polo Club,Unknown,Unknown,Live,2020,Chukka 5,Foul,La Indiana,Jeff Hall,139;181,Defending Half,Right of Way,Penalty 5,103;185,70;147,,,,,,,,,,,,,,
Throw-in (14),5827633,20000,C.V. Whitney Cup,Cessna vs La Indiana,Group,February 16. 2020,Unknown,Unknown,Search Livestream,International Polo Club,Unknown,Unknown,Live,2020,Chukka 5,,Cessna,Ezequiel ‘Gallego’ Martinez Ferrario,,,,,,,,,Throw-in,Cessna win throw-in,,,,,,,,,,
Shot At Goal (25),5859366,35000,C.V. Whitney Cup,Cessna vs La Indiana,Group,February 16. 2020,Unknown,Unknown,Search Livestream,International Polo Club,Unknown,Unknown,Live,2020,Chukka 5,,Cessna,Ezequiel ‘Gallego’ Martinez Ferrario,137;81,Attacking Half,,,,,,,,,Shot At Goal,Wide,,,,,,,,
Penalty 5 (6),5867866,30000,C.V. Whitney Cup,Cessna vs La Indiana,Group,February 16. 2020,Unknown,Unknown,Search Livestream,International Polo Club,Unknown,Unknown,Live,2020,Chukka 5,,Cessna,Felipe Marquez,,,,,,,,,Penalty 5,,,,,,,,,,,
Knock In (10),5905066,40000,C.V. Whitney Cup,Cessna vs La Indiana,Group,February 16. 2020,Unknown,Unknown,Search Livestream,International Polo Club,Unknown,Unknown,Live,2020,Chukka 5,,La Indiana,Jeff Hall,,,,,,,,,Knock In,,,,Polito Pieres,,,,,,,
Shot At Goal (26),5905700,35000,C.V. Whitney Cup,Cessna vs La Indiana,Group,February 16. 2020,Unknown,Unknown,Search Livestream,International Polo Club,Unknown,Unknown,Live,2020,Chukka 5,,La Indiana,Joaquin Avendano,39;24,Attacking 30,,,,,,,,,Shot At Goal,Short,,,,,,,,
Assist (14),5922633,25000,C.V. Whitney Cup,Cessna vs La Indiana,Group,February 16. 2020,Unknown,Unknown,Search Livestream,International Polo Club,Unknown,Unknown,Live,2020,Chukka 5,,La Indiana,Polito Pieres,,,,,,,,,,,,,,Unsuccessful,Polito Pieres,,,,,
Foul Received (17),5934700,25000,C.V. Whitney Cup,Cessna vs La Indiana,Group,February 16. 2020,Unknown,Unknown,Search Livestream,International Polo Club,Unknown,Unknown,Live,2020,Chukka 5,Foul Received,Cessna,Ezequiel ‘Gallego’ Martinez Ferrario,28;274,Defending 30,Dangerous Riding,Penalty 5,,,,,,,,,,,,,,,,
Foul (17),5934700,25000,C.V. Whitney Cup,Cessna vs La Indiana,Group,February 16. 2020,Unknown,Unknown,Search Livestream,International Polo Club,Unknown,Unknown,Live,2020,Chukka 5,Foul,La Indiana,Polito Pieres,116;33,Attacking 30,Dangerous Riding,Penalty 5,124;90,41;52,,,,,,,,,,,,,,
Penalty 5 (7),5983891,30000,C.V. Whitney Cup,Cessna vs La Indiana,Group,February 16. 2020,Unknown,Unknown,Search Livestream,International Polo Club,Unknown,Unknown,Live,2020,Chukka 5,,Cessna,Felipe Marquez,,,,,,,,,Penalty 5,,,,,,,,,,,
Non Call (4),6000666,20000,C.V. Whitney Cup,Cessna vs La Indiana,Group,February 16. 2020,Unknown,Unknown,Search Livestream,International Polo Club,Unknown,Unknown,Live,2020,Chukka 5,Non Call,Team,,,,Right of Way,,,,,,,,,,,,,,,,,
Shot At Goal (27),6044066,35000,C.V. Whitney Cup,Cessna vs La Indiana,Group,February 16. 2020,Unknown,Unknown,Search Livestream,International Polo Club,Unknown,Unknown,Live,2020,Chukka 5,,Cessna,Nicolas ‘Nico’ Saenz,130;27,Attacking 30,,,,,,,,,Shot At Goal,Wide,,,,,,,,
Knock In (11),6058500,40000,C.V. Whitney Cup,Cessna vs La Indiana,Group,February 16. 2020,Unknown,Unknown,Search Livestream,International Polo Club,Unknown,Unknown,Live,2020,Chukka 5,,La Indiana,Jeff Hall,,,,,,,,,Knock In,,,,,,,,,,,
Knock In (12),6301833,40000,C.V. Whitney Cup,Cessna vs La Indiana,Group,February 16. 2020,Unknown,Unknown,Search Livestream,International Polo Club,Unknown,Unknown,Live,2020,Chukka 6,,La Indiana,Jeff Hall,,,,,,,,,Knock In,,,,,,,,,,,
Chukka Length (6),6303800,779433,C.V. Whitney Cup,Cessna vs La Indiana,Group,February 16. 2020,Unknown,Unknown,Search Livestream,International Polo Club,Unknown,Unknown,Live,2020,Chukka 6,,Team,,,,,,,,Chukka Length,,,,,,,,,,,,,
Shot At Goal (28),6334900,35000,C.V. Whitney Cup,Cessna vs La Indiana,Group,February 16. 2020,Unknown,Unknown,Search Livestream,International Polo Club,Unknown,Unknown,Live,2020,Chukka 6,,La Indiana,Santiago Gomez Romero,88;25,Attacking 30,,,,,,,,,Shot At Goal,Miss Hit,,,,,,,,
Foul (18),6369100,25000,C.V. Whitney Cup,Cessna vs La Indiana,Group,February 16. 2020,Unknown,Unknown,Search Livestream,International Polo Club,Unknown,Unknown,Live,2020,Chukka 6,Foul,La Indiana,Jeff Hall,78;57,Attacking 60,Riding Into Shot,Penalty 5,21;63,98;80,,,,,,,,,,,,,,
Foul Received (18),6369766,25000,C.V. Whitney Cup,Cessna vs La Indiana,Group,February 16. 2020,Unknown,Unknown,Search Livestream,International Polo Club,Unknown,Unknown,Live,2020,Chukka 6,Foul Received,Cessna,Felipe Marquez,72;239,Defending 60,Riding Into Shot,Penalty 5,,,,,,,,,,,,,,,,
Penalty 5 (8),6411733,30000,C.V. Whitney Cup,Cessna vs La Indiana,Group,February 16. 2020,Unknown,Unknown,Search Livestream,International Polo Club,Unknown,Unknown,Live,2020,Chukka 6,,Cessna,Felipe Marquez,,,,,,,,,Penalty 5,,,,,,,,,,,
Foul Received (19),6420766,25000,C.V. Whitney Cup,Cessna vs La Indiana,Group,February 16. 2020,Unknown,Unknown,Search Livestream,International Polo Club,Unknown,Unknown,Live,2020,Chukka 6,Foul Received,Cessna,Ezequiel ‘Gallego’ Martinez Ferrario,30;181,Defending Half,Near Side,Penalty 60 yards,,,,,,,,,,,,,,,,
Foul (19),6420766,25000,C.V. Whitney Cup,Cessna vs La Indiana,Group,February 16. 2020,Unknown,Unknown,Search Livestream,International Polo Club,Unknown,Unknown,Live,2020,Chukka 6,Foul,La Indiana,Jeff Hall,112;115,Attacking Half,Near Side,Penalty 60 yards,40;112,133;116,,,,,,,,,,,,,,
Penalty 60 yards (2),6493600,15000,C.V. Whitney Cup,Cessna vs La Indiana,Group,February 16. 2020,Unknown,Unknown,Search Livestream,International Polo Club,Unknown,Unknown,Live,2020,Chukka 6,,Cessna,Nicolas ‘Nico’ Saenz,,,,,,,,,,,,,,,,,,Penalty 60 yards,Wide,
Knock In (13),6514800,40000,C.V. Whitney Cup,Cessna vs La Indiana,Group,February 16. 2020,Unknown,Unknown,Search Livestream,International Polo Club,Unknown,Unknown,Live,2020,Chukka 6,,La Indiana,Jeff Hall,,,,,,,,,Knock In,,,,Polito Pieres,,,,,,,
Foul Received (20),6523000,25000,C.V. Whitney Cup,Cessna vs La Indiana,Group,February 16. 2020,Unknown,Unknown,Search Livestream,International Polo Club,Unknown,Unknown,Live,2020,Chukka 6,Foul Received,Cessna,Felipe Marquez,18;79,Attacking Half,Right of Way,Penalty 30 yards,,,,,,,,,,,,,,,,
Foul (20),6523000,25000,C.V. Whitney Cup,Cessna vs La Indiana,Group,February 16. 2020,Unknown,Unknown,Search Livestream,International Polo Club,Unknown,Unknown,Live,2020,Chukka 6,Foul,La Indiana,Polito Pieres,141;218,Defending Half,Right of Way,Penalty 30 yards,81;159,141;202,,,,,,,,,,,,,,
Goal Cessna (6),6576366,35000,C.V. Whitney Cup,Cessna vs La Indiana,Group,February 16. 2020,Unknown,Unknown,Search Livestream,International Polo Club,Unknown,Unknown,Live,2020,Chukka 6,,Cessna,Nicolas ‘Nico’ Saenz,,,,,,,,Goal Cessna,,,,,,,,,,,,
Penalty 30 yards (3),6595133,15000,C.V. Whitney Cup,Cessna vs La Indiana,Group,February 16. 2020,Unknown,Unknown,Search Livestream,International Polo Club,Unknown,Unknown,Live,2020,Chukka 6,,Cessna,Nicolas ‘Nico’ Saenz,,,,,,,,,,,,,,,,,,Penalty 30 yards,Goal,
Throw-in (15),6639966,20000,C.V. Whitney Cup,Cessna vs La Indiana,Group,February 16. 2020,Unknown,Unknown,Search Livestream,International Polo Club,Unknown,Unknown,Live,2020,Chukka 6,,Cessna,Felipe Marquez,,,,,,,,,Throw-in,Cessna win throw-in,,,,,,,,,,
Foul (21),6657600,25000,C.V. Whitney Cup,Cessna vs La Indiana,Group,February 16. 2020,Unknown,Unknown,Search Livestream,International Polo Club,Unknown,Unknown,Live,2020,Chukka 6,Foul,Cessna,Ezequiel ‘Gallego’ Martinez Ferrario,35;93,Attacking Half,Riding Into Shot,Penalty 5,36;103,133;67,,,,,,,,,,,,,,
Foul Received (21),6657600,25000,C.V. Whitney Cup,Cessna vs La Indiana,Group,February 16. 2020,Unknown,Unknown,Search Livestream,International Polo Club,Unknown,Unknown,Live,2020,Chukka 6,Foul Received,La Indiana,Polito Pieres,124;189,Defending Half,Riding Into Shot,Penalty 5,,,,,,,,,,,,,,,,
Non Call (5),6691500,20000,C.V. Whitney Cup,Cessna vs La Indiana,Group,February 16. 2020,Unknown,Unknown,Search Livestream,International Polo Club,Unknown,Unknown,Live,2020,Chukka 6,Non Call,Team,,,,Right of Way,,,,,,,,,,,,,,,,,
Penalty 5 (9),6693500,30000,C.V. Whitney Cup,Cessna vs La Indiana,Group,February 16. 2020,Unknown,Unknown,Search Livestream,International Polo Club,Unknown,Unknown,Live,2020,Chukka 6,,La Indiana,Jeff Hall,,,,,,,,,Penalty 5,,,,,,,,,,,
Foul Received (22),6710400,25000,C.V. Whitney Cup,Cessna vs La Indiana,Group,February 16. 2020,Unknown,Unknown,Search Livestream,International Polo Club,Unknown,Unknown,Live,2020,Chukka 6,Foul Received,Cessna,Nicolas ‘Nico’ Saenz,80;72,Attacking 60,Blocking,Penalty 40 yards,,,,,,,,,,,,,,,,
Foul (22),6710400,25000,C.V. Whitney Cup,Cessna vs La Indiana,Group,February 16. 2020,Unknown,Unknown,Search Livestream,International Polo Club,Unknown,Unknown,Live,2020,Chukka 6,Foul,La Indiana,Polito Pieres,82;227,Defending Half,Blocking,Penalty 40 yards,41;177,126;192,,,,,,,,,,,,,,
Penalty 40 yards,6774766,15000,C.V. Whitney Cup,Cessna vs La Indiana,Group,February 16. 2020,Unknown,Unknown,Search Livestream,International Polo Club,Unknown,Unknown,Live,2020,Chukka 6,,Cessna,Nicolas ‘Nico’ Saenz,,,,,,,,,,,,,,,,,,Penalty 40 yards,Wide,
Knock In (14),6797400,40000,C.V. Whitney Cup,Cessna vs La Indiana,Group,February 16. 2020,Unknown,Unknown,Search Livestream,International Polo Club,Unknown,Unknown,Live,2020,Chukka 6,,La Indiana,Polito Pieres,,,,,,,,,Knock In,,,,Jeff Hall,,,,,,,
Free Hit (2),6824500,20000,C.V. Whitney Cup,Cessna vs La Indiana,Group,February 16. 2020,Unknown,Unknown,Search Livestream,International Polo Club,Unknown,Unknown,Live,2020,Chukka 6,,Cessna,Felipe Marquez,,,,,,,,,Free Hit,,,,,,,,,,,
Foul Received (23),6837633,25000,C.V. Whitney Cup,Cessna vs La Indiana,Group,February 16. 2020,Unknown,Unknown,Search Livestream,International Polo Club,Unknown,Unknown,Live,2020,Chukka 6,Foul Received,Cessna,Felipe Marquez,7;112,Attacking Half,Blocking,Penalty 5,,,,,,,,,,,,,,,,
Foul (23),6837633,25000,C.V. Whitney Cup,Cessna vs La Indiana,Group,February 16. 2020,Unknown,Unknown,Search Livestream,International Polo Club,Unknown,Unknown,Live,2020,Chukka 6,Foul,La Indiana,Joaquin Avendano,148;204,Defending Half,Blocking,Penalty 5,73;193,,,,,,,,,,,,,,,
Shot At Goal (29),6882933,35000,C.V. Whitney Cup,Cessna vs La Indiana,Group,February 16. 2020,Unknown,Unknown,Search Livestream,International Polo Club,Unknown,Unknown,Live,2020,Chukka 6,,Cessna,Felipe Marquez,14;115,Attacking Half,,,,,,,,,Shot At Goal,Wide,,,,,,,,
Penalty 5 (10),6907900,30000,C.V. Whitney Cup,Cessna vs La Indiana,Group,February 16. 2020,Unknown,Unknown,Search Livestream,International Polo Club,Unknown,Unknown,Live,2020,Chukka 6,,Cessna,Felipe Marquez,,,,,,,,,Penalty 5,,,,,,,,,,,
Knock In (15),6930233,40000,C.V. Whitney Cup,Cessna vs La Indiana,Group,February 16. 2020,Unknown,Unknown,Search Livestream,International Polo Club,Unknown,Unknown,Live,2020,Chukka 6,,La Indiana,Polito Pieres,,,,,,,,,Knock In,,,,Jeff Hall,,,,,,,
Shot At Goal (30),6940967,35000,C.V. Whitney Cup,Cessna vs La Indiana,Group,February 16. 2020,Unknown,Unknown,Search Livestream,International Polo Club,Unknown,Unknown,Live,2020,Chukka 6,,La Indiana,Polito Pieres,114;25,Attacking 30,,,,,,,,,Shot At Goal,Goal,,,,,,,,
Goal La Indiana (10),6943566,35000,C.V. Whitney Cup,Cessna vs La Indiana,Group,February 16. 2020,Unknown,Unknown,Search Livestream,International Polo Club,Unknown,Unknown,Live,2020,Chukka 6,,La Indiana,Polito Pieres,,,,,,,,Goal La Indiana,,,,,,,,,Goals,,,
Assist (15),6958566,25000,C.V. Whitney Cup,Cessna vs La Indiana,Group,February 16. 2020,Unknown,Unknown,Search Livestream,International Polo Club,Unknown,Unknown,Live,2020,Chukka 6,,La Indiana,Jeff Hall,,,,,,,,,,,,,,Successful,Jeff Hall,,,,,
Throw-in (16),7001500,20000,C.V. Whitney Cup,Cessna vs La Indiana,Group,February 16. 2020,Unknown,Unknown,Search Livestream,International Polo Club,Unknown,Unknown,Live,2020,Chukka 6,,Cessna,Felipe Marquez,,,,,,,,,Throw-in,Cessna win throw-in,,,,,,,,,,
Goal Cessna (7),7042500,35000,C.V. Whitney Cup,Cessna vs La Indiana,Group,February 16. 2020,Unknown,Unknown,Search Livestream,International Polo Club,Unknown,Unknown,Live,2020,Chukka 6,,Cessna,Ezequiel ‘Gallego’ Martinez Ferrario,,,,,,,,Goal Cessna,,,,,,,,,,,,
Shot At Goal (31),7042500,35000,C.V. Whitney Cup,Cessna vs La Indiana,Group,February 16. 2020,Unknown,Unknown,Search Livestream,International Polo Club,Unknown,Unknown,Live,2020,Chukka 6,,Cessna,Ezequiel ‘Gallego’ Martinez Ferrario,80;13,Attacking 30,,,,,,,,,Shot At Goal,Goal,,,,,,,,
Knock In (16),7043852,40000,C.V. Whitney Cup,Cessna vs La Indiana,Group,February 16. 2020,Unknown,Unknown,Search Livestream,International Polo Club,Unknown,Unknown,Live,2020,Chukka 6,,Cessna,Felipe Marquez,,,,,,,,,Knock In,,,,,,,,,,,