Name,Position,Duration,Tournament,Match Date,Umpire 1,Umpire 2,Stage,Game,Camera Angle,Third Umpire,Chukka,Search Event,Year,Club,Instant Replay Official,Set Play,Throw-in Outcome,Player,Team,Chukka Length,Shot At Goal,General Field Area,Location,Shot At Goal Outcome,Knock-in Player 2,Goal,Highlight Reel,Assist Outcome,Assist,Foul,Foul Type,Umpire Trailing,Umpire Focal,Foul Outcome,Penalties,Penalty Outcome,Penalty Block,Collision
Throw-in,449500,20000,USPA Gold Cup,March 08. 2020,Unknown,Unknown,Group,Coca-Cola vs Equuleus,Live,Unknown,Chukka 1,Search Livestream,2020,International Polo Club,Unknown,Throw-in,Equuleus win throw-in,Inaki Laprida,Equuleus,,,,,,,,,,,,,,,,,,,
Chukka Length,449500,598166,USPA Gold Cup,March 08. 2020,Unknown,Unknown,Group,Coca-Cola vs Equuleus,Live,Unknown,Chukka 1,Search Livestream,2020,International Polo Club,Unknown,,,,Team,Chukka Length,,,,,,,,,,,,,,,,,,
Game Length,449500,6480066,USPA Gold Cup,March 08. 2020,Unknown,Unknown,Group,Coca-Cola vs Equuleus,Live,Unknown,,Search Livestream,2020,International Polo Club,Unknown,,,,Team,Game Length,,,,,,,,,,,,,,,,,,
Shot At Goal,451366,35000,USPA Gold Cup,March 08. 2020,Unknown,Unknown,Group,Coca-Cola vs Equuleus,Live,Unknown,Chukka 1,Search Livestream,2020,International Polo Club,Unknown,,,Julian de Lusarreta,Coca-Cola,,Shot At Goal,Attacking 60,69;74,Wide,,,,,,,,,,,,,,
Knock In,499566,40000,USPA Gold Cup,March 08. 2020,Unknown,Unknown,Group,Coca-Cola vs Equuleus,Live,Unknown,Chukka 1,Search Livestream,2020,International Polo Club,Unknown,Knock In,,Mariano Gonzalez,Equuleus,,,,,,Inaki Laprida,,,,,,,,,,,,,
Shot At Goal (1),508833,35000,USPA Gold Cup,March 08. 2020,Unknown,Unknown,Group,Coca-Cola vs Equuleus,Live,Unknown,Chukka 1,Search Livestream,2020,International Polo Club,Unknown,,,Steve Krueger,Coca-Cola,,Shot At Goal,Attacking 30,71;36,Goal,,,,,,,,,,,,,,
Goal Coca-Cola,511933,35000,USPA Gold Cup,March 08. 2020,Unknown,Unknown,Group,Coca-Cola vs Equuleus,Live,Unknown,Chukka 1,Search Livestream,2020,International Polo Club,Unknown,,,Steve Krueger,Coca-Cola,,,Attacking 30,73;7,,,Goal Coca-Cola,Goals,,,,,,,,,,,
Assist,528333,25000,USPA Gold Cup,March 08. 2020,Unknown,Unknown,Group,Coca-Cola vs Equuleus,Live,Unknown,Chukka 1,Search Livestream,2020,International Polo Club,Unknown,,,Nicolas Pieres,Coca-Cola,,,,,,,,,Successful,Nicolas Pieres,,,,,,,,,
Foul,563866,25000,USPA Gold Cup,March 08. 2020,Unknown,Unknown,Group,Coca-Cola vs Equuleus,Live,Unknown,Chukka 1,Search Livestream,2020,International Polo Club,Unknown,,,Nicolas Pieres,Coca-Cola,,,Defending Half,110;163,,,,,,,Foul,Reaching,116;161,30;163,Penalty 5,,,,
Foul Received,563866,25000,USPA Gold Cup,March 08. 2020,Unknown,Unknown,Group,Coca-Cola vs Equuleus,Live,Unknown,Chukka 1,Search Livestream,2020,International Polo Club,Unknown,,,Mariano Gonzalez,Equuleus,,,Attacking Half,33;131,,,,,,,Foul Received,Reaching,,,Penalty 5,,,,
Throw-in (1),563933,20000,USPA Gold Cup,March 08. 2020,Unknown,Unknown,Group,Coca-Cola vs Equuleus,Live,Unknown,Chukka 1,Search Livestream,2020,International Polo Club,Unknown,Throw-in,Equuleus win throw-in,Mariano Gonzalez,Equuleus,,,,,,,,,,,,,,,,,,,
Shot At Goal (2),603966,35000,USPA Gold Cup,March 08. 2020,Unknown,Unknown,Group,Coca-Cola vs Equuleus,Live,Unknown,Chukka 1,Search Livestream,2020,International Polo Club,Unknown,,,Magoo Laprida,Equuleus,,Shot At Goal,Attacking 30,76;16,Goal,,,,,,,,,,,,,,
Goal Equuleus,605200,35000,USPA Gold Cup,March 08. 2020,Unknown,Unknown,Group,Coca-Cola vs Equuleus,Live,Unknown,Chukka 1,Search Livestream,2020,International Polo Club,Unknown,,,Magoo Laprida,Equuleus,,,Attacking 30,72;4,,,Goal Equuleus,,,,,,,,,,,,
Penalty 5,612000,30000,USPA Gold Cup,March 08. 2020,Unknown,Unknown,Group,Coca-Cola vs Equuleus,Live,Unknown,Chukka 1,Search Livestream,2020,International Polo Club,Unknown,Penalty 5,,Mariano Gonzalez,Equuleus,,,,,,,,,,,,,,,,,,,
Assist (1),621400,25000,USPA Gold Cup,March 08. 2020,Unknown,Unknown,Group,Coca-Cola vs Equuleus,Live,Unknown,Chukka 1,Search Livestream,2020,International Polo Club,Unknown,,,Inaki Laprida,Equuleus,,,,,,,,,Successful,Inaki Laprida,,,,,,,,,
Throw-in (2),675933,20000,USPA Gold Cup,March 08. 2020,Unknown,Unknown,Group,Coca-Cola vs Equuleus,Live,Unknown,Chukka 1,Search Livestream,2020,International Polo Club,Unknown,Throw-in,Coca-Cola win throw-in,Nicolas Pieres,Coca-Cola,,,,,,,,,,,,,,,,,,,
Shot At Goal (3),700733,35000,USPA Gold Cup,March 08. 2020,Unknown,Unknown,Group,Coca-Cola vs Equuleus,Live,Unknown,Chukka 1,Search Livestream,2020,International Polo Club,Unknown,,,Nicolas Pieres,Coca-Cola,,Shot At Goal,Attacking 30,67;13,Goal,,,,,,,,,,,,,,
Goal Coca-Cola (1),701633,35000,USPA Gold Cup,March 08. 2020,Unknown,Unknown,Group,Coca-Cola vs Equuleus,Live,Unknown,Chukka 1,Search Livestream,2020,International Polo Club,Unknown,,,Nicolas Pieres,Coca-Cola,,,Attacking 30,71;4,,,Goal Coca-Cola,,,,,,,,,,,,
Throw-in (3),760833,20000,USPA Gold Cup,March 08. 2020,Unknown,Unknown,Group,Coca-Cola vs Equuleus,Live,Unknown,Chukka 1,Search Livestream,2020,International Polo Club,Unknown,Throw-in,Equuleus win throw-in,Magoo Laprida,Equuleus,,,,,,,,,,,,,,,,,,,
Foul Received (1),811166,25000,USPA Gold Cup,March 08. 2020,Unknown,Unknown,Group,Coca-Cola vs Equuleus,Live,Unknown,Chukka 1,Search Livestream,2020,International Polo Club,Unknown,,,Nicolas Pieres,Coca-Cola,,,Attacking 60,139;54,,,,,,,Foul Received,Right of Way,,,Penalty 60 yards,,,,
Foul (1),811166,25000,USPA Gold Cup,March 08. 2020,Unknown,Unknown,Group,Coca-Cola vs Equuleus,Live,Unknown,Chukka 1,Search Livestream,2020,International Polo Club,Unknown,,,Inaki Laprida,Equuleus,,,Defending 60,14;239,,,,,,,Foul,Right of Way,81;216,21;207,Penalty 60 yards,,,,
Penalty 60 yards,908700,15000,USPA Gold Cup,March 08. 2020,Unknown,Unknown,Group,Coca-Cola vs Equuleus,Live,Unknown,Chukka 1,Search Livestream,2020,International Polo Club,Unknown,,,Nicolas Pieres,Coca-Cola,,,,,,,,,,,,,,,,Penalty 60 yards,Blocked,,
Penalty Block,915266,10000,USPA Gold Cup,March 08. 2020,Unknown,Unknown,Group,Coca-Cola vs Equuleus,Live,Unknown,Chukka 1,Search Livestream,2020,International Polo Club,Unknown,,,Inaki Laprida,Equuleus,,,,,,,,,,,,,,,,,,Penalty Block,
Shot At Goal (4),919900,35000,USPA Gold Cup,March 08. 2020,Unknown,Unknown,Group,Coca-Cola vs Equuleus,Live,Unknown,Chukka 1,Search Livestream,2020,International Polo Club,Unknown,,,Inaki Laprida,Equuleus,,Shot At Goal,Attacking 30,134;35,Goal,,,,,,,,,,,,,,
Goal Equuleus (1),923300,35000,USPA Gold Cup,March 08. 2020,Unknown,Unknown,Group,Coca-Cola vs Equuleus,Live,Unknown,Chukka 1,Search Livestream,2020,International Polo Club,Unknown,,,Inaki Laprida,Equuleus,,,Attacking 30,71;3,,,Goal Equuleus,,,,,,,,,,,,
Assist (2),940166,25000,USPA Gold Cup,March 08. 2020,Unknown,Unknown,Group,Coca-Cola vs Equuleus,Live,Unknown,Chukka 1,Search Livestream,2020,International Polo Club,Unknown,,,Magoo Laprida,Equuleus,,,,,,,,,Successful,Magoo Laprida,,,,,,,,,
Throw-in (4),978566,20000,USPA Gold Cup,March 08. 2020,Unknown,Unknown,Group,Coca-Cola vs Equuleus,Live,Unknown,Chukka 1,Search Livestream,2020,International Polo Club,Unknown,Throw-in,Coca-Cola win throw-in,Steve Krueger,Coca-Cola,,,,,,,,,,,,,,,,,,,
Shot At Goal (5),992233,35000,USPA Gold Cup,March 08. 2020,Unknown,Unknown,Group,Coca-Cola vs Equuleus,Live,Unknown,Chukka 1,Search Livestream,2020,International Polo Club,Unknown,,,Inaki Laprida,Equuleus,,Shot At Goal,Attacking 30,72;17,Wide,,,,,,,,,,,,,,
Assist (3),1008900,25000,USPA Gold Cup,March 08. 2020,Unknown,Unknown,Group,Coca-Cola vs Equuleus,Live,Unknown,Chukka 1,Search Livestream,2020,International Polo Club,Unknown,,,Magoo Laprida,Equuleus,,,,,,,,,Unsuccessful,Magoo Laprida,,,,,,,,,
Chukka Length (1),1238466,539370,USPA Gold Cup,March 08. 2020,Unknown,Unknown,Group,Coca-Cola vs Equuleus,Live,Unknown,Chukka 2,Search Livestream,2020,International Polo Club,Unknown,,,,Team,Chukka Length,,,,,,,,,,,,,,,,,,
Knock In (1),1241076,40000,USPA Gold Cup,March 08. 2020,Unknown,Unknown,Group,Coca-Cola vs Equuleus,Live,Unknown,Chukka 2,Search Livestream,2020,International Polo Club,Unknown,Knock In,,Julian de Lusarreta,Coca-Cola,,,,,,,,,,,,,,,,,,,
Shot At Goal (6),1244633,35000,USPA Gold Cup,March 08. 2020,Unknown,Unknown,Group,Coca-Cola vs Equuleus,Live,Unknown,Chukka 2,Search Livestream,2020,International Polo Club,Unknown,,,Nicolas Pieres,Coca-Cola,,Shot At Goal,Attacking 30,44;26,Short,,,,,,,,,,,,,,
Non Call,1255933,20000,USPA Gold Cup,March 08. 2020,Unknown,Unknown,Group,Coca-Cola vs Equuleus,Live,Unknown,Chukka 2,Search Livestream,2020,International Polo Club,Unknown,,,,Team,,,,,,,,,,,Non Call,Blocking,,,,,,,
Foul Received (2),1326466,25000,USPA Gold Cup,March 08. 2020,Unknown,Unknown,Group,Coca-Cola vs Equuleus,Live,Unknown,Chukka 2,Search Livestream,2020,International Polo Club,Unknown,,,Steve Krueger,Coca-Cola,,,Defending 30,87;279,,,,,,,Foul Received,Reaching,,,Penalty 5,,,,
Foul (2),1326466,25000,USPA Gold Cup,March 08. 2020,Unknown,Unknown,Group,Coca-Cola vs Equuleus,Live,Unknown,Chukka 2,Search Livestream,2020,International Polo Club,Unknown,,,Inaki Laprida,Equuleus,,,Attacking 30,54;24,,,,,,,Foul,Reaching,109;54,18;48,Penalty 5,,,,
Shot At Goal (7),1367666,35000,USPA Gold Cup,March 08. 2020,Unknown,Unknown,Group,Coca-Cola vs Equuleus,Live,Unknown,Chukka 2,Search Livestream,2020,International Polo Club,Unknown,,,Nicolas Pieres,Coca-Cola,,Shot At Goal,Attacking Half,81;103,Short,,,,,,,,,,,,,,
Penalty 5 (1),1370400,30000,USPA Gold Cup,March 08. 2020,Unknown,Unknown,Group,Coca-Cola vs Equuleus,Live,Unknown,Chukka 2,Search Livestream,2020,International Polo Club,Unknown,Penalty 5,,Julian de Lusarreta,Coca-Cola,,,,,,,,,,,,,,,,,,,
Non Call (1),1413666,20000,USPA Gold Cup,March 08. 2020,Unknown,Unknown,Group,Coca-Cola vs Equuleus,Live,Unknown,Chukka 2,Search Livestream,2020,International Polo Club,Unknown,,,,Team,,,,,,,,,,,Non Call,Riding Into Shot,,,,,,,
Shot At Goal (8),1431066,35000,USPA Gold Cup,March 08. 2020,Unknown,Unknown,Group,Coca-Cola vs Equuleus,Live,Unknown,Chukka 2,Search Livestream,2020,International Polo Club,Unknown,,,Gillian Johnston,Coca-Cola,,Shot At Goal,Attacking 30,79;20,Wide,,,,,,,,,,,,,,
Knock In (2),1478133,40000,USPA Gold Cup,March 08. 2020,Unknown,Unknown,Group,Coca-Cola vs Equuleus,Live,Unknown,Chukka 2,Search Livestream,2020,International Polo Club,Unknown,Knock In,,Mariano Gonzalez,Equuleus,,,,,,Magoo Laprida,,,,,,,,,,,,,
Foul Received (3),1501500,25000,USPA Gold Cup,March 08. 2020,Unknown,Unknown,Group,Coca-Cola vs Equuleus,Live,Unknown,Chukka 2,Search Livestream,2020,International Polo Club,Unknown,,,Nicolas Pieres,Coca-Cola,,,Attacking Half,78;101,,,,,,,Foul Received,Turning,,,Penalty 40 yards,,,,
Foul (3),1501500,25000,USPA Gold Cup,March 08. 2020,Unknown,Unknown,Group,Coca-Cola vs Equuleus,Live,Unknown,Chukka 2,Search Livestream,2020,International Polo Club,Unknown,,,Inaki Laprida,Equuleus,,,Defending Half,74;192,,,,,,,Foul,Turning,116;193,38;179,Penalty 40 yards,,,,
Penalty 40 yards,1566540,15000,USPA Gold Cup,March 08. 2020,Unknown,Unknown,Group,Coca-Cola vs Equuleus,Live,Unknown,Chukka 2,Search Livestream,2020,International Polo Club,Unknown,,,Nicolas Pieres,Coca-Cola,,,,,,,,,,,,,,,,Penalty 40 yards,Wide,,
Knock In (3),1587366,40000,USPA Gold Cup,March 08. 2020,Unknown,Unknown,Group,Coca-Cola vs Equuleus,Live,Unknown,Chukka 2,Search Livestream,2020,International Polo Club,Unknown,Knock In,,Mariano Gonzalez,Equuleus,,,,,,,,,,,,,,,,,,,
Knock In (4),1640466,40000,USPA Gold Cup,March 08. 2020,Unknown,Unknown,Group,Coca-Cola vs Equuleus,Live,Unknown,Chukka 2,Search Livestream,2020,International Polo Club,Unknown,Knock In,,Julian de Lusarreta,Coca-Cola,,,,,,Nicolas Pieres,,,,,,,,,,,,,
Shot At Goal (9),1660333,35000,USPA Gold Cup,March 08. 2020,Unknown,Unknown,Group,Coca-Cola vs Equuleus,Live,Unknown,Chukka 2,Search Livestream,2020,International Polo Club,Unknown,,,Inaki Laprida,Equuleus,,Shot At Goal,Attacking 30,52;26,Goal,,,,,,,,,,,,,,
Goal Equuleus (2),1662433,35000,USPA Gold Cup,March 08. 2020,Unknown,Unknown,Group,Coca-Cola vs Equuleus,Live,Unknown,Chukka 2,Search Livestream,2020,International Polo Club,Unknown,,,Inaki Laprida,Equuleus,,,Attacking 30,78;4,,,Goal Equuleus,,,,,,,,,,,,
Shot At Goal (10),1703666,35000,USPA Gold Cup,March 08. 2020,Unknown,Unknown,Group,Coca-Cola vs Equuleus,Live,Unknown,Chukka 2,Search Livestream,2020,International Polo Club,Unknown,,,Magoo Laprida,Equuleus,,Shot At Goal,Attacking Half,69;76,Goal,,,,,,,,,,,,,,
Goal Equuleus (3),1708433,35000,USPA Gold Cup,March 08. 2020,Unknown,Unknown,Group,Coca-Cola vs Equuleus,Live,Unknown,Chukka 2,Search Livestream,2020,International Polo Club,Unknown,,,Magoo Laprida,Equuleus,,,Attacking 30,74;6,,,Goal Equuleus,Goals,,,,,,,,,,,
Throw-in (5),1719066,20000,USPA Gold Cup,March 08. 2020,Unknown,Unknown,Group,Coca-Cola vs Equuleus,Live,Unknown,Chukka 2,Search Livestream,2020,International Polo Club,Unknown,Throw-in,Equuleus win throw-in,Magoo Laprida,Equuleus,,,,,,,,,,,,,,,,,,,
Throw-in (6),1964966,20000,USPA Gold Cup,March 08. 2020,Unknown,Unknown,Group,Coca-Cola vs Equuleus,Live,Unknown,Chukka 3,Search Livestream,2020,International Polo Club,Unknown,Throw-in,Coca-Cola win throw-in,Julian de Lusarreta,Coca-Cola,,,,,,,,,,,,,,,,,,,
Chukka Length (2),1967900,252666,USPA Gold Cup,March 08. 2020,Unknown,Unknown,Group,Coca-Cola vs Equuleus,Live,Unknown,Chukka 3,Search Livestream,2020,International Polo Club,Unknown,,,,Team,Chukka Length,,,,,,,,,,,,,,,,,,
Foul Received (4),2009866,25000,USPA Gold Cup,March 08. 2020,Unknown,Unknown,Group,Coca-Cola vs Equuleus,Live,Unknown,Chukka 3,Search Livestream,2020,International Polo Club,Unknown,,,Nicolas Pieres,Coca-Cola,,,Defending Half,129;204,,,,,,,Foul Received,Dangerous Riding,,,Penalty 5B,,,,
Foul (4),2009866,25000,USPA Gold Cup,March 08. 2020,Unknown,Unknown,Group,Coca-Cola vs Equuleus,Live,Unknown,Chukka 3,Search Livestream,2020,International Polo Club,Unknown,,,Inaki Laprida,Equuleus,,,Attacking Half,19;88,,,,,,,Foul,Dangerous Riding,116;112,3;95,Penalty 5B,,,,
Penalty 5b,2057533,30000,USPA Gold Cup,March 08. 2020,Unknown,Unknown,Group,Coca-Cola vs Equuleus,Live,Unknown,Chukka 3,Search Livestream,2020,International Polo Club,Unknown,Penalty 5b,,Julian de Lusarreta,Coca-Cola,,,,,,,,,,,,,,,,,,,
Foul (5),2137000,25000,USPA Gold Cup,March 08. 2020,Unknown,Unknown,Group,Coca-Cola vs Equuleus,Live,Unknown,Chukka 3,Search Livestream,2020,International Polo Club,Unknown,,,Nicolas Pieres,Coca-Cola,,,Attacking Half,12;117,,,,,,,Foul,Right of Way,121;118,23;97,Penalty 60 yards,,,,
Foul Received (5),2137000,25000,USPA Gold Cup,March 08. 2020,Unknown,Unknown,Group,Coca-Cola vs Equuleus,Live,Unknown,Chukka 3,Search Livestream,2020,International Polo Club,Unknown,,,Mariano Gonzalez,Equuleus,,,Defending Half,141;198,,,,,,,Foul Received,Right of Way,,,Penalty 60 yards,,,,
Penalty 60 yards (1),2201166,15000,USPA Gold Cup,March 08. 2020,Unknown,Unknown,Group,Coca-Cola vs Equuleus,Live,Unknown,Chukka 3,Search Livestream,2020,International Polo Club,Unknown,,,Mariano Gonzalez,Equuleus,,,,,,,,,,,,,,,,Penalty 60 yards,Blocked,,
Penalty Block (1),2208433,10000,USPA Gold Cup,March 08. 2020,Unknown,Unknown,Group,Coca-Cola vs Equuleus,Live,Unknown,Chukka 3,Search Livestream,2020,International Polo Club,Unknown,,,Steve Krueger,Coca-Cola,,,,,,,,,,,,,,,,,,Penalty Block,
Injury Time,2223700,90150,USPA Gold Cup,March 08. 2020,Unknown,Unknown,Group,Coca-Cola vs Equuleus,Live,Unknown,Chukka 3,Search Livestream,2020,International Polo Club,Unknown,,,,Team,Injury Time,,,,,,,,,,,,,,,,,,
Shot At Goal (11),2311866,35000,USPA Gold Cup,March 08. 2020,Unknown,Unknown,Group,Coca-Cola vs Equuleus,Live,Unknown,Chukka 3,Search Livestream,2020,International Polo Club,Unknown,,,Magoo Laprida,Equuleus,,Shot At Goal,Attacking 60,63;45,Short,,,,,,,,,,,,,,
Shot At Goal (12),2314933,35000,USPA Gold Cup,March 08. 2020,Unknown,Unknown,Group,Coca-Cola vs Equuleus,Live,Unknown,Chukka 3,Search Livestream,2020,International Polo Club,Unknown,,,Magoo Laprida,Equuleus,,Shot At Goal,Attacking 30,94;15,Post,,,,,,,,,,,,,,
Throw-in (7),2315033,20000,USPA Gold Cup,March 08. 2020,Unknown,Unknown,Group,Coca-Cola vs Equuleus,Live,Unknown,Chukka 3,Search Livestream,2020,International Polo Club,Unknown,Throw-in,Coca-Cola win throw-in,Julian de Lusarreta,Coca-Cola,,,,,,,,,,,,,,,,,,,
Chukka Length (3),2316266,505700,USPA Gold Cup,March 08. 2020,Unknown,Unknown,Group,Coca-Cola vs Equuleus,Live,Unknown,Chukka 3,Search Livestream,2020,International Polo Club,Unknown,,,,Team,Chukka Length,,,,,,,,,,,,,,,,,,
Shot At Goal (13),2318633,35000,USPA Gold Cup,March 08. 2020,Unknown,Unknown,Group,Coca-Cola vs Equuleus,Live,Unknown,Chukka 3,Search Livestream,2020,International Polo Club,Unknown,,,Inaki Laprida,Equuleus,,Shot At Goal,Attacking 30,82;13,Goal,,,,,,,,,,,,,,
Goal Equuleus (4),2319600,35000,USPA Gold Cup,March 08. 2020,Unknown,Unknown,Group,Coca-Cola vs Equuleus,Live,Unknown,Chukka 3,Search Livestream,2020,International Polo Club,Unknown,,,Inaki Laprida,Equuleus,,,Attacking 30,73;7,,,Goal Equuleus,,,,,,,,,,,,
Throw-in (8),2392200,20000,USPA Gold Cup,March 08. 2020,Unknown,Unknown,Group,Coca-Cola vs Equuleus,Live,Unknown,Chukka 3,Search Livestream,2020,International Polo Club,Unknown,Throw-in,Equuleus win throw-in,Inaki Laprida,Equuleus,,,,,,,,,,,,,,,,,,,
Foul Received (6),2411566,25000,USPA Gold Cup,March 08. 2020,Unknown,Unknown,Group,Coca-Cola vs Equuleus,Live,Unknown,Chukka 3,Search Livestream,2020,International Polo Club,Unknown,,,Nicolas Pieres,Coca-Cola,,,Defending 60,69;243,,,,,,,Foul Received,Right of Way,,,Penalty 5,,,,
Foul (6),2411566,25000,USPA Gold Cup,March 08. 2020,Unknown,Unknown,Group,Coca-Cola vs Equuleus,Live,Unknown,Chukka 3,Search Livestream,2020,International Polo Club,Unknown,,,Inaki Laprida,Equuleus,,,Attacking 60,68;58,,,,,,,Foul,Right of Way,135;118,58;111,Penalty 5,,,,
Penalty 5 (2),2449706,30000,USPA Gold Cup,March 08. 2020,Unknown,Unknown,Group,Coca-Cola vs Equuleus,Live,Unknown,Chukka 3,Search Livestream,2020,International Polo Club,Unknown,Penalty 5,,Julian de Lusarreta,Coca-Cola,,,,,,,,,,,,,,,,,,,
Foul Received (7),2470633,25000,USPA Gold Cup,March 08. 2020,Unknown,Unknown,Group,Coca-Cola vs Equuleus,Live,Unknown,Chukka 3,Search Livestream,2020,International Polo Club,Unknown,,,Julian de Lusarreta,Coca-Cola,,,Defending 30,98;280,,,,,,,Foul Received,Dangerous Use of Mallet,,,Penalty 1,,,,
Foul (7),2470633,25000,USPA Gold Cup,March 08. 2020,Unknown,Unknown,Group,Coca-Cola vs Equuleus,Live,Unknown,Chukka 3,Search Livestream,2020,International Polo Club,Unknown,,,Inaki Laprida,Equuleus,,,Attacking 30,52;15,,,,,,,Foul,Dangerous Use of Mallet,79;53,16;63,Penalty 1,,,,
Goal Coca-Cola (2),2482400,35000,USPA Gold Cup,March 08. 2020,Unknown,Unknown,Group,Coca-Cola vs Equuleus,Live,Unknown,Chukka 3,Search Livestream,2020,International Polo Club,Unknown,,,Julian de Lusarreta,Coca-Cola,,,Attacking 30,71;3,,,Goal Coca-Cola,,,,,,,,,,,,
Penalty 1,2507400,10000,USPA Gold Cup,March 08. 2020,Unknown,Unknown,Group,Coca-Cola vs Equuleus,Live,Unknown,Chukka 3,Search Livestream,2020,International Polo Club,Unknown,,,Julian de Lusarreta,Coca-Cola,,,,,,,,,,,,,,,,Penalty 1,Goal,,
Shot At Goal (14),2563466,35000,USPA Gold Cup,March 08. 2020,Unknown,Unknown,Group,Coca-Cola vs Equuleus,Live,Unknown,Chukka 3,Search Livestream,2020,International Polo Club,Unknown,,,Nicolas Pieres,Coca-Cola,,Shot At Goal,Attacking 30,82;7,Goal,,,,,,,,,,,,,,
Goal Coca-Cola (3),2564000,35000,USPA Gold Cup,March 08. 2020,Unknown,Unknown,Group,Coca-Cola vs Equuleus,Live,Unknown,Chukka 3,Search Livestream,2020,International Polo Club,Unknown,,,Nicolas Pieres,Coca-Cola,,,Attacking 30,73;6,,,Goal Coca-Cola,,,,,,,,,,,,
Penalty 5b (1),2575300,30000,USPA Gold Cup,March 08. 2020,Unknown,Unknown,Group,Coca-Cola vs Equuleus,Live,Unknown,Chukka 3,Search Livestream,2020,International Polo Club,Unknown,Penalty 5b,,Julian de Lusarreta,Coca-Cola,,,,,,,,,,,,,,,,,,,
Throw-in (9),2647466,20000,USPA Gold Cup,March 08. 2020,Unknown,Unknown,Group,Coca-Cola vs Equuleus,Live,Unknown,Chukka 3,Search Livestream,2020,International Polo Club,Unknown,Throw-in,Coca-Cola win throw-in,Nicolas Pieres,Coca-Cola,,,,,,,,,,,,,,,,,,,
Foul (8),2682633,25000,USPA Gold Cup,March 08. 2020,Unknown,Unknown,Group,Coca-Cola vs Equuleus,Live,Unknown,Chukka 3,Search Livestream,2020,International Polo Club,Unknown,,,Nicolas Pieres,Coca-Cola,,,Attacking Half,12;130,,,,,,,Foul,Right of Way,78;138,11;121,Penalty 5,,,,
Foul Received (8),2682633,25000,USPA Gold Cup,March 08. 2020,Unknown,Unknown,Group,Coca-Cola vs Equuleus,Live,Unknown,Chukka 3,Search Livestream,2020,International Polo Club,Unknown,,,Mariano Gonzalez,Equuleus,,,Defending Half,138;167,,,,,,,Foul Received,Right of Way,,,Penalty 5,,,,
Penalty 5 (3),2724333,30000,USPA Gold Cup,March 08. 2020,Unknown,Unknown,Group,Coca-Cola vs Equuleus,Live,Unknown,Chukka 3,Search Livestream,2020,International Polo Club,Unknown,Penalty 5,,Mariano Gonzalez,Equuleus,,,,,,,,,,,,,,,,,,,
Shot At Goal (15),2756433,35000,USPA Gold Cup,March 08. 2020,Unknown,Unknown,Group,Coca-Cola vs Equuleus,Live,Unknown,Chukka 3,Search Livestream,2020,International Polo Club,Unknown,,,Inaki Laprida,Equuleus,,Shot At Goal,Attacking 60,69;74,Wide,,,,,,,,,,,,,,
Knock In (5),3810400,40000,USPA Gold Cup,March 08. 2020,Unknown,Unknown,Group,Coca-Cola vs Equuleus,Live,Unknown,Chukka 4,Search Livestream,2020,International Polo Club,Unknown,Knock In,,Julian de Lusarreta,Coca-Cola,,,,,,Nicolas Pieres,,,,,,,,,,,,,
Chukka Length (4),3810400,664155,USPA Gold Cup,March 08. 2020,Unknown,Unknown,Group,Coca-Cola vs Equuleus,Live,Unknown,Chukka 4,Search Livestream,2020,International Polo Club,Unknown,,,,Team,Chukka Length,,,,,,,,,,,,,,,,,,
Shot At Goal (16),3820933,35000,USPA Gold Cup,March 08. 2020,Unknown,Unknown,Group,Coca-Cola vs Equuleus,Live,Unknown,Chukka 4,Search Livestream,2020,International Polo Club,Unknown,,,Steve Krueger,Coca-Cola,,Shot At Goal,Attacking 30,82;18,Goal,,,,,,,,,,,,,,
Goal Coca-Cola (4),3822166,35000,USPA Gold Cup,March 08. 2020,Unknown,Unknown,Group,Coca-Cola vs Equuleus,Live,Unknown,Chukka 4,Search Livestream,2020,International Polo Club,Unknown,,,Steve Krueger,Coca-Cola,,,Attacking 30,73;6,,,Goal Coca-Cola,,,,,,,,,,,,
Assist (4),3838100,25000,USPA Gold Cup,March 08. 2020,Unknown,Unknown,Group,Coca-Cola vs Equuleus,Live,Unknown,Chukka 4,Search Livestream,2020,International Polo Club,Unknown,,,Nicolas Pieres,Coca-Cola,,,,,,,,,Successful,Nicolas Pieres,,,,,,,,,
Throw-in (10),3878766,20000,USPA Gold Cup,March 08. 2020,Unknown,Unknown,Group,Coca-Cola vs Equuleus,Live,Unknown,Chukka 4,Search Livestream,2020,International Polo Club,Unknown,Throw-in,Coca-Cola win throw-in,Julian de Lusarreta,Coca-Cola,,,,,,,,,,,,,,,,,,,
Foul Received (9),3884433,25000,USPA Gold Cup,March 08. 2020,Unknown,Unknown,Group,Coca-Cola vs Equuleus,Live,Unknown,Chukka 4,Search Livestream,2020,International Polo Club,Unknown,,,Steve Krueger,Coca-Cola,,,Defending Half,7;174,,,,,,,Foul Received,Dangerous Use of Mallet,,,Reversed Call,,,,
Foul (9),3884433,25000,USPA Gold Cup,March 08. 2020,Unknown,Unknown,Group,Coca-Cola vs Equuleus,Live,Unknown,Chukka 4,Search Livestream,2020,International Polo Club,Unknown,,,Magoo Laprida,Equuleus,,,Attacking Half,136;120,,,,,,,Foul,Dangerous Use of Mallet,94;126,20;116,Reversed Call,,,,
Shot At Goal (17),3951500,35000,USPA Gold Cup,March 08. 2020,Unknown,Unknown,Group,Coca-Cola vs Equuleus,Live,Unknown,Chukka 4,Search Livestream,2020,International Polo Club,Unknown,,,Magoo Laprida,Equuleus,,Shot At Goal,Attacking 60,144;47,Wide,,,,,,,,,,,,,,
Throw-in (11),3954533,20000,USPA Gold Cup,March 08. 2020,Unknown,Unknown,Group,Coca-Cola vs Equuleus,Live,Unknown,Chukka 4,Search Livestream,2020,International Polo Club,Unknown,Throw-in,Equuleus win throw-in,Inaki Laprida,Equuleus,,,,,,,,,,,,,,,,,,,
Knock In (6),3992466,40000,USPA Gold Cup,March 08. 2020,Unknown,Unknown,Group,Coca-Cola vs Equuleus,Live,Unknown,Chukka 4,Search Livestream,2020,International Polo Club,Unknown,Knock In,,Julian de Lusarreta,Coca-Cola,,,,,,,,,,,,,,,,,,,
Foul Received (10),4036500,25000,USPA Gold Cup,March 08. 2020,Unknown,Unknown,Group,Coca-Cola vs Equuleus,Live,Unknown,Chukka 4,Search Livestream,2020,International Polo Club,Unknown,,,Gillian Johnston,Coca-Cola,,,Attacking 30,141;36,,,,,,,Foul Received,Right of Way,,,Reversed Call,,,,
Foul (10),4036500,25000,USPA Gold Cup,March 08. 2020,Unknown,Unknown,Group,Coca-Cola vs Equuleus,Live,Unknown,Chukka 4,Search Livestream,2020,International Polo Club,Unknown,,,Magoo Laprida,Equuleus,,,Defending 60,14;270,,,,,,,Foul,Right of Way,89;209,4;217,Reversed Call,,,,
Throw-in (12),4120766,20000,USPA Gold Cup,March 08. 2020,Unknown,Unknown,Group,Coca-Cola vs Equuleus,Live,Unknown,Chukka 4,Search Livestream,2020,International Polo Club,Unknown,Throw-in,Equuleus win throw-in,Magoo Laprida,Equuleus,,,,,,,,,,,,,,,,,,,
Foul (11),4185366,25000,USPA Gold Cup,March 08. 2020,Unknown,Unknown,Group,Coca-Cola vs Equuleus,Live,Unknown,Chukka 4,Search Livestream,2020,International Polo Club,Unknown,,,Steve Krueger,Coca-Cola,,,Defending 60,76;271,,,,,,,Foul,Dangerous Riding,144;218,54;216,Penalty 30 yards,,,,
Foul Received (11),4185366,25000,USPA Gold Cup,March 08. 2020,Unknown,Unknown,Group,Coca-Cola vs Equuleus,Live,Unknown,Chukka 4,Search Livestream,2020,International Polo Club,Unknown,,,Inaki Laprida,Equuleus,,,Attacking 60,71;61,,,,,,,Foul Received,Dangerous Riding,,,Penalty 30 yards,,,,
Goal Equuleus (5),4225466,35000,USPA Gold Cup,March 08. 2020,Unknown,Unknown,Group,Coca-Cola vs Equuleus,Live,Unknown,Chukka 4,Search Livestream,2020,International Polo Club,Unknown,,,Mariano Gonzalez,Equuleus,,,Attacking 30,78;6,,,Goal Equuleus,,,,,,,,,,,,
Penalty 30 yards,4244366,15000,USPA Gold Cup,March 08. 2020,Unknown,Unknown,Group,Coca-Cola vs Equuleus,Live,Unknown,Chukka 4,Search Livestream,2020,International Polo Club,Unknown,,,Mariano Gonzalez,Equuleus,,,,,,,,,,,,,,,,Penalty 30 yards,Goal,,
Throw-in (13),4278033,20000,USPA Gold Cup,March 08. 2020,Unknown,Unknown,Group,Coca-Cola vs Equuleus,Live,Unknown,Chukka 4,Search Livestream,2020,International Polo Club,Unknown,Throw-in,Equuleus win throw-in,Magoo Laprida,Equuleus,,,,,,,,,,,,,,,,,,,
Non Call (2),4286900,20000,USPA Gold Cup,March 08. 2020,Unknown,Unknown,Group,Coca-Cola vs Equuleus,Live,Unknown,Chukka 4,Search Livestream,2020,International Polo Club,Unknown,,,,Team,,,,,,,,,,,Non Call,Blocking,,,,,,,
Shot At Goal (18),4319466,35000,USPA Gold Cup,March 08. 2020,Unknown,Unknown,Group,Coca-Cola vs Equuleus,Live,Unknown,Chukka 4,Search Livestream,2020,International Polo Club,Unknown,,,Nicolas Pieres,Coca-Cola,,Shot At Goal,Attacking 60,86;63,Wide,,,,,,,,,,,,,,
Knock In (7),4365600,40000,USPA Gold Cup,March 08. 2020,Unknown,Unknown,Group,Coca-Cola vs Equuleus,Live,Unknown,Chukka 4,Search Livestream,2020,International Polo Club,Unknown,Knock In,,Mariano Gonzalez,Equuleus,,,,,,Inaki Laprida,,,,,,,,,,,,,
Foul Received (12),4382033,25000,USPA Gold Cup,March 08. 2020,Unknown,Unknown,Group,Coca-Cola vs Equuleus,Live,Unknown,Chukka 4,Search Livestream,2020,International Polo Club,Unknown,,,Julian de Lusarreta,Coca-Cola,,,Defending 60,10;239,,,,,,,Foul Received,Right of Way,,,Penalty 5,,,,
Foul (12),4382033,25000,USPA Gold Cup,March 08. 2020,Unknown,Unknown,Group,Coca-Cola vs Equuleus,Live,Unknown,Chukka 4,Search Livestream,2020,International Polo Club,Unknown,,,Magoo Laprida,Equuleus,,,Attacking 60,134;45,,,,,,,Foul,Right of Way,145;89,68;67,Penalty 5,,,,
Penalty 5 (4),4421733,30000,USPA Gold Cup,March 08. 2020,Unknown,Unknown,Group,Coca-Cola vs Equuleus,Live,Unknown,Chukka 4,Search Livestream,2020,International Polo Club,Unknown,Penalty 5,,Joe Dimenna,Equuleus,,,Attacking 30,108;22,,,,,,,,,,,,,,,
Knock In (8),4678766,40000,USPA Gold Cup,March 08. 2020,Unknown,Unknown,Group,Coca-Cola vs Equuleus,Live,Unknown,Chukka 5,Search Livestream,2020,International Polo Club,Unknown,Knock In,,Julian de Lusarreta,Coca-Cola,,,,,,,,,,,,,,,,,,,
Chukka Length (5),4678766,880226,USPA Gold Cup,March 08. 2020,Unknown,Unknown,Group,Coca-Cola vs Equuleus,Live,Unknown,Chukka 5,Search Livestream,2020,International Polo Club,Unknown,,,,Team,Chukka Length,,,,,,,,,,,,,,,,,,
Throw-in (14),4755666,20000,USPA Gold Cup,March 08. 2020,Unknown,Unknown,Group,Coca-Cola vs Equuleus,Live,Unknown,Chukka 5,Search Livestream,2020,International Polo Club,Unknown,Throw-in,Equuleus win throw-in,Inaki Laprida,Equuleus,,,,,,,,,,,,,,,,,,,
Foul Received (13),4758466,25000,USPA Gold Cup,March 08. 2020,Unknown,Unknown,Group,Coca-Cola vs Equuleus,Live,Unknown,Chukka 5,Search Livestream,2020,International Polo Club,Unknown,,,Nicolas Pieres,Coca-Cola,,,Defending 30,66;275,,,,,,,Foul Received,Turning,,,Penalty 5B,,,,
Foul (13),4758466,25000,USPA Gold Cup,March 08. 2020,Unknown,Unknown,Group,Coca-Cola vs Equuleus,Live,Unknown,Chukka 5,Search Livestream,2020,International Polo Club,Unknown,,,Magoo Laprida,Equuleus,,,Attacking 30,84;27,,,,,,,Foul,Turning,89;72,56;21,Penalty 5B,,,,
Penalty 5b (2),4865500,30000,USPA Gold Cup,March 08. 2020,Unknown,Unknown,Group,Coca-Cola vs Equuleus,Live,Unknown,Chukka 5,Search Livestream,2020,International Polo Club,Unknown,Penalty 5b,,Julian de Lusarreta,Coca-Cola,,,,,,,,,,,,,,,,,,,
Non Call (3),4927200,20000,USPA Gold Cup,March 08. 2020,Unknown,Unknown,Group,Coca-Cola vs Equuleus,Live,Unknown,Chukka 5,Search Livestream,2020,International Polo Club,Unknown,,,,Team,,,,,,,,,,,Non Call,Right of Way,,,,,,,
Knock In (9),5082033,40000,USPA Gold Cup,March 08. 2020,Unknown,Unknown,Group,Coca-Cola vs Equuleus,Live,Unknown,Chukka 5,Search Livestream,2020,International Polo Club,Unknown,Knock In,,Inaki Laprida,Equuleus,,,,,,Inaki Laprida,,,,,,,,,,,,,
Shot At Goal (19),5098133,35000,USPA Gold Cup,March 08. 2020,Unknown,Unknown,Group,Coca-Cola vs Equuleus,Live,Unknown,Chukka 5,Search Livestream,2020,International Polo Club,Unknown,,,Julian de Lusarreta,Coca-Cola,,Shot At Goal,Attacking 60,57;51,Wide,,,,,,,,,,,,,,
Non Call (4),5115300,20000,USPA Gold Cup,March 08. 2020,Unknown,Unknown,Group,Coca-Cola vs Equuleus,Live,Unknown,Chukka 5,Search Livestream,2020,International Polo Club,Unknown,,,,Team,,,,,,,,,,,Non Call,Right of Way,,,,,,,
Knock In (10),5140300,40000,USPA Gold Cup,March 08. 2020,Unknown,Unknown,Group,Coca-Cola vs Equuleus,Live,Unknown,Chukka 5,Search Livestream,2020,International Polo Club,Unknown,Knock In,,Mariano Gonzalez,Equuleus,,,,,,,,,,,,,,,,,,,
Foul Received (14),5153366,25000,USPA Gold Cup,March 08. 2020,Unknown,Unknown,Group,Coca-Cola vs Equuleus,Live,Unknown,Chukka 5,Search Livestream,2020,International Polo Club,Unknown,,,Nicolas Pieres,Coca-Cola,,,Attacking 60,23;74,,,,,,,Foul Received,Dangerous Riding,,,Penalty 40 yards,,,,
Foul (14),5153366,25000,USPA Gold Cup,March 08. 2020,Unknown,Unknown,Group,Coca-Cola vs Equuleus,Live,Unknown,Chukka 5,Search Livestream,2020,International Polo Club,Unknown,,,Magoo Laprida,Equuleus,,,Defending Half,123;226,,,,,,,Foul,Dangerous Riding,52;230,131;195,Penalty 40 yards,,,,
Collision,5162866,15000,USPA Gold Cup,March 08. 2020,Unknown,Unknown,Group,Coca-Cola vs Equuleus,Live,Unknown,Chukka 5,Search Livestream,2020,International Polo Club,Unknown,,,Magoo Laprida,Equuleus,,,,,,,,,,,,,,,,,,,Collision
Goal Coca-Cola (5),5250233,35000,USPA Gold Cup,March 08. 2020,Unknown,Unknown,Group,Coca-Cola vs Equuleus,Live,Unknown,Chukka 5,Search Livestream,2020,International Polo Club,Unknown,,,Nicolas Pieres,Coca-Cola,,,Attacking 30,76;7,,,Goal Coca-Cola,,,,,,,,,,,,
Penalty 40 yards (1),5268533,15000,USPA Gold Cup,March 08. 2020,Unknown,Unknown,Group,Coca-Cola vs Equuleus,Live,Unknown,Chukka 5,Search Livestream,2020,International Polo Club,Unknown,,,Nicolas Pieres,Coca-Cola,,,,,,,,,,,,,,,,Penalty 40 yards,Goal,,
Shot At Goal (20),5287766,35000,USPA Gold Cup,March 08. 2020,Unknown,Unknown,Group,Coca-Cola vs Equuleus,Live,Unknown,Chukka 5,Search Livestream,2020,International Polo Club,Unknown,,,Magoo Laprida,Equuleus,,Shot At Goal,Attacking 30,97;31,Blocked,,,,,,,,,,,,,,
Throw-in (15),5302659,20000,USPA Gold Cup,March 08. 2020,Unknown,Unknown,Group,Coca-Cola vs Equuleus,Live,Unknown,Chukka 5,Search Livestream,2020,International Polo Club,Unknown,Throw-in,Equuleus win throw-in,Magoo Laprida,Equuleus,,,,,,,,,,,,,,,,,,,
Shot Block,5315900,10000,USPA Gold Cup,March 08. 2020,Unknown,Unknown,Group,Coca-Cola vs Equuleus,Live,Unknown,Chukka 5,Search Livestream,2020,International Polo Club,Unknown,,,Julian de Lusarreta,Coca-Cola,,,,,,,,,,,,,,,,,,Shot Block,
Shot At Goal (21),5339366,35000,USPA Gold Cup,March 08. 2020,Unknown,Unknown,Group,Coca-Cola vs Equuleus,Live,Unknown,Chukka 5,Search Livestream,2020,International Polo Club,Unknown,,,Magoo Laprida,Equuleus,,Shot At Goal,Attacking 30,54;18,Post,,,,,,,,,,,,,,
Assist (5),5355300,25000,USPA Gold Cup,March 08. 2020,Unknown,Unknown,Group,Coca-Cola vs Equuleus,Live,Unknown,Chukka 5,Search Livestream,2020,International Polo Club,Unknown,,,Inaki Laprida,Equuleus,,,,,,,,,Unsuccessful,Inaki Laprida,,,,,,,,,
Shot At Goal (22),5486366,35000,USPA Gold Cup,March 08. 2020,Unknown,Unknown,Group,Coca-Cola vs Equuleus,Live,Unknown,Chukka 5,Search Livestream,2020,International Polo Club,Unknown,,,Magoo Laprida,Equuleus,,Shot At Goal,Attacking 60,57;49,Blocked,,,,,,,,,,,,,,
Safety 60,5495933,15000,USPA Gold Cup,March 08. 2020,Unknown,Unknown,Group,Coca-Cola vs Equuleus,Live,Unknown,Chukka 5,Search Livestream,2020,International Polo Club,Unknown,,,Mariano Gonzalez,Equuleus,,,,,,,,,,,,,,,,Safety 60,Blocked,,
Penalty Block (2),5502800,10000,USPA Gold Cup,March 08. 2020,Unknown,Unknown,Group,Coca-Cola vs Equuleus,Live,Unknown,Chukka 5,Search Livestream,2020,International Polo Club,Unknown,,,Steve Krueger,Coca-Cola,,,,,,,,,,,,,,,,,,Penalty Block,
Shot Block (1),5514566,10000,USPA Gold Cup,March 08. 2020,Unknown,Unknown,Group,Coca-Cola vs Equuleus,Live,Unknown,Chukka 5,Search Livestream,2020,International Polo Club,Unknown,,,Gillian Johnston,Coca-Cola,,,,,,,,,,,,,,,,,,Shot Block,
Foul (15),5526266,25000,USPA Gold Cup,March 08. 2020,Unknown,Unknown,Group,Coca-Cola vs Equuleus,Live,Unknown,Chukka 5,Search Livestream,2020,International Polo Club,Unknown,,,Nicolas Pieres,Coca-Cola,,,Defending 60,78;271,,,,,,,Foul,Improper Procedure,136;207,85;197,Penalty 60 yards,,,,
Foul Received (15),5526266,25000,USPA Gold Cup,March 08. 2020,Unknown,Unknown,Group,Coca-Cola vs Equuleus,Live,Unknown,Chukka 5,Search Livestream,2020,International Polo Club,Unknown,,,Mariano Gonzalez,Equuleus,,,Attacking 30,73;25,,,,,,,Foul Received,Improper Procedure,,,Penalty 60 yards,,,,
Yellow Card,5714833,10000,USPA Gold Cup,March 08. 2020,Unknown,Unknown,Group,Coca-Cola vs Equuleus,Live,Unknown,Chukka 6,Search Livestream,2020,International Polo Club,Unknown,,,Nicolas Pieres,Coca-Cola,,,,,,,,,,,Yellow Card,Appealing,,,,,,,
Chukka Length (6),5714833,588847,USPA Gold Cup,March 08. 2020,Unknown,Unknown,Group,Coca-Cola vs Equuleus,Live,Unknown,Chukka 6,Search Livestream,2020,International Polo Club,Unknown,,,,Team,Chukka Length,,,,,,,,,,,,,,,,,,
Penalty 60 yards (2),5766100,15000,USPA Gold Cup,March 08. 2020,Unknown,Unknown,Group,Coca-Cola vs Equuleus,Live,Unknown,Chukka 6,Search Livestream,2020,International Polo Club,Unknown,,,Mariano Gonzalez,Equuleus,,,,,,,,,,,,,,,,Penalty 60 yards,Wide,,
Knock In (11),5785900,40000,USPA Gold Cup,March 08. 2020,Unknown,Unknown,Group,Coca-Cola vs Equuleus,Live,Unknown,Chukka 6,Search Livestream,2020,International Polo Club,Unknown,Knock In,,Julian de Lusarreta,Coca-Cola,,,,,,Nicolas Pieres,,,,,,,,,,,,,
Shot At Goal (23),5796300,35000,USPA Gold Cup,March 08. 2020,Unknown,Unknown,Group,Coca-Cola vs Equuleus,Live,Unknown,Chukka 6,Search Livestream,2020,International Polo Club,Unknown,,,Magoo Laprida,Equuleus,,Shot At Goal,Attacking 60,95;66,Short,,,,,,,,,,,,,,
Shot At Goal (24),5837900,35000,USPA Gold Cup,March 08. 2020,Unknown,Unknown,Group,Coca-Cola vs Equuleus,Live,Unknown,Chukka 6,Search Livestream,2020,International Polo Club,Unknown,,,Mariano Gonzalez,Equuleus,,Shot At Goal,Attacking 30,82;18,Goal,,,,,,,,,,,,,,
Goal Equuleus (6),5839266,35000,USPA Gold Cup,March 08. 2020,Unknown,Unknown,Group,Coca-Cola vs Equuleus,Live,Unknown,Chukka 6,Search Livestream,2020,International Polo Club,Unknown,,,Mariano Gonzalez,Equuleus,,,Attacking 30,81;7,,,Goal Equuleus,,,,,,,,,,,,
Assist (6),5854766,25000,USPA Gold Cup,March 08. 2020,Unknown,Unknown,Group,Coca-Cola vs Equuleus,Live,Unknown,Chukka 6,Search Livestream,2020,International Polo Club,Unknown,,,Inaki Laprida,Equuleus,,,,,,,,,Successful,Inaki Laprida,,,,,,,,,
Foul (16),5890800,25000,USPA Gold Cup,March 08. 2020,Unknown,Unknown,Group,Coca-Cola vs Equuleus,Live,Unknown,Chukka 6,Search Livestream,2020,International Polo Club,Unknown,,,Nicolas Pieres,Coca-Cola,,,Attacking Half,89;130,,,,,,,Foul,Cross/High Hook,60;120,113;159,Penalty 60 yards,,,,
Foul Received (16),5890800,25000,USPA Gold Cup,March 08. 2020,Unknown,Unknown,Group,Coca-Cola vs Equuleus,Live,Unknown,Chukka 6,Search Livestream,2020,International Polo Club,Unknown,,,Magoo Laprida,Equuleus,,,Defending Half,57;166,,,,,,,Foul Received,Cross/High Hook,,,Penalty 60 yards,,,,
Throw-in (16),5894333,20000,USPA Gold Cup,March 08. 2020,Unknown,Unknown,Group,Coca-Cola vs Equuleus,Live,Unknown,Chukka 6,Search Livestream,2020,International Polo Club,Unknown,Throw-in,Equuleus win throw-in,Magoo Laprida,Equuleus,,,,,,,,,,,,,,,,,,,
Penalty 60 yards (3),5962166,15000,USPA Gold Cup,March 08. 2020,Unknown,Unknown,Group,Coca-Cola vs Equuleus,Live,Unknown,Chukka 6,Search Livestream,2020,International Polo Club,Unknown,,,Mariano Gonzalez,Equuleus,,,,,,,,,,,,,,,,Penalty 60 yards,Wide,,
Knock In (12),5981366,40000,USPA Gold Cup,March 08. 2020,Unknown,Unknown,Group,Coca-Cola vs Equuleus,Live,Unknown,Chukka 6,Search Livestream,2020,International Polo Club,Unknown,Knock In,,Julian de Lusarreta,Coca-Cola,,,,,,Nicolas Pieres,,,,,,,,,,,,,
Foul (17),5990766,25000,USPA Gold Cup,March 08. 2020,Unknown,Unknown,Group,Coca-Cola vs Equuleus,Live,Unknown,Chukka 6,Search Livestream,2020,International Polo Club,Unknown,,,Inaki Laprida,Equuleus,,,Defending Half,39;217,,,,,,,Foul,Turning,118;163,19;172,Penalty 30 yards,,,,
Foul Received (17),5991866,25000,USPA Gold Cup,March 08. 2020,Unknown,Unknown,Group,Coca-Cola vs Equuleus,Live,Unknown,Chukka 6,Search Livestream,2020,International Polo Club,Unknown,,,Steve Krueger,Coca-Cola,,,Attacking Half,111;93,,,,,,,Foul Received,Turning,,,Penalty 30 yards,,,,
Goal Coca-Cola (6),6221100,35000,USPA Gold Cup,March 08. 2020,Unknown,Unknown,Group,Coca-Cola vs Equuleus,Live,Unknown,Chukka 6,Search Livestream,2020,International Polo Club,Unknown,,,Nicolas Pieres,Coca-Cola,,,Attacking 30,75;8,,,Goal Coca-Cola,,,,,,,,,,,,
Penalty 30 yards (1),6240200,15000,USPA Gold Cup,March 08. 2020,Unknown,Unknown,Group,Coca-Cola vs Equuleus,Live,Unknown,Chukka 6,Search Livestream,2020,International Polo Club,Unknown,,,Nicolas Pieres,Coca-Cola,,,,,,,,,,,,,,,,Penalty 30 yards,Goal,,
Throw-in (17),6274133,20000,USPA Gold Cup,March 08. 2020,Unknown,Unknown,Group,Coca-Cola vs Equuleus,Live,Unknown,Chukka 6,Search Livestream,2020,International Polo Club,Unknown,Throw-in,Equuleus win throw-in,Inaki Laprida,Equuleus,,,,,,,,,,,,,,,,,,,
Collision (1),6297266,15000,USPA Gold Cup,March 08. 2020,Unknown,Unknown,Group,Coca-Cola vs Equuleus,Live,Unknown,Chukka 6,Search Livestream,2020,International Polo Club,Unknown,,,Joe Dimenna,Equuleus,,,,,,,,,,,,,,,,,,,Collision
Injury Time (1),6303966,47295,USPA Gold Cup,March 08. 2020,Unknown,Unknown,Group,Coca-Cola vs Equuleus,Live,Unknown,Chukka 6,Search Livestream,2020,International Polo Club,Unknown,,,,Team,Injury Time,,,,,,,,,,,,,,,,,,
Knock In (13),6364200,40000,USPA Gold Cup,March 08. 2020,Unknown,Unknown,Group,Coca-Cola vs Equuleus,Live,Unknown,Chukka 6,Search Livestream,2020,International Polo Club,Unknown,Knock In,,Julian de Lusarreta,Coca-Cola,,,,,,,,,,,,,,,,,,,
Chukka Length (7),6364200,565953,USPA Gold Cup,March 08. 2020,Unknown,Unknown,Group,Coca-Cola vs Equuleus,Live,Unknown,Chukka 6,Search Livestream,2020,International Polo Club,Unknown,,,,Team,Chukka Length,,,,,,,,,,,,,,,,,,
Foul Received (18),6379500,25000,USPA Gold Cup,March 08. 2020,Unknown,Unknown,Group,Coca-Cola vs Equuleus,Live,Unknown,Chukka 6,Search Livestream,2020,International Polo Club,Unknown,,,Julian de Lusarreta,Coca-Cola,,,Attacking Half,85;129,,,,,,,Foul Received,Right of Way,,,Penalty 5,,,,
Foul (18),6379500,25000,USPA Gold Cup,March 08. 2020,Unknown,Unknown,Group,Coca-Cola vs Equuleus,Live,Unknown,Chukka 6,Search Livestream,2020,International Polo Club,Unknown,,,Inaki Laprida,Equuleus,,,Defending Half,60;163,,,,,,,Foul,Right of Way,114;188,16;186,Penalty 5,,,,
Penalty 5 (5),6420000,30000,USPA Gold Cup,March 08. 2020,Unknown,Unknown,Group,Coca-Cola vs Equuleus,Live,Unknown,Chukka 6,Search Livestream,2020,International Polo Club,Unknown,Penalty 5,,Nicolas Pieres,Coca-Cola,,,,,,,,,,,,,,,,,,,
Shot At Goal (25),6445433,35000,USPA Gold Cup,March 08. 2020,Unknown,Unknown,Group,Coca-Cola vs Equuleus,Live,Unknown,Chukka 6,Search Livestream,2020,International Polo Club,Unknown,,,Magoo Laprida,Equuleus,,Shot At Goal,Attacking 60,85;57,Wide,,,,,,,,,,,,,,
Knock In (14),6605733,40000,USPA Gold Cup,March 08. 2020,Unknown,Unknown,Group,Coca-Cola vs Equuleus,Live,Unknown,Chukka 6,Search Livestream,2020,International Polo Club,Unknown,Knock In,,Julian de Lusarreta,Coca-Cola,,,,,,Nicolas Pieres,,,,,,,,,,,,,
Knock In (15),6648466,40000,USPA Gold Cup,March 08. 2020,Unknown,Unknown,Group,Coca-Cola vs Equuleus,Live,Unknown,Chukka 6,Search Livestream,2020,International Polo Club,Unknown,Knock In,,Mariano Gonzalez,Equuleus,,,,,,Magoo Laprida,,,,,,,,,,,,,
Shot At Goal (26),6715633,35000,USPA Gold Cup,March 08. 2020,Unknown,Unknown,Group,Coca-Cola vs Equuleus,Live,Unknown,Chukka 6,Search Livestream,2020,International Polo Club,Unknown,,,Inaki Laprida,Equuleus,,Shot At Goal,Attacking 30,76;35,Blocked,,,,,,,,,,,,,,
Foul (19),6736066,25000,USPA Gold Cup,March 08. 2020,Unknown,Unknown,Group,Coca-Cola vs Equuleus,Live,Unknown,Chukka 6,Search Livestream,2020,International Polo Club,Unknown,,,Julian de Lusarreta,Coca-Cola,,,Defending 30,76;276,,,,,,,Foul,Riding Into Shot,39;206,76;294,Penalty 30 yards,,,,
Foul Received (19),6736066,25000,USPA Gold Cup,March 08. 2020,Unknown,Unknown,Group,Coca-Cola vs Equuleus,Live,Unknown,Chukka 6,Search Livestream,2020,International Polo Club,Unknown,,,Inaki Laprida,Equuleus,,,Attacking 30,73;22,,,,,,,Foul Received,Riding Into Shot,,,Penalty 30 yards,,,,
Free Hit,6736466,20000,USPA Gold Cup,March 08. 2020,Unknown,Unknown,Group,Coca-Cola vs Equuleus,Live,Unknown,Chukka 6,Search Livestream,2020,International Polo Club,Unknown,Free Hit,,Mariano Gonzalez,Equuleus,,,,,,,,,,,,,,,,,,,
Goal Equuleus (7),6824433,35000,USPA Gold Cup,March 08. 2020,Unknown,Unknown,Group,Coca-Cola vs Equuleus,Live,Unknown,Chukka 6,Search Livestream,2020,International Polo Club,Unknown,,,Mariano Gonzalez,Equuleus,,,Attacking 30,75;7,,,Goal Equuleus,,,,,,,,,,,,
Penalty 30 yards Spot,6847633,10000,USPA Gold Cup,March 08. 2020,Unknown,Unknown,Group,Coca-Cola vs Equuleus,Live,Unknown,Chukka 6,Search Livestream,2020,International Polo Club,Unknown,,,Mariano Gonzalez,Equuleus,,,,,,,,,,,,,,,,Penalty 30 yards Spot,Goal,,