Name,Position,Duration,Third Umpire,Search Event,Camera Angle,Stage,Year,Umpire 2,Instant Replay Official,Club,Umpire 1,Game,Match Date,Set Play,Chukka,Tournament,Throw-in Outcome,Player,Team,Chukka Length,Shot At Goal,Shot At Goal Outcome,Location,General Field Area,Knock-in Player 2,Foul,Foul Type,Foul Outcome,Umpire Focal,Umpire Trailing,Goal,Highlight Reel,Assist Outcome,Assist,Penalties,Penalty Outcome,Penalty Block
Throw-in,326466,20000,Horton Schwartz,Search Livestream,Live,Group,2020,Eddy Martinez,Darrell Schwetz,International Polo Club,Kevin Fawcett,Coca-Cola vs Palm Beach Equine,January 19. 2020,Throw-in,Chukka 1,Ylvisaker Cup,Palm Beach Equine win throw-in,Gringo Colombres,Palm Beach Equine,,,,,,,,,,,,,,,,,,
Chukka Length,329866,535266,Horton Schwartz,Search Livestream,Live,Group,2020,Eddy Martinez,Darrell Schwetz,International Polo Club,Kevin Fawcett,Coca-Cola vs Palm Beach Equine,January 19. 2020,,Chukka 1,Ylvisaker Cup,,,Team,Chukka Length,,,,,,,,,,,,,,,,,
Shot At Goal,346666,35000,Horton Schwartz,Search Livestream,Live,Group,2020,Eddy Martinez,Darrell Schwetz,International Polo Club,Kevin Fawcett,Coca-Cola vs Palm Beach Equine,January 19. 2020,,Chukka 1,Ylvisaker Cup,,Scott Swerdlin,Palm Beach Equine,,Shot At Goal,Wide,144;77,Attacking Half,,,,,,,,,,,,,
Knock In,401133,40000,Horton Schwartz,Search Livestream,Live,Group,2020,Eddy Martinez,Darrell Schwetz,International Polo Club,Kevin Fawcett,Coca-Cola vs Palm Beach Equine,January 19. 2020,Knock In,Chukka 1,Ylvisaker Cup,,Miguel Novillo Astrada,Coca-Cola,,,,,,Will Johnston,,,,,,,,,,,,
Foul,421566,25000,Horton Schwartz,Search Livestream,Live,Group,2020,Eddy Martinez,Darrell Schwetz,International Polo Club,Kevin Fawcett,Coca-Cola vs Palm Beach Equine,January 19. 2020,,Chukka 1,Ylvisaker Cup,,Gonzalo Ferrari,Palm Beach Equine,,,,2;88,Attacking Half,,Foul,Blocking,Penalty 5,4;99,85;72,,,,,,,
Foul Received,421566,25000,Horton Schwartz,Search Livestream,Live,Group,2020,Eddy Martinez,Darrell Schwetz,International Polo Club,Kevin Fawcett,Coca-Cola vs Palm Beach Equine,January 19. 2020,,Chukka 1,Ylvisaker Cup,,Sugar Erskine,Coca-Cola,,,,146;215,Defending Half,,Foul Received,Blocking,Penalty 5,,,,,,,,,
Shot At Goal (1),463466,35000,Horton Schwartz,Search Livestream,Live,Group,2020,Eddy Martinez,Darrell Schwetz,International Polo Club,Kevin Fawcett,Coca-Cola vs Palm Beach Equine,January 19. 2020,,Chukka 1,Ylvisaker Cup,,Miguel Novillo Astrada,Coca-Cola,,Shot At Goal,Goal,94;101,Attacking Half,,,,,,,,,,,,,
Goal Coca-Cola,467866,35000,Horton Schwartz,Search Livestream,Live,Group,2020,Eddy Martinez,Darrell Schwetz,International Polo Club,Kevin Fawcett,Coca-Cola vs Palm Beach Equine,January 19. 2020,,Chukka 1,Ylvisaker Cup,,Miguel Novillo Astrada,Coca-Cola,,,,,,,,,,,,Goal Coca-Cola,Goals,,,,,
Penalty 5,468700,30000,Horton Schwartz,Search Livestream,Live,Group,2020,Eddy Martinez,Darrell Schwetz,International Polo Club,Kevin Fawcett,Coca-Cola vs Palm Beach Equine,January 19. 2020,Penalty 5,Chukka 1,Ylvisaker Cup,,Miguel Novillo Astrada,Coca-Cola,,,,,,,,,,,,,,,,,,
Throw-in (1),520233,20000,Horton Schwartz,Search Livestream,Live,Group,2020,Eddy Martinez,Darrell Schwetz,International Polo Club,Kevin Fawcett,Coca-Cola vs Palm Beach Equine,January 19. 2020,Throw-in,Chukka 1,Ylvisaker Cup,Coca-Cola win throw-in,Miguel Novillo Astrada,Coca-Cola,,,,,,,,,,,,,,,,,,
Foul (1),524933,25000,Horton Schwartz,Search Livestream,Live,Group,2020,Eddy Martinez,Darrell Schwetz,International Polo Club,Kevin Fawcett,Coca-Cola vs Palm Beach Equine,January 19. 2020,,Chukka 1,Ylvisaker Cup,,Gillian Johnston,Coca-Cola,,,,87;118,Attacking Half,,Foul,Right of Way,Penalty 5,77;138,77;133,,,,,,,
Foul Received (1),524933,25000,Horton Schwartz,Search Livestream,Live,Group,2020,Eddy Martinez,Darrell Schwetz,International Polo Club,Kevin Fawcett,Coca-Cola vs Palm Beach Equine,January 19. 2020,,Chukka 1,Ylvisaker Cup,,Gringo Colombres,Palm Beach Equine,,,,108;181,Defending Half,,Foul Received,Right of Way,Penalty 5,,,,,,,,,
Shot At Goal (2),555433,35000,Horton Schwartz,Search Livestream,Live,Group,2020,Eddy Martinez,Darrell Schwetz,International Polo Club,Kevin Fawcett,Coca-Cola vs Palm Beach Equine,January 19. 2020,,Chukka 1,Ylvisaker Cup,,Lucas Diaz Alberdi,Palm Beach Equine,,Shot At Goal,Goal,76;121,Attacking Half,,,,,,,,,,,,,
Goal Palm Beach Equine,559300,35000,Horton Schwartz,Search Livestream,Live,Group,2020,Eddy Martinez,Darrell Schwetz,International Polo Club,Kevin Fawcett,Coca-Cola vs Palm Beach Equine,January 19. 2020,,Chukka 1,Ylvisaker Cup,,Lucas Diaz Alberdi,Palm Beach Equine,,,,,,,,,,,,Goal Palm Beach Equine,Goals,,,,,
Penalty 5 (1),563333,30000,Horton Schwartz,Search Livestream,Live,Group,2020,Eddy Martinez,Darrell Schwetz,International Polo Club,Kevin Fawcett,Coca-Cola vs Palm Beach Equine,January 19. 2020,Penalty 5,Chukka 1,Ylvisaker Cup,,Gringo Colombres,Palm Beach Equine,,,,,,,,,,,,,,,,,,
Assist,574300,25000,Horton Schwartz,Search Livestream,Live,Group,2020,Eddy Martinez,Darrell Schwetz,International Polo Club,Kevin Fawcett,Coca-Cola vs Palm Beach Equine,January 19. 2020,,Chukka 1,Ylvisaker Cup,,Gringo Colombres,Palm Beach Equine,,,,,,,,,,,,,,Successful,Gringo Colombres,,,
Throw-in (2),614100,20000,Horton Schwartz,Search Livestream,Live,Group,2020,Eddy Martinez,Darrell Schwetz,International Polo Club,Kevin Fawcett,Coca-Cola vs Palm Beach Equine,January 19. 2020,Throw-in,Chukka 1,Ylvisaker Cup,Coca-Cola win throw-in,Will Johnston,Coca-Cola,,,,,,,,,,,,,,,,,,
Shot At Goal (3),633633,35000,Horton Schwartz,Search Livestream,Live,Group,2020,Eddy Martinez,Darrell Schwetz,International Polo Club,Kevin Fawcett,Coca-Cola vs Palm Beach Equine,January 19. 2020,,Chukka 1,Ylvisaker Cup,,Gonzalo Ferrari,Palm Beach Equine,,Shot At Goal,Goal,86;15,Attacking 30,,,,,,,,,,,,,
Goal Palm Beach Equine (1),634433,35000,Horton Schwartz,Search Livestream,Live,Group,2020,Eddy Martinez,Darrell Schwetz,International Polo Club,Kevin Fawcett,Coca-Cola vs Palm Beach Equine,January 19. 2020,,Chukka 1,Ylvisaker Cup,,Gonzalo Ferrari,Palm Beach Equine,,,,,,,,,,,,Goal Palm Beach Equine,,,,,,
Shot At Goal (4),688866,35000,Horton Schwartz,Search Livestream,Live,Group,2020,Eddy Martinez,Darrell Schwetz,International Polo Club,Kevin Fawcett,Coca-Cola vs Palm Beach Equine,January 19. 2020,,Chukka 1,Ylvisaker Cup,,Gillian Johnston,Coca-Cola,,Shot At Goal,Short,91;24,Attacking 30,,,,,,,,,,,,,
Throw-in (3),699166,20000,Horton Schwartz,Search Livestream,Live,Group,2020,Eddy Martinez,Darrell Schwetz,International Polo Club,Kevin Fawcett,Coca-Cola vs Palm Beach Equine,January 19. 2020,Throw-in,Chukka 1,Ylvisaker Cup,Coca-Cola win throw-in,Miguel Novillo Astrada,Coca-Cola,,,,,,,,,,,,,,,,,,
Assist (1),703866,25000,Horton Schwartz,Search Livestream,Live,Group,2020,Eddy Martinez,Darrell Schwetz,International Polo Club,Kevin Fawcett,Coca-Cola vs Palm Beach Equine,January 19. 2020,,Chukka 1,Ylvisaker Cup,,Miguel Novillo Astrada,Coca-Cola,,,,,,,,,,,,,,Unsuccessful,Miguel Novillo Astrada,,,
Shot At Goal (5),802100,35000,Horton Schwartz,Search Livestream,Live,Group,2020,Eddy Martinez,Darrell Schwetz,International Polo Club,Kevin Fawcett,Coca-Cola vs Palm Beach Equine,January 19. 2020,,Chukka 1,Ylvisaker Cup,,Will Johnston,Coca-Cola,,Shot At Goal,Goal,85;22,Attacking 30,,,,,,,,,,,,,
Goal Coca-Cola (1),803700,35000,Horton Schwartz,Search Livestream,Live,Group,2020,Eddy Martinez,Darrell Schwetz,International Polo Club,Kevin Fawcett,Coca-Cola vs Palm Beach Equine,January 19. 2020,,Chukka 1,Ylvisaker Cup,,Will Johnston,Coca-Cola,,,,,,,,,,,,Goal Coca-Cola,,,,,,
Shot At Goal (6),1015866,35000,Horton Schwartz,Search Livestream,Live,Group,2020,Eddy Martinez,Darrell Schwetz,International Polo Club,Kevin Fawcett,Coca-Cola vs Palm Beach Equine,January 19. 2020,,Chukka 2,Ylvisaker Cup,,Gonzalo Ferrari,Palm Beach Equine,,Shot At Goal,Goal,81;29,Attacking 30,,,,,,,,,,,,,
Goal Palm Beach Equine (2),1020100,35000,Horton Schwartz,Search Livestream,Live,Group,2020,Eddy Martinez,Darrell Schwetz,International Polo Club,Kevin Fawcett,Coca-Cola vs Palm Beach Equine,January 19. 2020,,Chukka 2,Ylvisaker Cup,,Gonzalo Ferrari,Palm Beach Equine,,,,,,,,,,,,Goal Palm Beach Equine,,,,,,
Chukka Length (1),1020733,674600,Horton Schwartz,Search Livestream,Live,Group,2020,Eddy Martinez,Darrell Schwetz,International Polo Club,Kevin Fawcett,Coca-Cola vs Palm Beach Equine,January 19. 2020,,Chukka 2,Ylvisaker Cup,,,Team,Chukka Length,,,,,,,,,,,,,,,,,
Throw-in (4),1021166,20000,Horton Schwartz,Search Livestream,Live,Group,2020,Eddy Martinez,Darrell Schwetz,International Polo Club,Kevin Fawcett,Coca-Cola vs Palm Beach Equine,January 19. 2020,Throw-in,Chukka 2,Ylvisaker Cup,Coca-Cola win throw-in,Unknown,Coca-Cola,,,,,,,,,,,,,,,,,,
Assist (2),1035100,25000,Horton Schwartz,Search Livestream,Live,Group,2020,Eddy Martinez,Darrell Schwetz,International Polo Club,Kevin Fawcett,Coca-Cola vs Palm Beach Equine,January 19. 2020,,Chukka 2,Ylvisaker Cup,,Lucas Diaz Alberdi,Palm Beach Equine,,,,,,,,,,,,,,Successful,Lucas Diaz Alberdi,,,
Throw-in (5),1075233,20000,Horton Schwartz,Search Livestream,Live,Group,2020,Eddy Martinez,Darrell Schwetz,International Polo Club,Kevin Fawcett,Coca-Cola vs Palm Beach Equine,January 19. 2020,Throw-in,Chukka 2,Ylvisaker Cup,Coca-Cola win throw-in,Gillian Johnston,Coca-Cola,,,,,,,,,,,,,,,,,,
Foul (2),1094233,25000,Horton Schwartz,Search Livestream,Live,Group,2020,Eddy Martinez,Darrell Schwetz,International Polo Club,Kevin Fawcett,Coca-Cola vs Palm Beach Equine,January 19. 2020,,Chukka 2,Ylvisaker Cup,,Gringo Colombres,Palm Beach Equine,,,,21;288,Defending 30,,Foul,Reaching,Penalty 30 yards,75;240,76;285,,,,,,,
Foul Received (2),1094233,25000,Horton Schwartz,Search Livestream,Live,Group,2020,Eddy Martinez,Darrell Schwetz,International Polo Club,Kevin Fawcett,Coca-Cola vs Palm Beach Equine,January 19. 2020,,Chukka 2,Ylvisaker Cup,,Miguel Novillo Astrada,Coca-Cola,,,,129;12,Attacking 30,,Foul Received,Reaching,Penalty 30 yards,,,,,,,,,
Goal Coca-Cola (2),1155600,35000,Horton Schwartz,Search Livestream,Live,Group,2020,Eddy Martinez,Darrell Schwetz,International Polo Club,Kevin Fawcett,Coca-Cola vs Palm Beach Equine,January 19. 2020,,Chukka 2,Ylvisaker Cup,,Miguel Novillo Astrada,Coca-Cola,,,,,,,,,,,,Goal Coca-Cola,,,,,,
Penalty 30 yards,1173820,15000,Horton Schwartz,Search Livestream,Live,Group,2020,Eddy Martinez,Darrell Schwetz,International Polo Club,Kevin Fawcett,Coca-Cola vs Palm Beach Equine,January 19. 2020,,Chukka 2,Ylvisaker Cup,,Miguel Novillo Astrada,Coca-Cola,,,,,,,,,,,,,,,,Penalty 30 yards,Goal,
Throw-in (6),1215200,20000,Horton Schwartz,Search Livestream,Live,Group,2020,Eddy Martinez,Darrell Schwetz,International Polo Club,Kevin Fawcett,Coca-Cola vs Palm Beach Equine,January 19. 2020,Throw-in,Chukka 2,Ylvisaker Cup,Coca-Cola win throw-in,Miguel Novillo Astrada,Coca-Cola,,,,,,,,,,,,,,,,,,
Non Call,1239766,20000,Horton Schwartz,Search Livestream,Live,Group,2020,Eddy Martinez,Darrell Schwetz,International Polo Club,Kevin Fawcett,Coca-Cola vs Palm Beach Equine,January 19. 2020,,Chukka 2,Ylvisaker Cup,,,Team,,,,,,,Non Call,Riding Into Shot,,,,,,,,,,
Shot At Goal (7),1245333,35000,Horton Schwartz,Search Livestream,Live,Group,2020,Eddy Martinez,Darrell Schwetz,International Polo Club,Kevin Fawcett,Coca-Cola vs Palm Beach Equine,January 19. 2020,,Chukka 2,Ylvisaker Cup,,Sugar Erskine,Coca-Cola,,Shot At Goal,Short,11;57,Attacking 60,,,,,,,,,,,,,
Assist (3),1260090,25000,Horton Schwartz,Search Livestream,Live,Group,2020,Eddy Martinez,Darrell Schwetz,International Polo Club,Kevin Fawcett,Coca-Cola vs Palm Beach Equine,January 19. 2020,,Chukka 2,Ylvisaker Cup,,Miguel Novillo Astrada,Coca-Cola,,,,,,,,,,,,,,Unsuccessful,Miguel Novillo Astrada,,,
Foul (3),1279800,25000,Horton Schwartz,Search Livestream,Live,Group,2020,Eddy Martinez,Darrell Schwetz,International Polo Club,Kevin Fawcett,Coca-Cola vs Palm Beach Equine,January 19. 2020,,Chukka 2,Ylvisaker Cup,,Will Johnston,Coca-Cola,,,,102;112,Attacking Half,,Foul,Riding Into Shot,Reversed Call,128;109,26;153,,,,,,,
Foul Received (3),1279800,25000,Horton Schwartz,Search Livestream,Live,Group,2020,Eddy Martinez,Darrell Schwetz,International Polo Club,Kevin Fawcett,Coca-Cola vs Palm Beach Equine,January 19. 2020,,Chukka 2,Ylvisaker Cup,,Gringo Colombres,Palm Beach Equine,,,,38;193,Defending Half,,Foul Received,Riding Into Shot,Reversed Call,,,,,,,,,
Throw-in (7),1399766,20000,Horton Schwartz,Search Livestream,Live,Group,2020,Eddy Martinez,Darrell Schwetz,International Polo Club,Kevin Fawcett,Coca-Cola vs Palm Beach Equine,January 19. 2020,Throw-in,Chukka 2,Ylvisaker Cup,Palm Beach Equine win throw-in,Gringo Colombres,Palm Beach Equine,,,,,,,,,,,,,,,,,,
Foul (4),1404433,25000,Horton Schwartz,Search Livestream,Live,Group,2020,Eddy Martinez,Darrell Schwetz,International Polo Club,Kevin Fawcett,Coca-Cola vs Palm Beach Equine,January 19. 2020,,Chukka 2,Ylvisaker Cup,,Lucas Diaz Alberdi,Palm Beach Equine,,,,10;195,Defending Half,,Foul,Turning,Reversed Call,23;152,78;172,,,,,,,
Foul Received (4),1405166,25000,Horton Schwartz,Search Livestream,Live,Group,2020,Eddy Martinez,Darrell Schwetz,International Polo Club,Kevin Fawcett,Coca-Cola vs Palm Beach Equine,January 19. 2020,,Chukka 2,Ylvisaker Cup,,Will Johnston,Coca-Cola,,,,131;111,Attacking Half,,Foul Received,Turning,Reversed Call,,,,,,,,,
Shot At Goal (8),1436666,35000,Horton Schwartz,Search Livestream,Live,Group,2020,Eddy Martinez,Darrell Schwetz,International Polo Club,Kevin Fawcett,Coca-Cola vs Palm Beach Equine,January 19. 2020,,Chukka 2,Ylvisaker Cup,,Gonzalo Ferrari,Palm Beach Equine,,Shot At Goal,Goal,83;9,Attacking 30,,,,,,,,,,,,,
Goal Palm Beach Equine (3),1439666,35000,Horton Schwartz,Search Livestream,Live,Group,2020,Eddy Martinez,Darrell Schwetz,International Polo Club,Kevin Fawcett,Coca-Cola vs Palm Beach Equine,January 19. 2020,,Chukka 2,Ylvisaker Cup,,Gonzalo Ferrari,Palm Beach Equine,,,,,,,,,,,,Goal Palm Beach Equine,,,,,,
Throw-in (8),1446100,20000,Horton Schwartz,Search Livestream,Live,Group,2020,Eddy Martinez,Darrell Schwetz,International Polo Club,Kevin Fawcett,Coca-Cola vs Palm Beach Equine,January 19. 2020,Throw-in,Chukka 2,Ylvisaker Cup,Palm Beach Equine win throw-in,Gringo Colombres,Palm Beach Equine,,,,,,,,,,,,,,,,,,
Assist (4),1454666,25000,Horton Schwartz,Search Livestream,Live,Group,2020,Eddy Martinez,Darrell Schwetz,International Polo Club,Kevin Fawcett,Coca-Cola vs Palm Beach Equine,January 19. 2020,,Chukka 2,Ylvisaker Cup,,Gringo Colombres,Palm Beach Equine,,,,,,,,,,,,,,Successful,Gringo Colombres,,,
Shot At Goal (9),1482600,35000,Horton Schwartz,Search Livestream,Live,Group,2020,Eddy Martinez,Darrell Schwetz,International Polo Club,Kevin Fawcett,Coca-Cola vs Palm Beach Equine,January 19. 2020,,Chukka 2,Ylvisaker Cup,,Lucas Diaz Alberdi,Palm Beach Equine,,Shot At Goal,Blocked,8;118,Attacking Half,,,,,,,,,,,,,
Throw-in (9),1497333,20000,Horton Schwartz,Search Livestream,Live,Group,2020,Eddy Martinez,Darrell Schwetz,International Polo Club,Kevin Fawcett,Coca-Cola vs Palm Beach Equine,January 19. 2020,Throw-in,Chukka 2,Ylvisaker Cup,Palm Beach Equine win throw-in,Lucas Diaz Alberdi,Palm Beach Equine,,,,,,,,,,,,,,,,,,
Shot Block,1513933,10000,Horton Schwartz,Search Livestream,Live,Group,2020,Eddy Martinez,Darrell Schwetz,International Polo Club,Kevin Fawcett,Coca-Cola vs Palm Beach Equine,January 19. 2020,,Chukka 2,Ylvisaker Cup,,Miguel Novillo Astrada,Coca-Cola,,,,,,,,,,,,,,,,,,Shot Block
Shot At Goal (10),1546933,35000,Horton Schwartz,Search Livestream,Live,Group,2020,Eddy Martinez,Darrell Schwetz,International Polo Club,Kevin Fawcett,Coca-Cola vs Palm Beach Equine,January 19. 2020,,Chukka 2,Ylvisaker Cup,,Sugar Erskine,Coca-Cola,,Shot At Goal,Wide,128;22,Attacking 30,,,,,,,,,,,,,
Assist (5),1566233,25000,Horton Schwartz,Search Livestream,Live,Group,2020,Eddy Martinez,Darrell Schwetz,International Polo Club,Kevin Fawcett,Coca-Cola vs Palm Beach Equine,January 19. 2020,,Chukka 2,Ylvisaker Cup,,Miguel Novillo Astrada,Coca-Cola,,,,,,,,,,,,,,Unsuccessful,Miguel Novillo Astrada,,,
Knock In (1),1591733,40000,Horton Schwartz,Search Livestream,Live,Group,2020,Eddy Martinez,Darrell Schwetz,International Polo Club,Kevin Fawcett,Coca-Cola vs Palm Beach Equine,January 19. 2020,Knock In,Chukka 2,Ylvisaker Cup,,Gringo Colombres,Palm Beach Equine,,,,,,,,,,,,,,,,,,
Non Call (1),1639433,20000,Horton Schwartz,Search Livestream,Live,Group,2020,Eddy Martinez,Darrell Schwetz,International Polo Club,Kevin Fawcett,Coca-Cola vs Palm Beach Equine,January 19. 2020,,Chukka 2,Ylvisaker Cup,,,Team,,,,,,,Non Call,Reaching,,,,,,,,,,
Foul (5),1667266,25000,Horton Schwartz,Search Livestream,Live,Group,2020,Eddy Martinez,Darrell Schwetz,International Polo Club,Kevin Fawcett,Coca-Cola vs Palm Beach Equine,January 19. 2020,,Chukka 2,Ylvisaker Cup,,Miguel Novillo Astrada,Coca-Cola,,,,53;88,Attacking Half,,Foul,Right of Way,Penalty 60 yards,59;112,135;80,,,,,,,
Foul Received (5),1667266,25000,Horton Schwartz,Search Livestream,Live,Group,2020,Eddy Martinez,Darrell Schwetz,International Polo Club,Kevin Fawcett,Coca-Cola vs Palm Beach Equine,January 19. 2020,,Chukka 2,Ylvisaker Cup,,Gonzalo Ferrari,Palm Beach Equine,,,,107;238,Defending 60,,Foul Received,Right of Way,Penalty 60 yards,,,,,,,,,
Penalty 60 yards,1962466,15000,Horton Schwartz,Search Livestream,Live,Group,2020,Eddy Martinez,Darrell Schwetz,International Polo Club,Kevin Fawcett,Coca-Cola vs Palm Beach Equine,January 19. 2020,,Chukka 3,Ylvisaker Cup,,Gringo Colombres,Palm Beach Equine,,,,,,,,,,,,,,,,Penalty 60 yards,Short,
Foul (6),1964500,25000,Horton Schwartz,Search Livestream,Live,Group,2020,Eddy Martinez,Darrell Schwetz,International Polo Club,Kevin Fawcett,Coca-Cola vs Palm Beach Equine,January 19. 2020,,Chukka 3,Ylvisaker Cup,,Gringo Colombres,Palm Beach Equine,,,,60;83,Attacking Half,,Foul,Right of Way,Penalty 60 yards,53;90,99;31,,,,,,,
Foul Received (6),1964500,25000,Horton Schwartz,Search Livestream,Live,Group,2020,Eddy Martinez,Darrell Schwetz,International Polo Club,Kevin Fawcett,Coca-Cola vs Palm Beach Equine,January 19. 2020,,Chukka 3,Ylvisaker Cup,,Sugar Erskine,Coca-Cola,,,,100;226,Defending 60,,Foul Received,Right of Way,Penalty 60 yards,,,,,,,,,
Chukka Length (2),1970700,614432,Horton Schwartz,Search Livestream,Live,Group,2020,Eddy Martinez,Darrell Schwetz,International Polo Club,Kevin Fawcett,Coca-Cola vs Palm Beach Equine,January 19. 2020,,Chukka 3,Ylvisaker Cup,,,Team,Chukka Length,,,,,,,,,,,,,,,,,
Penalty 60 yards (1),2053866,15000,Horton Schwartz,Search Livestream,Live,Group,2020,Eddy Martinez,Darrell Schwetz,International Polo Club,Kevin Fawcett,Coca-Cola vs Palm Beach Equine,January 19. 2020,,Chukka 3,Ylvisaker Cup,,Miguel Novillo Astrada,Coca-Cola,,,,,,,,,,,,,,,,Penalty 60 yards,Blocked,
Penalty Block,2061666,10000,Horton Schwartz,Search Livestream,Live,Group,2020,Eddy Martinez,Darrell Schwetz,International Polo Club,Kevin Fawcett,Coca-Cola vs Palm Beach Equine,January 19. 2020,,Chukka 3,Ylvisaker Cup,,Gonzalo Ferrari,Palm Beach Equine,,,,,,,,,,,,,,,,,,Penalty Block
Shot At Goal (11),2089266,35000,Horton Schwartz,Search Livestream,Live,Group,2020,Eddy Martinez,Darrell Schwetz,International Polo Club,Kevin Fawcett,Coca-Cola vs Palm Beach Equine,January 19. 2020,,Chukka 3,Ylvisaker Cup,,Sugar Erskine,Coca-Cola,,Shot At Goal,Miss Hit,62;36,Attacking 30,,,,,,,,,,,,,
Shot At Goal (12),2124033,35000,Horton Schwartz,Search Livestream,Live,Group,2020,Eddy Martinez,Darrell Schwetz,International Polo Club,Kevin Fawcett,Coca-Cola vs Palm Beach Equine,January 19. 2020,,Chukka 3,Ylvisaker Cup,,Sugar Erskine,Coca-Cola,,Shot At Goal,Goal,94;61,Attacking 60,,,,,,,,,,,,,
Goal Coca-Cola (3),2129800,35000,Horton Schwartz,Search Livestream,Live,Group,2020,Eddy Martinez,Darrell Schwetz,International Polo Club,Kevin Fawcett,Coca-Cola vs Palm Beach Equine,January 19. 2020,,Chukka 3,Ylvisaker Cup,,Sugar Erskine,Coca-Cola,,,,,,,,,,,,Goal Coca-Cola,,,,,,
Shot At Goal (13),2179466,35000,Horton Schwartz,Search Livestream,Live,Group,2020,Eddy Martinez,Darrell Schwetz,International Polo Club,Kevin Fawcett,Coca-Cola vs Palm Beach Equine,January 19. 2020,,Chukka 3,Ylvisaker Cup,,Lucas Diaz Alberdi,Palm Beach Equine,,Shot At Goal,Blocked,64;92,Attacking Half,,,,,,,,,,,,,
Throw-in (10),2187482,20000,Horton Schwartz,Search Livestream,Live,Group,2020,Eddy Martinez,Darrell Schwetz,International Polo Club,Kevin Fawcett,Coca-Cola vs Palm Beach Equine,January 19. 2020,Throw-in,Chukka 3,Ylvisaker Cup,Palm Beach Equine win throw-in,Gonzalo Ferrari,Palm Beach Equine,,,,,,,,,,,,,,,,,,
Assist (6),2199566,25000,Horton Schwartz,Search Livestream,Live,Group,2020,Eddy Martinez,Darrell Schwetz,International Polo Club,Kevin Fawcett,Coca-Cola vs Palm Beach Equine,January 19. 2020,,Chukka 3,Ylvisaker Cup,,Gonzalo Ferrari,Palm Beach Equine,,,,,,,,,,,,,,Unsuccessful,Gonzalo Ferrari,,,
Shot Block (1),2209566,10000,Horton Schwartz,Search Livestream,Live,Group,2020,Eddy Martinez,Darrell Schwetz,International Polo Club,Kevin Fawcett,Coca-Cola vs Palm Beach Equine,January 19. 2020,,Chukka 3,Ylvisaker Cup,,Miguel Novillo Astrada,Coca-Cola,,,,,,,,,,,,,,,,,,Shot Block
Shot At Goal (14),2213666,35000,Horton Schwartz,Search Livestream,Live,Group,2020,Eddy Martinez,Darrell Schwetz,International Polo Club,Kevin Fawcett,Coca-Cola vs Palm Beach Equine,January 19. 2020,,Chukka 3,Ylvisaker Cup,,Gringo Colombres,Palm Beach Equine,,Shot At Goal,Goal,79;33,Attacking 30,,,,,,,,,,,,,
Goal Palm Beach Equine (4),2214933,35000,Horton Schwartz,Search Livestream,Live,Group,2020,Eddy Martinez,Darrell Schwetz,International Polo Club,Kevin Fawcett,Coca-Cola vs Palm Beach Equine,January 19. 2020,,Chukka 3,Ylvisaker Cup,,Gringo Colombres,Palm Beach Equine,,,,,,,,,,,,Goal Palm Beach Equine,,,,,,
Goal Palm Beach Equine (5),2274300,35000,Horton Schwartz,Search Livestream,Live,Group,2020,Eddy Martinez,Darrell Schwetz,International Polo Club,Kevin Fawcett,Coca-Cola vs Palm Beach Equine,January 19. 2020,,Chukka 3,Ylvisaker Cup,,Gonzalo Ferrari,Palm Beach Equine,,,,,,,,,,,,Goal Palm Beach Equine,,,,,,
Shot At Goal (15),2274300,35000,Horton Schwartz,Search Livestream,Live,Group,2020,Eddy Martinez,Darrell Schwetz,International Polo Club,Kevin Fawcett,Coca-Cola vs Palm Beach Equine,January 19. 2020,,Chukka 3,Ylvisaker Cup,,Gonzalo Ferrari,Palm Beach Equine,,Shot At Goal,Goal,72;31,Attacking 30,,,,,,,,,,,,,
Throw-in (11),2274566,20000,Horton Schwartz,Search Livestream,Live,Group,2020,Eddy Martinez,Darrell Schwetz,International Polo Club,Kevin Fawcett,Coca-Cola vs Palm Beach Equine,January 19. 2020,Throw-in,Chukka 3,Ylvisaker Cup,Palm Beach Equine win throw-in,Gonzalo Ferrari,Palm Beach Equine,,,,,,,,,,,,,,,,,,
Throw-in (12),2335900,20000,Horton Schwartz,Search Livestream,Live,Group,2020,Eddy Martinez,Darrell Schwetz,International Polo Club,Kevin Fawcett,Coca-Cola vs Palm Beach Equine,January 19. 2020,Throw-in,Chukka 3,Ylvisaker Cup,Coca-Cola win throw-in,Will Johnston,Coca-Cola,,,,,,,,,,,,,,,,,,
Foul (7),2359400,25000,Horton Schwartz,Search Livestream,Live,Group,2020,Eddy Martinez,Darrell Schwetz,International Polo Club,Kevin Fawcett,Coca-Cola vs Palm Beach Equine,January 19. 2020,,Chukka 3,Ylvisaker Cup,,Gringo Colombres,Palm Beach Equine,,,,104;292,Defending 30,,Foul,Blocking,Penalty 30 yards,80;216,137;262,,,,,,,
Foul Received (7),2391400,25000,Horton Schwartz,Search Livestream,Live,Group,2020,Eddy Martinez,Darrell Schwetz,International Polo Club,Kevin Fawcett,Coca-Cola vs Palm Beach Equine,January 19. 2020,,Chukka 3,Ylvisaker Cup,,Sugar Erskine,Coca-Cola,,,,51;4,Attacking 30,,Foul Received,Blocking,Penalty 30 yards,,,,,,,,,
Goal Coca-Cola (4),2408533,35000,Horton Schwartz,Search Livestream,Live,Group,2020,Eddy Martinez,Darrell Schwetz,International Polo Club,Kevin Fawcett,Coca-Cola vs Palm Beach Equine,January 19. 2020,,Chukka 3,Ylvisaker Cup,,Miguel Novillo Astrada,Coca-Cola,,,,,,,,,,,,Goal Coca-Cola,,,,,,
Penalty 30 yards Spot,2431108,10000,Horton Schwartz,Search Livestream,Live,Group,2020,Eddy Martinez,Darrell Schwetz,International Polo Club,Kevin Fawcett,Coca-Cola vs Palm Beach Equine,January 19. 2020,,Chukka 3,Ylvisaker Cup,,Miguel Novillo Astrada,Coca-Cola,,,,,,,,,,,,,,,,Penalty 30 yards Spot,Goal,
Throw-in (13),2466000,20000,Horton Schwartz,Search Livestream,Live,Group,2020,Eddy Martinez,Darrell Schwetz,International Polo Club,Kevin Fawcett,Coca-Cola vs Palm Beach Equine,January 19. 2020,Throw-in,Chukka 3,Ylvisaker Cup,Palm Beach Equine win throw-in,Gringo Colombres,Palm Beach Equine,,,,,,,,,,,,,,,,,,
Foul (8),2475566,25000,Horton Schwartz,Search Livestream,Live,Group,2020,Eddy Martinez,Darrell Schwetz,International Polo Club,Kevin Fawcett,Coca-Cola vs Palm Beach Equine,January 19. 2020,,Chukka 3,Ylvisaker Cup,,Will Johnston,Coca-Cola,,,,35;67,Attacking 60,,Foul,Reaching,Penalty 5,46;106,101;71,,,,,,,
Foul Received (8),2475566,25000,Horton Schwartz,Search Livestream,Live,Group,2020,Eddy Martinez,Darrell Schwetz,International Polo Club,Kevin Fawcett,Coca-Cola vs Palm Beach Equine,January 19. 2020,,Chukka 3,Ylvisaker Cup,,Scott Swerdlin,Palm Beach Equine,,,,121;216,Defending Half,,Foul Received,Reaching,Penalty 5,,,,,,,,,
Shot At Goal (16),2520833,35000,Horton Schwartz,Search Livestream,Live,Group,2020,Eddy Martinez,Darrell Schwetz,International Polo Club,Kevin Fawcett,Coca-Cola vs Palm Beach Equine,January 19. 2020,,Chukka 3,Ylvisaker Cup,,Lucas Diaz Alberdi,Palm Beach Equine,,Shot At Goal,Goal,69;11,Attacking 30,,,,,,,,,,,,,
Penalty 5 (2),2521800,30000,Horton Schwartz,Search Livestream,Live,Group,2020,Eddy Martinez,Darrell Schwetz,International Polo Club,Kevin Fawcett,Coca-Cola vs Palm Beach Equine,January 19. 2020,Penalty 5,Chukka 3,Ylvisaker Cup,,Gonzalo Ferrari,Palm Beach Equine,,,,,,,,,,,,,,,,,,
Goal Palm Beach Equine (6),2522766,35000,Horton Schwartz,Search Livestream,Live,Group,2020,Eddy Martinez,Darrell Schwetz,International Polo Club,Kevin Fawcett,Coca-Cola vs Palm Beach Equine,January 19. 2020,,Chukka 3,Ylvisaker Cup,,Lucas Diaz Alberdi,Palm Beach Equine,,,,,,,,,,,,Goal Palm Beach Equine,,,,,,
Assist (7),2537766,25000,Horton Schwartz,Search Livestream,Live,Group,2020,Eddy Martinez,Darrell Schwetz,International Polo Club,Kevin Fawcett,Coca-Cola vs Palm Beach Equine,January 19. 2020,,Chukka 3,Ylvisaker Cup,,Gonzalo Ferrari,Palm Beach Equine,,,,,,,,,,,,,,Successful,Gonzalo Ferrari,,,
Shot At Goal (17),3155300,35000,Horton Schwartz,Search Livestream,Live,Group,2020,Eddy Martinez,Darrell Schwetz,International Polo Club,Kevin Fawcett,Coca-Cola vs Palm Beach Equine,January 19. 2020,,Chukka 4,Ylvisaker Cup,,Sugar Erskine,Coca-Cola,,Shot At Goal,Goal,77;20,Attacking 30,,,,,,,,,,,,,
Goal Coca-Cola (5),3156300,35000,Horton Schwartz,Search Livestream,Live,Group,2020,Eddy Martinez,Darrell Schwetz,International Polo Club,Kevin Fawcett,Coca-Cola vs Palm Beach Equine,January 19. 2020,,Chukka 4,Ylvisaker Cup,,Sugar Erskine,Coca-Cola,,,,,,,,,,,,Goal Coca-Cola,,,,,,
Chukka Length (3),3163266,449000,Horton Schwartz,Search Livestream,Live,Group,2020,Eddy Martinez,Darrell Schwetz,International Polo Club,Kevin Fawcett,Coca-Cola vs Palm Beach Equine,January 19. 2020,,Chukka 4,Ylvisaker Cup,,,Team,Chukka Length,,,,,,,,,,,,,,,,,
Throw-in (14),3163933,20000,Horton Schwartz,Search Livestream,Live,Group,2020,Eddy Martinez,Darrell Schwetz,International Polo Club,Kevin Fawcett,Coca-Cola vs Palm Beach Equine,January 19. 2020,Throw-in,Chukka 4,Ylvisaker Cup,Coca-Cola win throw-in,Will Johnston,Coca-Cola,,,,,,,,,,,,,,,,,,
Assist (8),3171300,25000,Horton Schwartz,Search Livestream,Live,Group,2020,Eddy Martinez,Darrell Schwetz,International Polo Club,Kevin Fawcett,Coca-Cola vs Palm Beach Equine,January 19. 2020,,Chukka 4,Ylvisaker Cup,,Will Johnston,Coca-Cola,,,,,,,,,,,,,,Successful,Will Johnston,,,
Throw-in (15),3210866,20000,Horton Schwartz,Search Livestream,Live,Group,2020,Eddy Martinez,Darrell Schwetz,International Polo Club,Kevin Fawcett,Coca-Cola vs Palm Beach Equine,January 19. 2020,Throw-in,Chukka 4,Ylvisaker Cup,Coca-Cola win throw-in,Gillian Johnston,Coca-Cola,,,,,,,,,,,,,,,,,,
Shot At Goal (18),3244633,35000,Horton Schwartz,Search Livestream,Live,Group,2020,Eddy Martinez,Darrell Schwetz,International Polo Club,Kevin Fawcett,Coca-Cola vs Palm Beach Equine,January 19. 2020,,Chukka 4,Ylvisaker Cup,,Gringo Colombres,Palm Beach Equine,,Shot At Goal,Goal,71;13,Attacking 30,,,,,,,,,,,,,
Goal Palm Beach Equine (7),3246800,35000,Horton Schwartz,Search Livestream,Live,Group,2020,Eddy Martinez,Darrell Schwetz,International Polo Club,Kevin Fawcett,Coca-Cola vs Palm Beach Equine,January 19. 2020,,Chukka 4,Ylvisaker Cup,,Gringo Colombres,Palm Beach Equine,,,,,,,,,,,,Goal Palm Beach Equine,,,,,,
Goal Palm Beach Equine (8),3271166,35000,Horton Schwartz,Search Livestream,Live,Group,2020,Eddy Martinez,Darrell Schwetz,International Polo Club,Kevin Fawcett,Coca-Cola vs Palm Beach Equine,January 19. 2020,,Chukka 4,Ylvisaker Cup,,Lucas Diaz Alberdi,Palm Beach Equine,,,,,,,,,,,,Goal Palm Beach Equine,,,,,,
Shot At Goal (19),3299566,35000,Horton Schwartz,Search Livestream,Live,Group,2020,Eddy Martinez,Darrell Schwetz,International Polo Club,Kevin Fawcett,Coca-Cola vs Palm Beach Equine,January 19. 2020,,Chukka 4,Ylvisaker Cup,,Lucas Diaz Alberdi,Palm Beach Equine,,Shot At Goal,Goal,62;11,Attacking 30,,,,,,,,,,,,,
Throw-in (16),3302333,20000,Horton Schwartz,Search Livestream,Live,Group,2020,Eddy Martinez,Darrell Schwetz,International Polo Club,Kevin Fawcett,Coca-Cola vs Palm Beach Equine,January 19. 2020,Throw-in,Chukka 4,Ylvisaker Cup,Palm Beach Equine win throw-in,Gringo Colombres,Palm Beach Equine,,,,,,,,,,,,,,,,,,
Assist (9),3314566,25000,Horton Schwartz,Search Livestream,Live,Group,2020,Eddy Martinez,Darrell Schwetz,International Polo Club,Kevin Fawcett,Coca-Cola vs Palm Beach Equine,January 19. 2020,,Chukka 4,Ylvisaker Cup,,Gringo Colombres,Palm Beach Equine,,,,,,,,,,,,,,Unsuccessful,Gringo Colombres,,,
Shot At Goal (20),3356766,35000,Horton Schwartz,Search Livestream,Live,Group,2020,Eddy Martinez,Darrell Schwetz,International Polo Club,Kevin Fawcett,Coca-Cola vs Palm Beach Equine,January 19. 2020,,Chukka 4,Ylvisaker Cup,,Gillian Johnston,Coca-Cola,,Shot At Goal,Miss Hit,88;26,Attacking 30,,,,,,,,,,,,,
Shot At Goal (21),3359700,35000,Horton Schwartz,Search Livestream,Live,Group,2020,Eddy Martinez,Darrell Schwetz,International Polo Club,Kevin Fawcett,Coca-Cola vs Palm Beach Equine,January 19. 2020,,Chukka 4,Ylvisaker Cup,,Miguel Novillo Astrada,Coca-Cola,,Shot At Goal,Goal,86;35,Attacking 30,,,,,,,,,,,,,
Throw-in (17),3360866,20000,Horton Schwartz,Search Livestream,Live,Group,2020,Eddy Martinez,Darrell Schwetz,International Polo Club,Kevin Fawcett,Coca-Cola vs Palm Beach Equine,January 19. 2020,Throw-in,Chukka 4,Ylvisaker Cup,Coca-Cola win throw-in,Sugar Erskine,Coca-Cola,,,,,,,,,,,,,,,,,,
Goal Coca-Cola (6),3361033,35000,Horton Schwartz,Search Livestream,Live,Group,2020,Eddy Martinez,Darrell Schwetz,International Polo Club,Kevin Fawcett,Coca-Cola vs Palm Beach Equine,January 19. 2020,,Chukka 4,Ylvisaker Cup,,Miguel Novillo Astrada,Coca-Cola,,,,,,,,,,,,Goal Coca-Cola,,,,,,
Assist (10),3372333,25000,Horton Schwartz,Search Livestream,Live,Group,2020,Eddy Martinez,Darrell Schwetz,International Polo Club,Kevin Fawcett,Coca-Cola vs Palm Beach Equine,January 19. 2020,,Chukka 4,Ylvisaker Cup,,Miguel Novillo Astrada,Coca-Cola,,,,,,,,,,,,,,Unsuccessful,Miguel Novillo Astrada,,,
Throw-in (18),3417800,20000,Horton Schwartz,Search Livestream,Live,Group,2020,Eddy Martinez,Darrell Schwetz,International Polo Club,Kevin Fawcett,Coca-Cola vs Palm Beach Equine,January 19. 2020,Throw-in,Chukka 4,Ylvisaker Cup,Coca-Cola win throw-in,Gillian Johnston,Coca-Cola,,,,,,,,,,,,,,,,,,
Shot At Goal (22),3426200,35000,Horton Schwartz,Search Livestream,Live,Group,2020,Eddy Martinez,Darrell Schwetz,International Polo Club,Kevin Fawcett,Coca-Cola vs Palm Beach Equine,January 19. 2020,,Chukka 4,Ylvisaker Cup,,Miguel Novillo Astrada,Coca-Cola,,Shot At Goal,Goal,70;25,Attacking 30,,,,,,,,,,,,,
Goal Coca-Cola (7),3428500,35000,Horton Schwartz,Search Livestream,Live,Group,2020,Eddy Martinez,Darrell Schwetz,International Polo Club,Kevin Fawcett,Coca-Cola vs Palm Beach Equine,January 19. 2020,,Chukka 4,Ylvisaker Cup,,Miguel Novillo Astrada,Coca-Cola,,,,,,,,,,,,Goal Coca-Cola,,,,,,
Assist (11),3438925,25000,Horton Schwartz,Search Livestream,Live,Group,2020,Eddy Martinez,Darrell Schwetz,International Polo Club,Kevin Fawcett,Coca-Cola vs Palm Beach Equine,January 19. 2020,,Chukka 4,Ylvisaker Cup,,Sugar Erskine,Coca-Cola,,,,,,,,,,,,,,Successful,Sugar Erskine,,,
Throw-in (19),3483566,20000,Horton Schwartz,Search Livestream,Live,Group,2020,Eddy Martinez,Darrell Schwetz,International Polo Club,Kevin Fawcett,Coca-Cola vs Palm Beach Equine,January 19. 2020,Throw-in,Chukka 4,Ylvisaker Cup,Palm Beach Equine win throw-in,Gringo Colombres,Palm Beach Equine,,,,,,,,,,,,,,,,,,
Non Call (2),3508766,20000,Horton Schwartz,Search Livestream,Live,Group,2020,Eddy Martinez,Darrell Schwetz,International Polo Club,Kevin Fawcett,Coca-Cola vs Palm Beach Equine,January 19. 2020,,Chukka 4,Ylvisaker Cup,,,Team,,,,,,,Non Call,Right of Way,,,,,,,,,,
Shot At Goal (23),3558666,35000,Horton Schwartz,Search Livestream,Live,Group,2020,Eddy Martinez,Darrell Schwetz,International Polo Club,Kevin Fawcett,Coca-Cola vs Palm Beach Equine,January 19. 2020,,Chukka 4,Ylvisaker Cup,,Gonzalo Ferrari,Palm Beach Equine,,Shot At Goal,Wide,51;22,Attacking 30,,,,,,,,,,,,,
Assist (12),3576000,25000,Horton Schwartz,Search Livestream,Live,Group,2020,Eddy Martinez,Darrell Schwetz,International Polo Club,Kevin Fawcett,Coca-Cola vs Palm Beach Equine,January 19. 2020,,Chukka 4,Ylvisaker Cup,,Gringo Colombres,Palm Beach Equine,,,,,,,,,,,,,,Unsuccessful,Gringo Colombres,,,
Knock In (2),3868800,40000,Horton Schwartz,Search Livestream,Live,Group,2020,Eddy Martinez,Darrell Schwetz,International Polo Club,Kevin Fawcett,Coca-Cola vs Palm Beach Equine,January 19. 2020,Knock In,Chukka 5,Ylvisaker Cup,,Miguel Novillo Astrada,Coca-Cola,,,,,,Sugar Erskine,,,,,,,,,,,,
Chukka Length (4),3871400,736800,Horton Schwartz,Search Livestream,Live,Group,2020,Eddy Martinez,Darrell Schwetz,International Polo Club,Kevin Fawcett,Coca-Cola vs Palm Beach Equine,January 19. 2020,,Chukka 5,Ylvisaker Cup,,,Team,Chukka Length,,,,,,,,,,,,,,,,,
Shot At Goal (24),3915833,35000,Horton Schwartz,Search Livestream,Live,Group,2020,Eddy Martinez,Darrell Schwetz,International Polo Club,Kevin Fawcett,Coca-Cola vs Palm Beach Equine,January 19. 2020,,Chukka 5,Ylvisaker Cup,,Gonzalo Ferrari,Palm Beach Equine,,Shot At Goal,Goal,71;13,Attacking 30,,,,,,,,,,,,,
Goal Palm Beach Equine (9),3917200,35000,Horton Schwartz,Search Livestream,Live,Group,2020,Eddy Martinez,Darrell Schwetz,International Polo Club,Kevin Fawcett,Coca-Cola vs Palm Beach Equine,January 19. 2020,,Chukka 5,Ylvisaker Cup,,Gonzalo Ferrari,Palm Beach Equine,,,,,,,,,,,,Goal Palm Beach Equine,,,,,,
Assist (13),3932200,25000,Horton Schwartz,Search Livestream,Live,Group,2020,Eddy Martinez,Darrell Schwetz,International Polo Club,Kevin Fawcett,Coca-Cola vs Palm Beach Equine,January 19. 2020,,Chukka 5,Ylvisaker Cup,,Lucas Diaz Alberdi,Palm Beach Equine,,,,,,,,,,,,,,Successful,Lucas Diaz Alberdi,,,
Foul (9),3973500,25000,Horton Schwartz,Search Livestream,Live,Group,2020,Eddy Martinez,Darrell Schwetz,International Polo Club,Kevin Fawcett,Coca-Cola vs Palm Beach Equine,January 19. 2020,,Chukka 5,Ylvisaker Cup,,Gonzalo Ferrari,Palm Beach Equine,,,,28;101,Attacking Half,,Foul,Dangerous Riding,Penalty 60 yards,35;139,92;103,,,,,,,
Foul Received (9),3973500,25000,Horton Schwartz,Search Livestream,Live,Group,2020,Eddy Martinez,Darrell Schwetz,International Polo Club,Kevin Fawcett,Coca-Cola vs Palm Beach Equine,January 19. 2020,,Chukka 5,Ylvisaker Cup,,Miguel Novillo Astrada,Coca-Cola,,,,120;185,Defending Half,,Foul Received,Dangerous Riding,Penalty 60 yards,,,,,,,,,
Throw-in (20),3975333,20000,Horton Schwartz,Search Livestream,Live,Group,2020,Eddy Martinez,Darrell Schwetz,International Polo Club,Kevin Fawcett,Coca-Cola vs Palm Beach Equine,January 19. 2020,Throw-in,Chukka 5,Ylvisaker Cup,Palm Beach Equine win throw-in,Lucas Diaz Alberdi,Palm Beach Equine,,,,,,,,,,,,,,,,,,
Yellow Card,4020900,10000,Horton Schwartz,Search Livestream,Live,Group,2020,Eddy Martinez,Darrell Schwetz,International Polo Club,Kevin Fawcett,Coca-Cola vs Palm Beach Equine,January 19. 2020,,Chukka 5,Ylvisaker Cup,,Gonzalo Ferrari,Palm Beach Equine,,,,,,,Yellow Card,Dangerous Riding,Penalty 60 yards,,,,,,,,,
Penalty 60 yards (2),4095466,15000,Horton Schwartz,Search Livestream,Live,Group,2020,Eddy Martinez,Darrell Schwetz,International Polo Club,Kevin Fawcett,Coca-Cola vs Palm Beach Equine,January 19. 2020,,Chukka 5,Ylvisaker Cup,,Miguel Novillo Astrada,Coca-Cola,,,,,,,,,,,,,,,,Penalty 60 yards,Blocked,
Penalty Block (1),4103700,10000,Horton Schwartz,Search Livestream,Live,Group,2020,Eddy Martinez,Darrell Schwetz,International Polo Club,Kevin Fawcett,Coca-Cola vs Palm Beach Equine,January 19. 2020,,Chukka 5,Ylvisaker Cup,,Gonzalo Ferrari,Palm Beach Equine,,,,,,,,,,,,,,,,,,Penalty Block
Foul (10),4124233,25000,Horton Schwartz,Search Livestream,Live,Group,2020,Eddy Martinez,Darrell Schwetz,International Polo Club,Kevin Fawcett,Coca-Cola vs Palm Beach Equine,January 19. 2020,,Chukka 5,Ylvisaker Cup,,Gonzalo Ferrari,Palm Beach Equine,,,,95;279,Defending 30,,Foul,Right of Way,Penalty 30 yards,83;242,130;286,,,,,,,
Foul Received (10),4124233,25000,Horton Schwartz,Search Livestream,Live,Group,2020,Eddy Martinez,Darrell Schwetz,International Polo Club,Kevin Fawcett,Coca-Cola vs Palm Beach Equine,January 19. 2020,,Chukka 5,Ylvisaker Cup,,Miguel Novillo Astrada,Coca-Cola,,,,53;27,Attacking 30,,Foul Received,Right of Way,Penalty 30 yards,,,,,,,,,
Goal Coca-Cola (8),4155500,35000,Horton Schwartz,Search Livestream,Live,Group,2020,Eddy Martinez,Darrell Schwetz,International Polo Club,Kevin Fawcett,Coca-Cola vs Palm Beach Equine,January 19. 2020,,Chukka 5,Ylvisaker Cup,,Miguel Novillo Astrada,Coca-Cola,,,,,,,,,,,,Goal Coca-Cola,,,,,,
Penalty 30 yards Spot (1),4177933,10000,Horton Schwartz,Search Livestream,Live,Group,2020,Eddy Martinez,Darrell Schwetz,International Polo Club,Kevin Fawcett,Coca-Cola vs Palm Beach Equine,January 19. 2020,,Chukka 5,Ylvisaker Cup,,Miguel Novillo Astrada,Coca-Cola,,,,,,,,,,,,,,,,Penalty 30 yards Spot,Goal,
Shot At Goal (25),4224233,35000,Horton Schwartz,Search Livestream,Live,Group,2020,Eddy Martinez,Darrell Schwetz,International Polo Club,Kevin Fawcett,Coca-Cola vs Palm Beach Equine,January 19. 2020,,Chukka 5,Ylvisaker Cup,,Sugar Erskine,Coca-Cola,,Shot At Goal,Goal,76;15,Attacking 30,,,,,,,,,,,,,
Goal Coca-Cola (9),4225733,35000,Horton Schwartz,Search Livestream,Live,Group,2020,Eddy Martinez,Darrell Schwetz,International Polo Club,Kevin Fawcett,Coca-Cola vs Palm Beach Equine,January 19. 2020,,Chukka 5,Ylvisaker Cup,,Sugar Erskine,Coca-Cola,,,,,,,,,,,,Goal Coca-Cola,Goals,,,,,
Throw-in (21),4236333,20000,Horton Schwartz,Search Livestream,Live,Group,2020,Eddy Martinez,Darrell Schwetz,International Polo Club,Kevin Fawcett,Coca-Cola vs Palm Beach Equine,January 19. 2020,Throw-in,Chukka 5,Ylvisaker Cup,Coca-Cola win throw-in,Miguel Novillo Astrada,Coca-Cola,,,,,,,,,,,,,,,,,,
Assist (14),4241666,25000,Horton Schwartz,Search Livestream,Live,Group,2020,Eddy Martinez,Darrell Schwetz,International Polo Club,Kevin Fawcett,Coca-Cola vs Palm Beach Equine,January 19. 2020,,Chukka 5,Ylvisaker Cup,,Miguel Novillo Astrada,Coca-Cola,,,,,,,,,,,,,,Successful,Miguel Novillo Astrada,,,
Shot At Goal (26),4275833,35000,Horton Schwartz,Search Livestream,Live,Group,2020,Eddy Martinez,Darrell Schwetz,International Polo Club,Kevin Fawcett,Coca-Cola vs Palm Beach Equine,January 19. 2020,,Chukka 5,Ylvisaker Cup,,Gringo Colombres,Palm Beach Equine,,Shot At Goal,Goal,75;20,Attacking 30,,,,,,,,,,,,,
Goal Palm Beach Equine (10),4277633,35000,Horton Schwartz,Search Livestream,Live,Group,2020,Eddy Martinez,Darrell Schwetz,International Polo Club,Kevin Fawcett,Coca-Cola vs Palm Beach Equine,January 19. 2020,,Chukka 5,Ylvisaker Cup,,Gringo Colombres,Palm Beach Equine,,,,,,,,,,,,Goal Palm Beach Equine,,,,,,
Throw-in (22),4283500,20000,Horton Schwartz,Search Livestream,Live,Group,2020,Eddy Martinez,Darrell Schwetz,International Polo Club,Kevin Fawcett,Coca-Cola vs Palm Beach Equine,January 19. 2020,Throw-in,Chukka 5,Ylvisaker Cup,Coca-Cola win throw-in,Miguel Novillo Astrada,Coca-Cola,,,,,,,,,,,,,,,,,,
Throw-in (23),4333733,20000,Horton Schwartz,Search Livestream,Live,Group,2020,Eddy Martinez,Darrell Schwetz,International Polo Club,Kevin Fawcett,Coca-Cola vs Palm Beach Equine,January 19. 2020,Throw-in,Chukka 5,Ylvisaker Cup,Palm Beach Equine win throw-in,Gringo Colombres,Palm Beach Equine,,,,,,,,,,,,,,,,,,
Foul (11),4343133,25000,Horton Schwartz,Search Livestream,Live,Group,2020,Eddy Martinez,Darrell Schwetz,International Polo Club,Kevin Fawcett,Coca-Cola vs Palm Beach Equine,January 19. 2020,,Chukka 5,Ylvisaker Cup,,Lucas Diaz Alberdi,Palm Beach Equine,,,,69;29,Attacking 30,,Foul,Right of Way,Penalty 5,78;99,14;40,,,,,,,
Foul Received (11),4343133,25000,Horton Schwartz,Search Livestream,Live,Group,2020,Eddy Martinez,Darrell Schwetz,International Polo Club,Kevin Fawcett,Coca-Cola vs Palm Beach Equine,January 19. 2020,,Chukka 5,Ylvisaker Cup,,Miguel Novillo Astrada,Coca-Cola,,,,69;270,Defending 30,,Foul Received,Right of Way,Penalty 5,,,,,,,,,
Penalty 5 (3),4394233,30000,Horton Schwartz,Search Livestream,Live,Group,2020,Eddy Martinez,Darrell Schwetz,International Polo Club,Kevin Fawcett,Coca-Cola vs Palm Beach Equine,January 19. 2020,Penalty 5,Chukka 5,Ylvisaker Cup,,Miguel Novillo Astrada,Coca-Cola,,,,,,,,,,,,,,,,,,
Free Hit,4434066,20000,Horton Schwartz,Search Livestream,Live,Group,2020,Eddy Martinez,Darrell Schwetz,International Polo Club,Kevin Fawcett,Coca-Cola vs Palm Beach Equine,January 19. 2020,Free Hit,Chukka 5,Ylvisaker Cup,,Gringo Colombres,Palm Beach Equine,,,,,,,,,,,,,,,,,,
Foul (12),4448300,25000,Horton Schwartz,Search Livestream,Live,Group,2020,Eddy Martinez,Darrell Schwetz,International Polo Club,Kevin Fawcett,Coca-Cola vs Palm Beach Equine,January 19. 2020,,Chukka 5,Ylvisaker Cup,,Miguel Novillo Astrada,Coca-Cola,,,,30;186,Defending Half,,Foul,Meeting the Ball,Penalty 60 yards,6;171,82;218,,,,,,,
Foul Received (12),4448300,25000,Horton Schwartz,Search Livestream,Live,Group,2020,Eddy Martinez,Darrell Schwetz,International Polo Club,Kevin Fawcett,Coca-Cola vs Palm Beach Equine,January 19. 2020,,Chukka 5,Ylvisaker Cup,,Gonzalo Ferrari,Palm Beach Equine,,,,113;108,Attacking Half,,Foul Received,Meeting the Ball,Penalty 60 yards,,,,,,,,,
Goal Palm Beach Equine (11),4501500,35000,Horton Schwartz,Search Livestream,Live,Group,2020,Eddy Martinez,Darrell Schwetz,International Polo Club,Kevin Fawcett,Coca-Cola vs Palm Beach Equine,January 19. 2020,,Chukka 5,Ylvisaker Cup,,Gringo Colombres,Palm Beach Equine,,,,,,,,,,,,Goal Palm Beach Equine,,,,,,
Penalty 60 yards (3),4517533,15000,Horton Schwartz,Search Livestream,Live,Group,2020,Eddy Martinez,Darrell Schwetz,International Polo Club,Kevin Fawcett,Coca-Cola vs Palm Beach Equine,January 19. 2020,,Chukka 5,Ylvisaker Cup,,Gringo Colombres,Palm Beach Equine,,,,,,,,,,,,,,,,Penalty 60 yards,Goal,
Throw-in (24),4554133,20000,Horton Schwartz,Search Livestream,Live,Group,2020,Eddy Martinez,Darrell Schwetz,International Polo Club,Kevin Fawcett,Coca-Cola vs Palm Beach Equine,January 19. 2020,Throw-in,Chukka 5,Ylvisaker Cup,Coca-Cola win throw-in,Miguel Novillo Astrada,Coca-Cola,,,,,,,,,,,,,,,,,,
Foul (13),4580400,25000,Horton Schwartz,Search Livestream,Live,Group,2020,Eddy Martinez,Darrell Schwetz,International Polo Club,Kevin Fawcett,Coca-Cola vs Palm Beach Equine,January 19. 2020,,Chukka 5,Ylvisaker Cup,,Gonzalo Ferrari,Palm Beach Equine,,,,64;26,Attacking 30,,Foul,Right of Way,Penalty 5,16;112,136;48,,,,,,,
Foul Received (13),4580400,25000,Horton Schwartz,Search Livestream,Live,Group,2020,Eddy Martinez,Darrell Schwetz,International Polo Club,Kevin Fawcett,Coca-Cola vs Palm Beach Equine,January 19. 2020,,Chukka 5,Ylvisaker Cup,,Will Johnston,Coca-Cola,,,,95;270,Defending 30,,Foul Received,Right of Way,,,,,,,,,,
Shot At Goal (27),4795333,35000,Horton Schwartz,Search Livestream,Live,Group,2020,Eddy Martinez,Darrell Schwetz,International Polo Club,Kevin Fawcett,Coca-Cola vs Palm Beach Equine,January 19. 2020,,Chukka 6,Ylvisaker Cup,,Sugar Erskine,Coca-Cola,,Shot At Goal,Blocked,73;17,Attacking 30,,,,,,,,,,,,,
Penalty 5 (4),4800904,30000,Horton Schwartz,Search Livestream,Live,Group,2020,Eddy Martinez,Darrell Schwetz,International Polo Club,Kevin Fawcett,Coca-Cola vs Palm Beach Equine,January 19. 2020,Penalty 5,Chukka 6,Ylvisaker Cup,,Miguel Novillo Astrada,Coca-Cola,,,,,,,,,,,,,,,,,,
Chukka Length (5),4804266,531449,Horton Schwartz,Search Livestream,Live,Group,2020,Eddy Martinez,Darrell Schwetz,International Polo Club,Kevin Fawcett,Coca-Cola vs Palm Beach Equine,January 19. 2020,,Chukka 6,Ylvisaker Cup,,,Team,Chukka Length,,,,,,,,,,,,,,,,,
Assist (15),4812317,25000,Horton Schwartz,Search Livestream,Live,Group,2020,Eddy Martinez,Darrell Schwetz,International Polo Club,Kevin Fawcett,Coca-Cola vs Palm Beach Equine,January 19. 2020,,Chukka 6,Ylvisaker Cup,,Will Johnston,Coca-Cola,,,,,,,,,,,,,,Unsuccessful,Will Johnston,,,
Shot Block (2),4821666,10000,Horton Schwartz,Search Livestream,Live,Group,2020,Eddy Martinez,Darrell Schwetz,International Polo Club,Kevin Fawcett,Coca-Cola vs Palm Beach Equine,January 19. 2020,,Chukka 6,Ylvisaker Cup,,Lucas Diaz Alberdi,Palm Beach Equine,,,,,,,,,,,,,,,,,,Shot Block
Throw-in (25),4905666,20000,Horton Schwartz,Search Livestream,Live,Group,2020,Eddy Martinez,Darrell Schwetz,International Polo Club,Kevin Fawcett,Coca-Cola vs Palm Beach Equine,January 19. 2020,Throw-in,Chukka 6,Ylvisaker Cup,Palm Beach Equine win throw-in,Lucas Diaz Alberdi,Palm Beach Equine,,,,,,,,,,,,,,,,,,
Shot At Goal (28),5000933,35000,Horton Schwartz,Search Livestream,Live,Group,2020,Eddy Martinez,Darrell Schwetz,International Polo Club,Kevin Fawcett,Coca-Cola vs Palm Beach Equine,January 19. 2020,,Chukka 6,Ylvisaker Cup,,Will Johnston,Coca-Cola,,Shot At Goal,Wide,71;34,Attacking 30,,,,,,,,,,,,,
Assist (16),5019566,25000,Horton Schwartz,Search Livestream,Live,Group,2020,Eddy Martinez,Darrell Schwetz,International Polo Club,Kevin Fawcett,Coca-Cola vs Palm Beach Equine,January 19. 2020,,Chukka 6,Ylvisaker Cup,,Miguel Novillo Astrada,Coca-Cola,,,,,,,,,,,,,,Unsuccessful,Miguel Novillo Astrada,,,
Shot At Goal (29),5043233,35000,Horton Schwartz,Search Livestream,Live,Group,2020,Eddy Martinez,Darrell Schwetz,International Polo Club,Kevin Fawcett,Coca-Cola vs Palm Beach Equine,January 19. 2020,,Chukka 6,Ylvisaker Cup,,Gonzalo Ferrari,Palm Beach Equine,,Shot At Goal,Wide,122;30,Attacking 30,,,,,,,,,,,,,
Knock In (3),5044691,40000,Horton Schwartz,Search Livestream,Live,Group,2020,Eddy Martinez,Darrell Schwetz,International Polo Club,Kevin Fawcett,Coca-Cola vs Palm Beach Equine,January 19. 2020,Knock In,Chukka 6,Ylvisaker Cup,,Gringo Colombres,Palm Beach Equine,,,,,,,,,,,,,,,,,,
Knock In (4),5108133,40000,Horton Schwartz,Search Livestream,Live,Group,2020,Eddy Martinez,Darrell Schwetz,International Polo Club,Kevin Fawcett,Coca-Cola vs Palm Beach Equine,January 19. 2020,Knock In,Chukka 6,Ylvisaker Cup,,Miguel Novillo Astrada,Coca-Cola,,,,,,,,,,,,,,,,,,
Shot At Goal (30),5108600,35000,Horton Schwartz,Search Livestream,Live,Group,2020,Eddy Martinez,Darrell Schwetz,International Polo Club,Kevin Fawcett,Coca-Cola vs Palm Beach Equine,January 19. 2020,,Chukka 6,Ylvisaker Cup,,Gonzalo Ferrari,Palm Beach Equine,,Shot At Goal,Goal,130;21,Attacking 30,,,,,,,,,,,,,
Goal Palm Beach Equine (12),5110366,35000,Horton Schwartz,Search Livestream,Live,Group,2020,Eddy Martinez,Darrell Schwetz,International Polo Club,Kevin Fawcett,Coca-Cola vs Palm Beach Equine,January 19. 2020,,Chukka 6,Ylvisaker Cup,,Gonzalo Ferrari,Palm Beach Equine,,,,,,,,,,,,Goal Palm Beach Equine,,,,,,
Assist (17),5125366,25000,Horton Schwartz,Search Livestream,Live,Group,2020,Eddy Martinez,Darrell Schwetz,International Polo Club,Kevin Fawcett,Coca-Cola vs Palm Beach Equine,January 19. 2020,,Chukka 6,Ylvisaker Cup,,Gringo Colombres,Palm Beach Equine,,,,,,,,,,,,,,Successful,Gringo Colombres,,,
Throw-in (26),5166933,20000,Horton Schwartz,Search Livestream,Live,Group,2020,Eddy Martinez,Darrell Schwetz,International Polo Club,Kevin Fawcett,Coca-Cola vs Palm Beach Equine,January 19. 2020,Throw-in,Chukka 6,Ylvisaker Cup,Palm Beach Equine win throw-in,Gringo Colombres,Palm Beach Equine,,,,,,,,,,,,,,,,,,
Shot At Goal (31),5179700,35000,Horton Schwartz,Search Livestream,Live,Group,2020,Eddy Martinez,Darrell Schwetz,International Polo Club,Kevin Fawcett,Coca-Cola vs Palm Beach Equine,January 19. 2020,,Chukka 6,Ylvisaker Cup,,Gonzalo Ferrari,Palm Beach Equine,,Shot At Goal,Goal,28;94,Attacking Half,,,,,,,,,,,,,
Goal Palm Beach Equine (13),5184433,35000,Horton Schwartz,Search Livestream,Live,Group,2020,Eddy Martinez,Darrell Schwetz,International Polo Club,Kevin Fawcett,Coca-Cola vs Palm Beach Equine,January 19. 2020,,Chukka 6,Ylvisaker Cup,,Gonzalo Ferrari,Palm Beach Equine,,,,,,,,,,,,Goal Palm Beach Equine,Goals,,,,,
Assist (18),5199433,25000,Horton Schwartz,Search Livestream,Live,Group,2020,Eddy Martinez,Darrell Schwetz,International Polo Club,Kevin Fawcett,Coca-Cola vs Palm Beach Equine,January 19. 2020,,Chukka 6,Ylvisaker Cup,,Lucas Diaz Alberdi,Palm Beach Equine,,,,,,,,,,,,,,Successful,Lucas Diaz Alberdi,,,
Throw-in (27),5239466,20000,Horton Schwartz,Search Livestream,Live,Group,2020,Eddy Martinez,Darrell Schwetz,International Polo Club,Kevin Fawcett,Coca-Cola vs Palm Beach Equine,January 19. 2020,Throw-in,Chukka 6,Ylvisaker Cup,Coca-Cola win throw-in,Gillian Johnston,Coca-Cola,,,,,,,,,,,,,,,,,,
Shot At Goal (32),5247033,35000,Horton Schwartz,Search Livestream,Live,Group,2020,Eddy Martinez,Darrell Schwetz,International Polo Club,Kevin Fawcett,Coca-Cola vs Palm Beach Equine,January 19. 2020,,Chukka 6,Ylvisaker Cup,,Gillian Johnston,Coca-Cola,,Shot At Goal,Miss Hit,96;11,Attacking 30,,,,,,,,,,,,,
Shot At Goal (33),5247333,35000,Horton Schwartz,Search Livestream,Live,Group,2020,Eddy Martinez,Darrell Schwetz,International Polo Club,Kevin Fawcett,Coca-Cola vs Palm Beach Equine,January 19. 2020,,Chukka 6,Ylvisaker Cup,,Will Johnston,Coca-Cola,,Shot At Goal,Short,93;17,Attacking 30,,,,,,,,,,,,,
Assist (19),5260033,25000,Horton Schwartz,Search Livestream,Live,Group,2020,Eddy Martinez,Darrell Schwetz,International Polo Club,Kevin Fawcett,Coca-Cola vs Palm Beach Equine,January 19. 2020,,Chukka 6,Ylvisaker Cup,,Will Johnston,Coca-Cola,,,,,,,,,,,,,,Unsuccessful,Will Johnston,,,
Shot At Goal (34),5275148,35000,Horton Schwartz,Search Livestream,Live,Group,2020,Eddy Martinez,Darrell Schwetz,International Polo Club,Kevin Fawcett,Coca-Cola vs Palm Beach Equine,January 19. 2020,,Chukka 6,Ylvisaker Cup,,Gonzalo Ferrari,Palm Beach Equine,,Shot At Goal,Goal,78;18,Attacking 30,,,,,,,,,,,,,
Goal Palm Beach Equine (14),5276333,35000,Horton Schwartz,Search Livestream,Live,Group,2020,Eddy Martinez,Darrell Schwetz,International Polo Club,Kevin Fawcett,Coca-Cola vs Palm Beach Equine,January 19. 2020,,Chukka 6,Ylvisaker Cup,,Gonzalo Ferrari,Palm Beach Equine,,,,,,,,,,,,Goal Palm Beach Equine,,,,,,