Name,Position,Duration,Chukka,Player,Team,Set Play,Throw-in Outcome,Camera Angle,Club,Game,Instant Replay Official,Match Date,Search Event,Stage,Third Umpire,Tournament,Umpire 1,Umpire 2,Year,Chukka Length,Foul,Foul Outcome,Foul Type,Location,General Field Area,Umpire Focal,Umpire Trailing,Shot At Goal,Shot At Goal Outcome,Goal,Penalties,Penalty Outcome,Penalty Block,Assist,Assist Outcome,Knock-in Player 2,Highlight Reel
Throw-in,423766,20000,Chukka 1,Santiago Gomez Romero,La Indiana,Throw-in,La Indiana win throw-in,Live,International Polo Club,Daily Racing Form vs La Indiana,Kimo Huddleston,February 28. 2020,Serarch Livestream,Group,Horton Schwartz,USPA Gold Cup,Ronnie Hayes,Martin,2020,,,,,,,,,,,,,,,,,,
Game Length,427233,5874666,,,Team,,,Live,International Polo Club,Daily Racing Form vs La Indiana,Kimo Huddleston,February 28. 2020,Serarch Livestream,Group,Horton Schwartz,USPA Gold Cup,Ronnie Hayes,Martin,2020,Game Length,,,,,,,,,,,,,,,,,
Chukka Length,428200,760533,Chukka 1,,Team,,,Live,International Polo Club,Daily Racing Form vs La Indiana,Kimo Huddleston,February 28. 2020,Serarch Livestream,Group,Horton Schwartz,USPA Gold Cup,Ronnie Hayes,Martin,2020,Chukka Length,,,,,,,,,,,,,,,,,
Foul,435000,25000,Chukka 1,Tomas Collingwood,Daily Racing Form,,,Live,International Polo Club,Daily Racing Form vs La Indiana,Kimo Huddleston,February 28. 2020,Serarch Livestream,Group,Horton Schwartz,USPA Gold Cup,Ronnie Hayes,Martin,2020,,Foul,Penalty 60 yards,Right of Way,121;213,Defending Half,123;199,85;245,,,,,,,,,,
Foul Received,435000,25000,Chukka 1,Polito Pieres,La Indiana,,,Live,International Polo Club,Daily Racing Form vs La Indiana,Kimo Huddleston,February 28. 2020,Serarch Livestream,Group,Horton Schwartz,USPA Gold Cup,Ronnie Hayes,Martin,2020,,Foul Received,Penalty 60 yards,Right of Way,25;84,Attacking Half,,,,,,,,,,,,
Shot At Goal,497100,35000,Chukka 1,Santiago Gomez Romero,La Indiana,,,Live,International Polo Club,Daily Racing Form vs La Indiana,Kimo Huddleston,February 28. 2020,Serarch Livestream,Group,Horton Schwartz,USPA Gold Cup,Ronnie Hayes,Martin,2020,,,,,55;15,Attacking 30,,,Shot At Goal,Goal,,,,,,,,
Goal La Indiana,502866,35000,Chukka 1,Santiago Gomez Romero,La Indiana,,,Live,International Polo Club,Daily Racing Form vs La Indiana,Kimo Huddleston,February 28. 2020,Serarch Livestream,Group,Horton Schwartz,USPA Gold Cup,Ronnie Hayes,Martin,2020,,,,,78;3,Attacking 30,,,,,Goal La Indiana,,,,,,,
Penalty 60 yards,513233,15000,Chukka 1,Polito Pieres,La Indiana,,,Live,International Polo Club,Daily Racing Form vs La Indiana,Kimo Huddleston,February 28. 2020,Serarch Livestream,Group,Horton Schwartz,USPA Gold Cup,Ronnie Hayes,Martin,2020,,,,,,,,,,,,Penalty 60 yards,Blocked,,,,,
Penalty Block,519833,10000,Chukka 1,Costi Caset,Daily Racing Form,,,Live,International Polo Club,Daily Racing Form vs La Indiana,Kimo Huddleston,February 28. 2020,Serarch Livestream,Group,Horton Schwartz,USPA Gold Cup,Ronnie Hayes,Martin,2020,,,,,,,,,,,,,,Penalty Block,,,,
Throw-in (1),558100,20000,Chukka 1,Jeff Hall,La Indiana,Throw-in,La Indiana win throw-in,Live,International Polo Club,Daily Racing Form vs La Indiana,Kimo Huddleston,February 28. 2020,Serarch Livestream,Group,Horton Schwartz,USPA Gold Cup,Ronnie Hayes,Martin,2020,,,,,,,,,,,,,,,,,,
Shot At Goal (1),564700,35000,Chukka 1,Jared Zenni,Daily Racing Form,,,Live,International Polo Club,Daily Racing Form vs La Indiana,Kimo Huddleston,February 28. 2020,Serarch Livestream,Group,Horton Schwartz,USPA Gold Cup,Ronnie Hayes,Martin,2020,,,,,81;56,Attacking 60,,,Shot At Goal,Goal,,,,,,,,
Goal Daily Racing Form,567833,35000,Chukka 1,Jared Zenni,Daily Racing Form,,,Live,International Polo Club,Daily Racing Form vs La Indiana,Kimo Huddleston,February 28. 2020,Serarch Livestream,Group,Horton Schwartz,USPA Gold Cup,Ronnie Hayes,Martin,2020,,,,,73;6,Attacking 30,,,,,Goal Daily Racing Form,,,,,,,
Assist,577000,25000,Chukka 1,Costi Caset,Daily Racing Form,,,Live,International Polo Club,Daily Racing Form vs La Indiana,Kimo Huddleston,February 28. 2020,Serarch Livestream,Group,Horton Schwartz,USPA Gold Cup,Ronnie Hayes,Martin,2020,,,,,,,,,,,,,,,Costi Caset,Successful,,
Shot At Goal (2),605033,35000,Chukka 1,Costi Caset,Daily Racing Form,,,Live,International Polo Club,Daily Racing Form vs La Indiana,Kimo Huddleston,February 28. 2020,Serarch Livestream,Group,Horton Schwartz,USPA Gold Cup,Ronnie Hayes,Martin,2020,,,,,81;59,Attacking 60,,,Shot At Goal,Short,,,,,,,,
Throw-in (2),620566,20000,Chukka 1,Tomas Collingwood,Daily Racing Form,Throw-in,Daily Racing Form win throw-in,Live,International Polo Club,Daily Racing Form vs La Indiana,Kimo Huddleston,February 28. 2020,Serarch Livestream,Group,Horton Schwartz,USPA Gold Cup,Ronnie Hayes,Martin,2020,,,,,,,,,,,,,,,,,,
Foul (1),658566,25000,Chukka 1,Jeff Hall,La Indiana,,,Live,International Polo Club,Daily Racing Form vs La Indiana,Kimo Huddleston,February 28. 2020,Serarch Livestream,Group,Horton Schwartz,USPA Gold Cup,Ronnie Hayes,Martin,2020,,Foul,Penalty 60 yards,Dangerous Riding,96;162,Defending Half,32;122,61;183,,,,,,,,,,
Foul Received (1),658566,25000,Chukka 1,Jared Zenni,Daily Racing Form,,,Live,International Polo Club,Daily Racing Form vs La Indiana,Kimo Huddleston,February 28. 2020,Serarch Livestream,Group,Horton Schwartz,USPA Gold Cup,Ronnie Hayes,Martin,2020,,Foul Received,Penalty 60 yards,Dangerous Riding,51;136,Attacking Half,,,,,,,,,,,,
Penalty 60 yards (1),728697,15000,Chukka 1,Agustin Obregon,Daily Racing Form,,,Live,International Polo Club,Daily Racing Form vs La Indiana,Kimo Huddleston,February 28. 2020,Serarch Livestream,Group,Horton Schwartz,USPA Gold Cup,Ronnie Hayes,Martin,2020,,,,,,,,,,,,Penalty 60 yards,Blocked,,,,,
Penalty Block (1),739933,10000,Chukka 1,Jeff Hall,La Indiana,,,Live,International Polo Club,Daily Racing Form vs La Indiana,Kimo Huddleston,February 28. 2020,Serarch Livestream,Group,Horton Schwartz,USPA Gold Cup,Ronnie Hayes,Martin,2020,,,,,,,,,,,,,,Penalty Block,,,,
Safety 60,781091,15000,Chukka 1,Agustin Obregon,Daily Racing Form,,,Live,International Polo Club,Daily Racing Form vs La Indiana,Kimo Huddleston,February 28. 2020,Serarch Livestream,Group,Horton Schwartz,USPA Gold Cup,Ronnie Hayes,Martin,2020,,,,,,,,,,,,Safety 60,Blocked,,,,,
Penalty Block (2),789666,10000,Chukka 1,Michael Bickford,La Indiana,,,Live,International Polo Club,Daily Racing Form vs La Indiana,Kimo Huddleston,February 28. 2020,Serarch Livestream,Group,Horton Schwartz,USPA Gold Cup,Ronnie Hayes,Martin,2020,,,,,,,,,,,,,,Penalty Block,,,,
Shot At Goal (3),802333,35000,Chukka 1,Michael Bickford,La Indiana,,,Live,International Polo Club,Daily Racing Form vs La Indiana,Kimo Huddleston,February 28. 2020,Serarch Livestream,Group,Horton Schwartz,USPA Gold Cup,Ronnie Hayes,Martin,2020,,,,,44;8,Attacking 30,,,Shot At Goal,Wide,,,,,,,,
Assist (1),818133,25000,Chukka 1,Santiago Gomez Romero,La Indiana,,,Live,International Polo Club,Daily Racing Form vs La Indiana,Kimo Huddleston,February 28. 2020,Serarch Livestream,Group,Horton Schwartz,USPA Gold Cup,Ronnie Hayes,Martin,2020,,,,,,,,,,,,,,,Santiago Gomez Romero,Unsuccessful,,
Non Call,818700,20000,Chukka 1,,Team,,,Live,International Polo Club,Daily Racing Form vs La Indiana,Kimo Huddleston,February 28. 2020,Serarch Livestream,Group,Horton Schwartz,USPA Gold Cup,Ronnie Hayes,Martin,2020,,Non Call,,Right of Way,,,,,,,,,,,,,,
Knock In,858333,40000,Chukka 1,Tomas Collingwood,Daily Racing Form,Knock In,,Live,International Polo Club,Daily Racing Form vs La Indiana,Kimo Huddleston,February 28. 2020,Serarch Livestream,Group,Horton Schwartz,USPA Gold Cup,Ronnie Hayes,Martin,2020,,,,,,,,,,,,,,,,,Jared Zenni,
Shot At Goal (4),867200,35000,Chukka 1,Michael Bickford,La Indiana,,,Live,International Polo Club,Daily Racing Form vs La Indiana,Kimo Huddleston,February 28. 2020,Serarch Livestream,Group,Horton Schwartz,USPA Gold Cup,Ronnie Hayes,Martin,2020,,,,,104;26,Attacking 30,,,Shot At Goal,Wide,,,,,,,,
Assist (2),886966,25000,Chukka 1,Polito Pieres,La Indiana,,,Live,International Polo Club,Daily Racing Form vs La Indiana,Kimo Huddleston,February 28. 2020,Serarch Livestream,Group,Horton Schwartz,USPA Gold Cup,Ronnie Hayes,Martin,2020,,,,,,,,,,,,,,,Polito Pieres,Unsuccessful,,
Knock In (1),914233,40000,Chukka 1,Tomas Collingwood,Daily Racing Form,Knock In,,Live,International Polo Club,Daily Racing Form vs La Indiana,Kimo Huddleston,February 28. 2020,Serarch Livestream,Group,Horton Schwartz,USPA Gold Cup,Ronnie Hayes,Martin,2020,,,,,,,,,,,,,,,,,Jared Zenni,
Foul (2),962100,25000,Chukka 1,Jared Zenni,Daily Racing Form,,,Live,International Polo Club,Daily Racing Form vs La Indiana,Kimo Huddleston,February 28. 2020,Serarch Livestream,Group,Horton Schwartz,USPA Gold Cup,Ronnie Hayes,Martin,2020,,Foul,Penalty 5B,Dangerous Riding,105;11,Attacking 30,121;9,57;54,,,,,,,,,,
Foul Received (2),962100,25000,Chukka 1,Santiago Gomez Romero,La Indiana,,,Live,International Polo Club,Daily Racing Form vs La Indiana,Kimo Huddleston,February 28. 2020,Serarch Livestream,Group,Horton Schwartz,USPA Gold Cup,Ronnie Hayes,Martin,2020,,Foul Received,Penalty 5B,Dangerous Riding,46;286,Defending 30,,,,,,,,,,,,
Yellow Card,1001633,10000,Chukka 1,Jared Zenni,Daily Racing Form,,,Live,International Polo Club,Daily Racing Form vs La Indiana,Kimo Huddleston,February 28. 2020,Serarch Livestream,Group,Horton Schwartz,USPA Gold Cup,Ronnie Hayes,Martin,2020,,Yellow Card,Penalty 5B,Dangerous Riding,,,,,,,,,,,,,,
Penalty 5b,1062662,30000,Chukka 1,Polito Pieres,La Indiana,Penalty 5b,,Live,International Polo Club,Daily Racing Form vs La Indiana,Kimo Huddleston,February 28. 2020,Serarch Livestream,Group,Horton Schwartz,USPA Gold Cup,Ronnie Hayes,Martin,2020,,,,,,,,,,,,,,,,,,
Shot At Goal (5),1131266,35000,Chukka 1,Jared Zenni,Daily Racing Form,,,Live,International Polo Club,Daily Racing Form vs La Indiana,Kimo Huddleston,February 28. 2020,Serarch Livestream,Group,Horton Schwartz,USPA Gold Cup,Ronnie Hayes,Martin,2020,,,,,30;59,Attacking 60,,,Shot At Goal,Wide,,,,,,,,
Assist (3),1147233,25000,Chukka 1,Agustin Obregon,Daily Racing Form,,,Live,International Polo Club,Daily Racing Form vs La Indiana,Kimo Huddleston,February 28. 2020,Serarch Livestream,Group,Horton Schwartz,USPA Gold Cup,Ronnie Hayes,Martin,2020,,,,,,,,,,,,,,,Agustin Obregon,Unsuccessful,,
Knock In (2),1397200,40000,Chukka 2,Polito Pieres,La Indiana,Knock In,,Live,International Polo Club,Daily Racing Form vs La Indiana,Kimo Huddleston,February 28. 2020,Serarch Livestream,Group,Horton Schwartz,USPA Gold Cup,Ronnie Hayes,Martin,2020,,,,,,,,,,,,,,,,,Jeff Hall,
Chukka Length (1),1401300,713700,Chukka 2,,Team,,,Live,International Polo Club,Daily Racing Form vs La Indiana,Kimo Huddleston,February 28. 2020,Serarch Livestream,Group,Horton Schwartz,USPA Gold Cup,Ronnie Hayes,Martin,2020,Chukka Length,,,,,,,,,,,,,,,,,
Shot At Goal (6),1407933,35000,Chukka 2,Santiago Gomez Romero,La Indiana,,,Live,International Polo Club,Daily Racing Form vs La Indiana,Kimo Huddleston,February 28. 2020,Serarch Livestream,Group,Horton Schwartz,USPA Gold Cup,Ronnie Hayes,Martin,2020,,,,,113;36,Attacking 30,,,Shot At Goal,Wide,,,,,,,,
Knock In (3),1456466,40000,Chukka 2,Tomas Collingwood,Daily Racing Form,Knock In,,Live,International Polo Club,Daily Racing Form vs La Indiana,Kimo Huddleston,February 28. 2020,Serarch Livestream,Group,Horton Schwartz,USPA Gold Cup,Ronnie Hayes,Martin,2020,,,,,,,,,,,,,,,,,Agustin Obregon,
Foul (3),1489400,25000,Chukka 2,Tomas Collingwood,Daily Racing Form,,,Live,International Polo Club,Daily Racing Form vs La Indiana,Kimo Huddleston,February 28. 2020,Serarch Livestream,Group,Horton Schwartz,USPA Gold Cup,Ronnie Hayes,Martin,2020,,Foul,Penalty 30 yards,Crossing,30;285,Defending 30,7;244,54;204,,,,,,,,,,
Foul Received (3),1489400,25000,Chukka 2,Santiago Gomez Romero,La Indiana,,,Live,International Polo Club,Daily Racing Form vs La Indiana,Kimo Huddleston,February 28. 2020,Serarch Livestream,Group,Horton Schwartz,USPA Gold Cup,Ronnie Hayes,Martin,2020,,Foul Received,Penalty 30 yards,Crossing,116;15,Attacking 30,,,,,,,,,,,,
Goal La Indiana (1),1542866,35000,Chukka 2,Polito Pieres,La Indiana,,,Live,International Polo Club,Daily Racing Form vs La Indiana,Kimo Huddleston,February 28. 2020,Serarch Livestream,Group,Horton Schwartz,USPA Gold Cup,Ronnie Hayes,Martin,2020,,,,,,,,,,,Goal La Indiana,,,,,,,
Penalty 30 yards,1562033,15000,Chukka 2,Polito Pieres,La Indiana,,,Live,International Polo Club,Daily Racing Form vs La Indiana,Kimo Huddleston,February 28. 2020,Serarch Livestream,Group,Horton Schwartz,USPA Gold Cup,Ronnie Hayes,Martin,2020,,,,,,,,,,,,Penalty 30 yards,Goal,,,,,
Shot At Goal (7),1585700,35000,Chukka 2,Jared Zenni,Daily Racing Form,,,Live,International Polo Club,Daily Racing Form vs La Indiana,Kimo Huddleston,February 28. 2020,Serarch Livestream,Group,Horton Schwartz,USPA Gold Cup,Ronnie Hayes,Martin,2020,,,,,81;22,Attacking 30,,,Shot At Goal,Wide,,,,,,,,
Throw-in (3),1597733,20000,Chukka 2,Jared Zenni,Daily Racing Form,Throw-in,Daily Racing Form win throw-in,Live,International Polo Club,Daily Racing Form vs La Indiana,Kimo Huddleston,February 28. 2020,Serarch Livestream,Group,Horton Schwartz,USPA Gold Cup,Ronnie Hayes,Martin,2020,,,,,,,,,,,,,,,,,,
Knock In (4),1634433,40000,Chukka 2,Polito Pieres,La Indiana,Knock In,,Live,International Polo Club,Daily Racing Form vs La Indiana,Kimo Huddleston,February 28. 2020,Serarch Livestream,Group,Horton Schwartz,USPA Gold Cup,Ronnie Hayes,Martin,2020,,,,,,,,,,,,,,,,,,
Foul (4),1656700,25000,Chukka 2,Costi Caset,Daily Racing Form,,,Live,International Polo Club,Daily Racing Form vs La Indiana,Kimo Huddleston,February 28. 2020,Serarch Livestream,Group,Horton Schwartz,USPA Gold Cup,Ronnie Hayes,Martin,2020,,Foul,Penalty 5,Blocking,101;34,Attacking 30,43;20,80;52,,,,,,,,,,
Foul Received (4),1656700,25000,Chukka 2,Polito Pieres,La Indiana,,,Live,International Polo Club,Daily Racing Form vs La Indiana,Kimo Huddleston,February 28. 2020,Serarch Livestream,Group,Horton Schwartz,USPA Gold Cup,Ronnie Hayes,Martin,2020,,Foul Received,Penalty 5,Blocking,53;274,Defending 30,,,,,,,,,,,,
Shot At Goal (8),1710133,35000,Chukka 2,Michael Bickford,La Indiana,,,Live,International Polo Club,Daily Racing Form vs La Indiana,Kimo Huddleston,February 28. 2020,Serarch Livestream,Group,Horton Schwartz,USPA Gold Cup,Ronnie Hayes,Martin,2020,,,,,80;61,Attacking 60,,,Shot At Goal,Short,,,,,,,,
Penalty 5,1715266,30000,Chukka 2,Polito Pieres,La Indiana,Penalty 5,,Live,International Polo Club,Daily Racing Form vs La Indiana,Kimo Huddleston,February 28. 2020,Serarch Livestream,Group,Horton Schwartz,USPA Gold Cup,Ronnie Hayes,Martin,2020,,,,,,,,,,,,,,,,,,
Foul (5),1739566,25000,Chukka 2,Jared Zenni,Daily Racing Form,,,Live,International Polo Club,Daily Racing Form vs La Indiana,Kimo Huddleston,February 28. 2020,Serarch Livestream,Group,Horton Schwartz,USPA Gold Cup,Ronnie Hayes,Martin,2020,,Foul,Penalty 30 yards,Right of Way,53;259,Defending 60,87;251,112;281,,,,,,,,,,
Foul Received (5),1739566,25000,Chukka 2,Jeff Hall,La Indiana,,,Live,International Polo Club,Daily Racing Form vs La Indiana,Kimo Huddleston,February 28. 2020,Serarch Livestream,Group,Horton Schwartz,USPA Gold Cup,Ronnie Hayes,Martin,2020,,Foul Received,Penalty 30 yards,Right of Way,101;36,Attacking 30,,,,,,,,,,,,
Goal La Indiana (2),1768466,35000,Chukka 2,Polito Pieres,La Indiana,,,Live,International Polo Club,Daily Racing Form vs La Indiana,Kimo Huddleston,February 28. 2020,Serarch Livestream,Group,Horton Schwartz,USPA Gold Cup,Ronnie Hayes,Martin,2020,,,,,,,,,,,Goal La Indiana,,,,,,,
Penalty 30 yards (1),1786013,15000,Chukka 2,Polito Pieres,La Indiana,,,Live,International Polo Club,Daily Racing Form vs La Indiana,Kimo Huddleston,February 28. 2020,Serarch Livestream,Group,Horton Schwartz,USPA Gold Cup,Ronnie Hayes,Martin,2020,,,,,,,,,,,,Penalty 30 yards,Goal,,,,,
Throw-in (4),1817534,20000,Chukka 2,Jared Zenni,Daily Racing Form,Throw-in,Daily Racing Form win throw-in,Live,International Polo Club,Daily Racing Form vs La Indiana,Kimo Huddleston,February 28. 2020,Serarch Livestream,Group,Horton Schwartz,USPA Gold Cup,Ronnie Hayes,Martin,2020,,,,,,,,,,,,,,,,,,
Shot At Goal (9),1827700,35000,Chukka 2,Michael Bickford,La Indiana,,,Live,International Polo Club,Daily Racing Form vs La Indiana,Kimo Huddleston,February 28. 2020,Serarch Livestream,Group,Horton Schwartz,USPA Gold Cup,Ronnie Hayes,Martin,2020,,,,,81;33,Attacking 30,,,Shot At Goal,Goal,,,,,,,,
Goal La Indiana (3),1830166,35000,Chukka 2,Michael Bickford,La Indiana,,,Live,International Polo Club,Daily Racing Form vs La Indiana,Kimo Huddleston,February 28. 2020,Serarch Livestream,Group,Horton Schwartz,USPA Gold Cup,Ronnie Hayes,Martin,2020,,,,,78;6,Attacking 30,,,,,Goal La Indiana,,,,,,,
Assist (4),1849800,25000,Chukka 2,Polito Pieres,La Indiana,,,Live,International Polo Club,Daily Racing Form vs La Indiana,Kimo Huddleston,February 28. 2020,Serarch Livestream,Group,Horton Schwartz,USPA Gold Cup,Ronnie Hayes,Martin,2020,,,,,,,,,,,,,,,Polito Pieres,Successful,,
Throw-in (5),1887200,20000,Chukka 2,Polito Pieres,La Indiana,Throw-in,La Indiana win throw-in,Live,International Polo Club,Daily Racing Form vs La Indiana,Kimo Huddleston,February 28. 2020,Serarch Livestream,Group,Horton Schwartz,USPA Gold Cup,Ronnie Hayes,Martin,2020,,,,,,,,,,,,,,,,,,
Foul (6),1901133,25000,Chukka 2,Agustin Obregon,Daily Racing Form,,,Live,International Polo Club,Daily Racing Form vs La Indiana,Kimo Huddleston,February 28. 2020,Serarch Livestream,Group,Horton Schwartz,USPA Gold Cup,Ronnie Hayes,Martin,2020,,Foul,Penalty 60 yards,Right of Way,61;218,Defending Half,62;222,104;254,,,,,,,,,,
Foul Received (6),1901133,25000,Chukka 2,Santiago Gomez Romero,La Indiana,,,Live,International Polo Club,Daily Racing Form vs La Indiana,Kimo Huddleston,February 28. 2020,Serarch Livestream,Group,Horton Schwartz,USPA Gold Cup,Ronnie Hayes,Martin,2020,,Foul Received,Penalty 60 yards,Right of Way,87;83,Attacking Half,,,,,,,,,,,,
Penalty 60 yards (2),1983333,15000,Chukka 2,Polito Pieres,La Indiana,,,Live,International Polo Club,Daily Racing Form vs La Indiana,Kimo Huddleston,February 28. 2020,Serarch Livestream,Group,Horton Schwartz,USPA Gold Cup,Ronnie Hayes,Martin,2020,,,,,,,,,,,,Penalty 60 yards,Blocked,,,,,
Penalty Block (3),1996733,10000,Chukka 2,Tomas Collingwood,Daily Racing Form,,,Live,International Polo Club,Daily Racing Form vs La Indiana,Kimo Huddleston,February 28. 2020,Serarch Livestream,Group,Horton Schwartz,USPA Gold Cup,Ronnie Hayes,Martin,2020,,,,,,,,,,,,,,Penalty Block,,,,
Shot At Goal (10),2018933,35000,Chukka 2,Michael Bickford,La Indiana,,,Live,International Polo Club,Daily Racing Form vs La Indiana,Kimo Huddleston,February 28. 2020,Serarch Livestream,Group,Horton Schwartz,USPA Gold Cup,Ronnie Hayes,Martin,2020,,,,,78;79,Attacking Half,,,Shot At Goal,Short,,,,,,,,
Shot At Goal (11),2324700,35000,Chukka 3,Polito Pieres,La Indiana,,,Live,International Polo Club,Daily Racing Form vs La Indiana,Kimo Huddleston,February 28. 2020,Serarch Livestream,Group,Horton Schwartz,USPA Gold Cup,Ronnie Hayes,Martin,2020,,,,,65;58,Attacking 60,,,Shot At Goal,Goal,,,,,,,,
Goal La Indiana (4),2329533,35000,Chukka 3,Polito Pieres,La Indiana,,,Live,International Polo Club,Daily Racing Form vs La Indiana,Kimo Huddleston,February 28. 2020,Serarch Livestream,Group,Horton Schwartz,USPA Gold Cup,Ronnie Hayes,Martin,2020,,,,,76;6,Attacking 30,,,,,Goal La Indiana,,,,,,,Goals
Throw-in (6),2337233,20000,Chukka 3,Polito Pieres,La Indiana,Throw-in,La Indiana win throw-in,Live,International Polo Club,Daily Racing Form vs La Indiana,Kimo Huddleston,February 28. 2020,Serarch Livestream,Group,Horton Schwartz,USPA Gold Cup,Ronnie Hayes,Martin,2020,,,,,,,,,,,,,,,,,,
Chukka Length (2),2341366,1117950,Chukka 3,,Team,,,Live,International Polo Club,Daily Racing Form vs La Indiana,Kimo Huddleston,February 28. 2020,Serarch Livestream,Group,Horton Schwartz,USPA Gold Cup,Ronnie Hayes,Martin,2020,Chukka Length,,,,,,,,,,,,,,,,,
Foul (7),2381033,25000,Chukka 3,Jeff Hall,La Indiana,,,Live,International Polo Club,Daily Racing Form vs La Indiana,Kimo Huddleston,February 28. 2020,Serarch Livestream,Group,Horton Schwartz,USPA Gold Cup,Ronnie Hayes,Martin,2020,,Foul,Penalty 5,Dangerous Riding,60;170,Defending Half,60;135,84;163,,,,,,,,,,
Foul Received (7),2381033,25000,Chukka 3,Jared Zenni,Daily Racing Form,,,Live,International Polo Club,Daily Racing Form vs La Indiana,Kimo Huddleston,February 28. 2020,Serarch Livestream,Group,Horton Schwartz,USPA Gold Cup,Ronnie Hayes,Martin,2020,,Foul Received,Penalty 5,Dangerous Riding,84;126,Attacking Half,,,,,,,,,,,,
Throw-in (7),2381426,20000,Chukka 3,Tomas Collingwood,Daily Racing Form,Throw-in,Daily Racing Form win throw-in,Live,International Polo Club,Daily Racing Form vs La Indiana,Kimo Huddleston,February 28. 2020,Serarch Livestream,Group,Horton Schwartz,USPA Gold Cup,Ronnie Hayes,Martin,2020,,,,,,,,,,,,,,,,,,
Penalty 5 (1),2439333,30000,Chukka 3,Tomas Collingwood,Daily Racing Form,Penalty 5,,Live,International Polo Club,Daily Racing Form vs La Indiana,Kimo Huddleston,February 28. 2020,Serarch Livestream,Group,Horton Schwartz,USPA Gold Cup,Ronnie Hayes,Martin,2020,,,,,,,,,,,,,,,,,,
Shot At Goal (12),2449733,35000,Chukka 3,Agustin Obregon,Daily Racing Form,,,Live,International Polo Club,Daily Racing Form vs La Indiana,Kimo Huddleston,February 28. 2020,Serarch Livestream,Group,Horton Schwartz,USPA Gold Cup,Ronnie Hayes,Martin,2020,,,,,64;53,Attacking 60,,,Shot At Goal,Blocked,,,,,,,,
Shot Block,2475966,10000,Chukka 3,Michael Bickford,La Indiana,,,Live,International Polo Club,Daily Racing Form vs La Indiana,Kimo Huddleston,February 28. 2020,Serarch Livestream,Group,Horton Schwartz,USPA Gold Cup,Ronnie Hayes,Martin,2020,,,,,,,,,,,,,,Shot Block,,,,
Shot At Goal (13),2481866,35000,Chukka 3,Agustin Obregon,Daily Racing Form,,,Live,International Polo Club,Daily Racing Form vs La Indiana,Kimo Huddleston,February 28. 2020,Serarch Livestream,Group,Horton Schwartz,USPA Gold Cup,Ronnie Hayes,Martin,2020,,,,,69;48,Attacking 60,,,Shot At Goal,Goal,,,,,,,,
Goal Daily Racing Form (1),2486566,35000,Chukka 3,Agustin Obregon,Daily Racing Form,,,Live,International Polo Club,Daily Racing Form vs La Indiana,Kimo Huddleston,February 28. 2020,Serarch Livestream,Group,Horton Schwartz,USPA Gold Cup,Ronnie Hayes,Martin,2020,,,,,74;2,Attacking 30,,,,,Goal Daily Racing Form,,,,,,,
Assist (5),2496900,25000,Chukka 3,Costi Caset,Daily Racing Form,,,Live,International Polo Club,Daily Racing Form vs La Indiana,Kimo Huddleston,February 28. 2020,Serarch Livestream,Group,Horton Schwartz,USPA Gold Cup,Ronnie Hayes,Martin,2020,,,,,,,,,,,,,,,Costi Caset,Successful,,
Throw-in (8),2537666,20000,Chukka 3,Agustin Obregon,Daily Racing Form,Throw-in,Daily Racing Form win throw-in,Live,International Polo Club,Daily Racing Form vs La Indiana,Kimo Huddleston,February 28. 2020,Serarch Livestream,Group,Horton Schwartz,USPA Gold Cup,Ronnie Hayes,Martin,2020,,,,,,,,,,,,,,,,,,
Foul (8),2551333,25000,Chukka 3,Michael Bickford,La Indiana,,,Live,International Polo Club,Daily Racing Form vs La Indiana,Kimo Huddleston,February 28. 2020,Serarch Livestream,Group,Horton Schwartz,USPA Gold Cup,Ronnie Hayes,Martin,2020,,Foul,Penalty 5,Right of Way,133;216,Defending Half,144;201,108;218,,,,,,,,,,
Foul Received (8),2551333,25000,Chukka 3,Agustin Obregon,Daily Racing Form,,,Live,International Polo Club,Daily Racing Form vs La Indiana,Kimo Huddleston,February 28. 2020,Serarch Livestream,Group,Horton Schwartz,USPA Gold Cup,Ronnie Hayes,Martin,2020,,Foul Received,Penalty 5,Right of Way,19;86,Attacking Half,,,,,,,,,,,,
Penalty 5 (2),2611600,30000,Chukka 3,Tomas Collingwood,Daily Racing Form,Penalty 5,,Live,International Polo Club,Daily Racing Form vs La Indiana,Kimo Huddleston,February 28. 2020,Serarch Livestream,Group,Horton Schwartz,USPA Gold Cup,Ronnie Hayes,Martin,2020,,,,,,,,,,,,,,,,,,
Foul (9),2615533,25000,Chukka 3,Agustin Obregon,Daily Racing Form,,,Live,International Polo Club,Daily Racing Form vs La Indiana,Kimo Huddleston,February 28. 2020,Serarch Livestream,Group,Horton Schwartz,USPA Gold Cup,Ronnie Hayes,Martin,2020,,Foul,Penalty 5,Dangerous Riding,59;21,Attacking 30,44;71,105;61,,,,,,,,,,
Foul Received (9),2615533,25000,Chukka 3,Santiago Gomez Romero,La Indiana,,,Live,International Polo Club,Daily Racing Form vs La Indiana,Kimo Huddleston,February 28. 2020,Serarch Livestream,Group,Horton Schwartz,USPA Gold Cup,Ronnie Hayes,Martin,2020,,Foul Received,Penalty 5,Dangerous Riding,91;285,Defending 30,,,,,,,,,,,,
Penalty 5 (3),2720900,30000,Chukka 3,Polito Pieres,La Indiana,Penalty 5,,Live,International Polo Club,Daily Racing Form vs La Indiana,Kimo Huddleston,February 28. 2020,Serarch Livestream,Group,Horton Schwartz,USPA Gold Cup,Ronnie Hayes,Martin,2020,,,,,,,,,,,,,,,,,,
Foul (10),2733833,25000,Chukka 3,Jared Zenni,Daily Racing Form,,,Live,International Polo Club,Daily Racing Form vs La Indiana,Kimo Huddleston,February 28. 2020,Serarch Livestream,Group,Horton Schwartz,USPA Gold Cup,Ronnie Hayes,Martin,2020,,Foul,Reversed Call,Dangerous Use of Mallet,112;204,Defending Half,112;188,78;202,,,,,,,,,,
Foul Received (10),2733833,25000,Chukka 3,Polito Pieres,La Indiana,,,Live,International Polo Club,Daily Racing Form vs La Indiana,Kimo Huddleston,February 28. 2020,Serarch Livestream,Group,Horton Schwartz,USPA Gold Cup,Ronnie Hayes,Martin,2020,,Foul Received,Reversed Call,Dangerous Use of Mallet,29;99,Attacking Half,,,,,,,,,,,,
Shot At Goal (14),3035866,35000,Chukka 3,Santiago Gomez Romero,La Indiana,,,Live,International Polo Club,Daily Racing Form vs La Indiana,Kimo Huddleston,February 28. 2020,Serarch Livestream,Group,Horton Schwartz,USPA Gold Cup,Ronnie Hayes,Martin,2020,,,,,84;16,Attacking 30,,,Shot At Goal,Goal,,,,,,,,
Goal La Indiana (5),3037866,35000,Chukka 3,Santiago Gomez Romero,La Indiana,,,Live,International Polo Club,Daily Racing Form vs La Indiana,Kimo Huddleston,February 28. 2020,Serarch Livestream,Group,Horton Schwartz,USPA Gold Cup,Ronnie Hayes,Martin,2020,,,,,76;8,Attacking 30,,,,,Goal La Indiana,,,,,,,
Throw-in (9),3044600,20000,Chukka 3,Polito Pieres,La Indiana,Throw-in,La Indiana win throw-in,Live,International Polo Club,Daily Racing Form vs La Indiana,Kimo Huddleston,February 28. 2020,Serarch Livestream,Group,Horton Schwartz,USPA Gold Cup,Ronnie Hayes,Martin,2020,,,,,,,,,,,,,,,,,,
Assist (6),3056133,25000,Chukka 3,Polito Pieres,La Indiana,,,Live,International Polo Club,Daily Racing Form vs La Indiana,Kimo Huddleston,February 28. 2020,Serarch Livestream,Group,Horton Schwartz,USPA Gold Cup,Ronnie Hayes,Martin,2020,,,,,,,,,,,,,,,Polito Pieres,Successful,,
Throw-in (10),3093133,20000,Chukka 3,Jared Zenni,Daily Racing Form,Throw-in,Daily Racing Form win throw-in,Live,International Polo Club,Daily Racing Form vs La Indiana,Kimo Huddleston,February 28. 2020,Serarch Livestream,Group,Horton Schwartz,USPA Gold Cup,Ronnie Hayes,Martin,2020,,,,,,,,,,,,,,,,,,
Foul (11),3115100,25000,Chukka 3,Santiago Gomez Romero,La Indiana,,,Live,International Polo Club,Daily Racing Form vs La Indiana,Kimo Huddleston,February 28. 2020,Serarch Livestream,Group,Horton Schwartz,USPA Gold Cup,Ronnie Hayes,Martin,2020,,Foul,Penalty 60 yards,Crossing,87;124,Attacking Half,94;89,139;59,,,,,,,,,,
Foul Received (11),3115100,25000,Chukka 3,Tomas Collingwood,Daily Racing Form,,,Live,International Polo Club,Daily Racing Form vs La Indiana,Kimo Huddleston,February 28. 2020,Serarch Livestream,Group,Horton Schwartz,USPA Gold Cup,Ronnie Hayes,Martin,2020,,Foul Received,Penalty 60 yards,Crossing,59;172,Defending Half,,,,,,,,,,,,
Penalty 60 yards (3),3200143,15000,Chukka 3,Jared Zenni,Daily Racing Form,,,Live,International Polo Club,Daily Racing Form vs La Indiana,Kimo Huddleston,February 28. 2020,Serarch Livestream,Group,Horton Schwartz,USPA Gold Cup,Ronnie Hayes,Martin,2020,,,,,,,,,,,,Penalty 60 yards,Wide,,,,,
Knock In (5),3228300,40000,Chukka 3,Polito Pieres,La Indiana,Knock In,,Live,International Polo Club,Daily Racing Form vs La Indiana,Kimo Huddleston,February 28. 2020,Serarch Livestream,Group,Horton Schwartz,USPA Gold Cup,Ronnie Hayes,Martin,2020,,,,,,,,,,,,,,,,,,
Foul (12),3248799,25000,Chukka 3,Jared Zenni,Daily Racing Form,,,Live,International Polo Club,Daily Racing Form vs La Indiana,Kimo Huddleston,February 28. 2020,Serarch Livestream,Group,Horton Schwartz,USPA Gold Cup,Ronnie Hayes,Martin,2020,,Foul,Penalty 40 yards,Blocking,4;236,Defending 60,103;248,142;207,,,,,,,,,,
Foul Received (12),3248799,25000,Chukka 3,Santiago Gomez Romero,La Indiana,,,Live,International Polo Club,Daily Racing Form vs La Indiana,Kimo Huddleston,February 28. 2020,Serarch Livestream,Group,Horton Schwartz,USPA Gold Cup,Ronnie Hayes,Martin,2020,,Foul Received,Penalty 40 yards,Blocking,148;65,Attacking 60,,,,,,,,,,,,
Goal La Indiana (6),3303100,35000,Chukka 3,Polito Pieres,La Indiana,,,Live,International Polo Club,Daily Racing Form vs La Indiana,Kimo Huddleston,February 28. 2020,Serarch Livestream,Group,Horton Schwartz,USPA Gold Cup,Ronnie Hayes,Martin,2020,,,,,,,,,,,Goal La Indiana,,,,,,,
Penalty 40 yards,3320502,15000,Chukka 3,Polito Pieres,La Indiana,,,Live,International Polo Club,Daily Racing Form vs La Indiana,Kimo Huddleston,February 28. 2020,Serarch Livestream,Group,Horton Schwartz,USPA Gold Cup,Ronnie Hayes,Martin,2020,,,,,,,,,,,,Penalty 40 yards,Goal,,,,,
Shot At Goal (15),3351100,35000,Chukka 3,Jared Zenni,Daily Racing Form,,,Live,International Polo Club,Daily Racing Form vs La Indiana,Kimo Huddleston,February 28. 2020,Serarch Livestream,Group,Horton Schwartz,USPA Gold Cup,Ronnie Hayes,Martin,2020,,,,,56;59,Attacking 60,,,Shot At Goal,Wide,,,,,,,,
Throw-in (11),3351500,20000,Chukka 3,Polito Pieres,La Indiana,Throw-in,La Indiana win throw-in,Live,International Polo Club,Daily Racing Form vs La Indiana,Kimo Huddleston,February 28. 2020,Serarch Livestream,Group,Horton Schwartz,USPA Gold Cup,Ronnie Hayes,Martin,2020,,,,,,,,,,,,,,,,,,
Knock In (6),3397491,40000,Chukka 3,Polito Pieres,La Indiana,Knock In,,Live,International Polo Club,Daily Racing Form vs La Indiana,Kimo Huddleston,February 28. 2020,Serarch Livestream,Group,Horton Schwartz,USPA Gold Cup,Ronnie Hayes,Martin,2020,,,,,,,,,,,,,,,,,,
Shot At Goal (16),3412033,35000,Chukka 3,Jeff Hall,La Indiana,,,Live,International Polo Club,Daily Racing Form vs La Indiana,Kimo Huddleston,February 28. 2020,Serarch Livestream,Group,Horton Schwartz,USPA Gold Cup,Ronnie Hayes,Martin,2020,,,,,146;47,Attacking 60,,,Shot At Goal,Short,,,,,,,,
Shot At Goal (39),3988600,35000,Chukka 4,Jeff Hall,La Indiana,,,Live,International Polo Club,Daily Racing Form vs La Indiana,Kimo Huddleston,February 28. 2020,Serarch Livestream,Group,Horton Schwartz,USPA Gold Cup,Ronnie Hayes,Martin,2020,,,,,55;24,Attacking 30,,,Shot At Goal,Goal,,,,,,,,
Goal La Indiana (7),3990833,35000,Chukka 4,Jeff Hall,La Indiana,,,Live,International Polo Club,Daily Racing Form vs La Indiana,Kimo Huddleston,February 28. 2020,Serarch Livestream,Group,Horton Schwartz,USPA Gold Cup,Ronnie Hayes,Martin,2020,,,,,76;4,Attacking 30,,,,,Goal La Indiana,,,,,,,
Throw-in (25),4007000,20000,Chukka 4,Jeff Hall,La Indiana,Throw-in,La Indiana win throw-in,Live,International Polo Club,Daily Racing Form vs La Indiana,Kimo Huddleston,February 28. 2020,Serarch Livestream,Group,Horton Schwartz,USPA Gold Cup,Ronnie Hayes,Martin,2020,,,,,,,,,,,,,,,,,,
Chukka Length (3),4011866,590633,Chukka 4,,Team,,,Live,International Polo Club,Daily Racing Form vs La Indiana,Kimo Huddleston,February 28. 2020,Serarch Livestream,Group,Horton Schwartz,USPA Gold Cup,Ronnie Hayes,Martin,2020,Chukka Length,,,,,,,,,,,,,,,,,
Throw-in (12),4046233,20000,Chukka 4,Jeff Hall,La Indiana,Throw-in,La Indiana win throw-in,Live,International Polo Club,Daily Racing Form vs La Indiana,Kimo Huddleston,February 28. 2020,Serarch Livestream,Group,Horton Schwartz,USPA Gold Cup,Ronnie Hayes,Martin,2020,,,,,,,,,,,,,,,,,,
Foul (13),4052800,25000,Chukka 4,Agustin Obregon,Daily Racing Form,,,Live,International Polo Club,Daily Racing Form vs La Indiana,Kimo Huddleston,February 28. 2020,Serarch Livestream,Group,Horton Schwartz,USPA Gold Cup,Ronnie Hayes,Martin,2020,,Foul,Penalty 60 yards,Crossing,114;195,Defending Half,144;211,114;235,,,,,,,,,,
Foul Received (13),4052800,25000,Chukka 4,Michael Bickford,La Indiana,,,Live,International Polo Club,Daily Racing Form vs La Indiana,Kimo Huddleston,February 28. 2020,Serarch Livestream,Group,Horton Schwartz,USPA Gold Cup,Ronnie Hayes,Martin,2020,,Foul Received,Penalty 60 yards,Crossing,32;102,Attacking Half,,,,,,,,,,,,
Penalty 60 yards (4),4142600,15000,Chukka 4,Polito Pieres,La Indiana,,,Live,International Polo Club,Daily Racing Form vs La Indiana,Kimo Huddleston,February 28. 2020,Serarch Livestream,Group,Horton Schwartz,USPA Gold Cup,Ronnie Hayes,Martin,2020,,,,,,,,,,,,Penalty 60 yards,Wide,,,,,
Knock In (7),4166127,40000,Chukka 4,Tomas Collingwood,Daily Racing Form,Knock In,,Live,International Polo Club,Daily Racing Form vs La Indiana,Kimo Huddleston,February 28. 2020,Serarch Livestream,Group,Horton Schwartz,USPA Gold Cup,Ronnie Hayes,Martin,2020,,,,,,,,,,,,,,,,,Agustin Obregon,
Shot At Goal (17),4167700,35000,Chukka 4,Jeff Hall,La Indiana,,,Live,International Polo Club,Daily Racing Form vs La Indiana,Kimo Huddleston,February 28. 2020,Serarch Livestream,Group,Horton Schwartz,USPA Gold Cup,Ronnie Hayes,Martin,2020,,,,,57;36,Attacking 30,,,Shot At Goal,Goal,,,,,,,,
Goal La Indiana (8),4172066,35000,Chukka 4,Jeff Hall,La Indiana,,,Live,International Polo Club,Daily Racing Form vs La Indiana,Kimo Huddleston,February 28. 2020,Serarch Livestream,Group,Horton Schwartz,USPA Gold Cup,Ronnie Hayes,Martin,2020,,,,,76;8,Attacking 30,,,,,Goal La Indiana,,,,,,,Goals
Throw-in (13),4227466,20000,Chukka 4,Jeff Hall,La Indiana,Throw-in,La Indiana win throw-in,Live,International Polo Club,Daily Racing Form vs La Indiana,Kimo Huddleston,February 28. 2020,Serarch Livestream,Group,Horton Schwartz,USPA Gold Cup,Ronnie Hayes,Martin,2020,,,,,,,,,,,,,,,,,,
Shot At Goal (18),4232733,35000,Chukka 4,Santiago Gomez Romero,La Indiana,,,Live,International Polo Club,Daily Racing Form vs La Indiana,Kimo Huddleston,February 28. 2020,Serarch Livestream,Group,Horton Schwartz,USPA Gold Cup,Ronnie Hayes,Martin,2020,,,,,61;12,Attacking 30,,,Shot At Goal,Goal,,,,,,,,
Goal La Indiana (9),4234233,35000,Chukka 4,Santiago Gomez Romero,La Indiana,,,Live,International Polo Club,Daily Racing Form vs La Indiana,Kimo Huddleston,February 28. 2020,Serarch Livestream,Group,Horton Schwartz,USPA Gold Cup,Ronnie Hayes,Martin,2020,,,,,71;3,Attacking 30,,,,,Goal La Indiana,,,,,,,
Assist (8),4249233,25000,Chukka 4,Jeff Hall,La Indiana,,,Live,International Polo Club,Daily Racing Form vs La Indiana,Kimo Huddleston,February 28. 2020,Serarch Livestream,Group,Horton Schwartz,USPA Gold Cup,Ronnie Hayes,Martin,2020,,,,,,,,,,,,,,,Jeff Hall,Successful,,
Throw-in (14),4293100,20000,Chukka 4,Jared Zenni,Daily Racing Form,Throw-in,Daily Racing Form win throw-in,Live,International Polo Club,Daily Racing Form vs La Indiana,Kimo Huddleston,February 28. 2020,Serarch Livestream,Group,Horton Schwartz,USPA Gold Cup,Ronnie Hayes,Martin,2020,,,,,,,,,,,,,,,,,,
Foul (14),4301500,25000,Chukka 4,Jared Zenni,Daily Racing Form,,,Live,International Polo Club,Daily Racing Form vs La Indiana,Kimo Huddleston,February 28. 2020,Serarch Livestream,Group,Horton Schwartz,USPA Gold Cup,Ronnie Hayes,Martin,2020,,Foul,Penalty 5,Right of Way,122;25,Attacking 30,51;81,128;57,,,,,,,,,,
Foul Received (14),4301500,25000,Chukka 4,Polito Pieres,La Indiana,,,Live,International Polo Club,Daily Racing Form vs La Indiana,Kimo Huddleston,February 28. 2020,Serarch Livestream,Group,Horton Schwartz,USPA Gold Cup,Ronnie Hayes,Martin,2020,,Foul Received,Penalty 5,Right of Way,25;279,Defending 30,,,,,,,,,,,,
Penalty 5 (4),4339133,30000,Chukka 4,Polito Pieres,La Indiana,Penalty 5,,Live,International Polo Club,Daily Racing Form vs La Indiana,Kimo Huddleston,February 28. 2020,Serarch Livestream,Group,Horton Schwartz,USPA Gold Cup,Ronnie Hayes,Martin,2020,,,,,,,,,,,,,,,,,,
Shot At Goal (19),4346500,35000,Chukka 4,Costi Caset,Daily Racing Form,,,Live,International Polo Club,Daily Racing Form vs La Indiana,Kimo Huddleston,February 28. 2020,Serarch Livestream,Group,Horton Schwartz,USPA Gold Cup,Ronnie Hayes,Martin,2020,,,,,81;13,Attacking 30,,,Shot At Goal,Goal,,,,,,,,
Goal Daily Racing Form (2),4347266,35000,Chukka 4,Costi Caset,Daily Racing Form,,,Live,International Polo Club,Daily Racing Form vs La Indiana,Kimo Huddleston,February 28. 2020,Serarch Livestream,Group,Horton Schwartz,USPA Gold Cup,Ronnie Hayes,Martin,2020,,,,,76;3,Attacking 30,,,,,Goal Daily Racing Form,,,,,,,Goals
Assist (9),4362600,25000,Chukka 4,Jared Zenni,Daily Racing Form,,,Live,International Polo Club,Daily Racing Form vs La Indiana,Kimo Huddleston,February 28. 2020,Serarch Livestream,Group,Horton Schwartz,USPA Gold Cup,Ronnie Hayes,Martin,2020,,,,,,,,,,,,,,,Jared Zenni,Successful,,
Shot At Goal (20),4399000,35000,Chukka 4,Agustin Obregon,Daily Racing Form,,,Live,International Polo Club,Daily Racing Form vs La Indiana,Kimo Huddleston,February 28. 2020,Serarch Livestream,Group,Horton Schwartz,USPA Gold Cup,Ronnie Hayes,Martin,2020,,,,,116;34,Attacking 30,,,Shot At Goal,Wide,,,,,,,,
Throw-in (15),4406800,20000,Chukka 4,Jared Zenni,Daily Racing Form,Throw-in,Daily Racing Form win throw-in,Live,International Polo Club,Daily Racing Form vs La Indiana,Kimo Huddleston,February 28. 2020,Serarch Livestream,Group,Horton Schwartz,USPA Gold Cup,Ronnie Hayes,Martin,2020,,,,,,,,,,,,,,,,,,
Knock In (8),4445100,40000,Chukka 4,Jeff Hall,La Indiana,Knock In,,Live,International Polo Club,Daily Racing Form vs La Indiana,Kimo Huddleston,February 28. 2020,Serarch Livestream,Group,Horton Schwartz,USPA Gold Cup,Ronnie Hayes,Martin,2020,,,,,,,,,,,,,,,,,,
Shot At Goal (21),4489266,35000,Chukka 4,Polito Pieres,La Indiana,,,Live,International Polo Club,Daily Racing Form vs La Indiana,Kimo Huddleston,February 28. 2020,Serarch Livestream,Group,Horton Schwartz,USPA Gold Cup,Ronnie Hayes,Martin,2020,,,,,103;63,Attacking 60,,,Shot At Goal,Blocked,,,,,,,,
Non Call (1),4497566,20000,Chukka 4,,Team,,,Live,International Polo Club,Daily Racing Form vs La Indiana,Kimo Huddleston,February 28. 2020,Serarch Livestream,Group,Horton Schwartz,USPA Gold Cup,Ronnie Hayes,Martin,2020,,Non Call,,Right of Way,,,,,,,,,,,,,,
Shot Block (1),4514266,10000,Chukka 4,Jared Zenni,Daily Racing Form,,,Live,International Polo Club,Daily Racing Form vs La Indiana,Kimo Huddleston,February 28. 2020,Serarch Livestream,Group,Horton Schwartz,USPA Gold Cup,Ronnie Hayes,Martin,2020,,,,,,,,,,,,,,Shot Block,,,,
Shot At Goal (22),4543500,35000,Chukka 4,Tomas Collingwood,Daily Racing Form,,,Live,International Polo Club,Daily Racing Form vs La Indiana,Kimo Huddleston,February 28. 2020,Serarch Livestream,Group,Horton Schwartz,USPA Gold Cup,Ronnie Hayes,Martin,2020,,,,,127;39,Attacking 60,,,Shot At Goal,Wide,,,,,,,,
Knock In (9),4826300,40000,Chukka 5,Polito Pieres,La Indiana,Knock In,,Live,International Polo Club,Daily Racing Form vs La Indiana,Kimo Huddleston,February 28. 2020,Serarch Livestream,Group,Horton Schwartz,USPA Gold Cup,Ronnie Hayes,Martin,2020,,,,,,,,,,,,,,,,,Jeff Hall,
Chukka Length (4),4830200,114166,Chukka 5,,Team,,,Live,International Polo Club,Daily Racing Form vs La Indiana,Kimo Huddleston,February 28. 2020,Serarch Livestream,Group,Horton Schwartz,USPA Gold Cup,Ronnie Hayes,Martin,2020,Chukka Length,,,,,,,,,,,,,,,,,
Shot At Goal (23),4837233,35000,Chukka 5,Tomas Collingwood,Daily Racing Form,,,Live,International Polo Club,Daily Racing Form vs La Indiana,Kimo Huddleston,February 28. 2020,Serarch Livestream,Group,Horton Schwartz,USPA Gold Cup,Ronnie Hayes,Martin,2020,,,,,105;59,Attacking 60,,,Shot At Goal,Wide,,,,,,,,
Free Hit,4858461,20000,Chukka 5,Tomas Collingwood,Daily Racing Form,Free Hit,,Live,International Polo Club,Daily Racing Form vs La Indiana,Kimo Huddleston,February 28. 2020,Serarch Livestream,Group,Horton Schwartz,USPA Gold Cup,Ronnie Hayes,Martin,2020,,,,,,,,,,,,,,,,,,
Knock In (10),4886283,40000,Chukka 5,Polito Pieres,La Indiana,Knock In,,Live,International Polo Club,Daily Racing Form vs La Indiana,Kimo Huddleston,February 28. 2020,Serarch Livestream,Group,Horton Schwartz,USPA Gold Cup,Ronnie Hayes,Martin,2020,,,,,,,,,,,,,,,,,,
Foul (15),4906566,25000,Chukka 5,Michael Bickford,La Indiana,,,Live,International Polo Club,Daily Racing Form vs La Indiana,Kimo Huddleston,February 28. 2020,Serarch Livestream,Group,Horton Schwartz,USPA Gold Cup,Ronnie Hayes,Martin,2020,,Foul,Penalty 40 yards,Dangerous Use of Mallet,122;238,Defending 60,130;235,80;211,,,,,,,,,,
Foul Received (16),4906566,25000,Chukka 5,Tomas Collingwood,Daily Racing Form,,,Live,International Polo Club,Daily Racing Form vs La Indiana,Kimo Huddleston,February 28. 2020,Serarch Livestream,Group,Horton Schwartz,USPA Gold Cup,Ronnie Hayes,Martin,2020,,Foul Received,Penalty 40 yards,Dangerous Use of Mallet,20;57,Attacking 60,,,,,,,,,,,,
Injury Time,4928213,120152,Chukka 5,,Team,,,Live,International Polo Club,Daily Racing Form vs La Indiana,Kimo Huddleston,February 28. 2020,Serarch Livestream,Group,Horton Schwartz,USPA Gold Cup,Ronnie Hayes,Martin,2020,Injury Time,,,,,,,,,,,,,,,,,
Goal Daily Racing Form (3),5026366,35000,Chukka 5,Jared Zenni,Daily Racing Form,,,Live,International Polo Club,Daily Racing Form vs La Indiana,Kimo Huddleston,February 28. 2020,Serarch Livestream,Group,Horton Schwartz,USPA Gold Cup,Ronnie Hayes,Martin,2020,,,,,,,,,,,Goal Daily Racing Form,,,,,,,
Penalty 40 yards (1),5040233,15000,Chukka 5,Jared Zenni,Daily Racing Form,,,Live,International Polo Club,Daily Racing Form vs La Indiana,Kimo Huddleston,February 28. 2020,Serarch Livestream,Group,Horton Schwartz,USPA Gold Cup,Ronnie Hayes,Martin,2020,,,,,,,,,,,,Penalty 40 yards,Goal,,,,,
Chukka Length (5),5050260,481906,Chukka 5,,Team,,,Live,International Polo Club,Daily Racing Form vs La Indiana,Kimo Huddleston,February 28. 2020,Serarch Livestream,Group,Horton Schwartz,USPA Gold Cup,Ronnie Hayes,Martin,2020,Chukka Length,,,,,,,,,,,,,,,,,
Shot At Goal (24),5066733,35000,Chukka 5,Jeff Hall,La Indiana,,,Live,International Polo Club,Daily Racing Form vs La Indiana,Kimo Huddleston,February 28. 2020,Serarch Livestream,Group,Horton Schwartz,USPA Gold Cup,Ronnie Hayes,Martin,2020,,,,,54;39,Attacking 60,,,Shot At Goal,Goal,,,,,,,,
Goal La Indiana (10),5068333,35000,Chukka 5,Jeff Hall,La Indiana,,,Live,International Polo Club,Daily Racing Form vs La Indiana,Kimo Huddleston,February 28. 2020,Serarch Livestream,Group,Horton Schwartz,USPA Gold Cup,Ronnie Hayes,Martin,2020,,,,,73;6,Attacking 30,,,,,Goal La Indiana,,,,,,,Goals
Throw-in (16),5073266,20000,Chukka 5,Jared Zenni,Daily Racing Form,Throw-in,Daily Racing Form win throw-in,Live,International Polo Club,Daily Racing Form vs La Indiana,Kimo Huddleston,February 28. 2020,Serarch Livestream,Group,Horton Schwartz,USPA Gold Cup,Ronnie Hayes,Martin,2020,,,,,,,,,,,,,,,,,,
Throw-in (17),5123633,20000,Chukka 5,Jared Zenni,Daily Racing Form,Throw-in,Daily Racing Form win throw-in,Live,International Polo Club,Daily Racing Form vs La Indiana,Kimo Huddleston,February 28. 2020,Serarch Livestream,Group,Horton Schwartz,USPA Gold Cup,Ronnie Hayes,Martin,2020,,,,,,,,,,,,,,,,,,
Shot At Goal (25),5127900,35000,Chukka 5,Agustin Obregon,Daily Racing Form,,,Live,International Polo Club,Daily Racing Form vs La Indiana,Kimo Huddleston,February 28. 2020,Serarch Livestream,Group,Horton Schwartz,USPA Gold Cup,Ronnie Hayes,Martin,2020,,,,,55;17,Attacking 30,,,Shot At Goal,Goal,,,,,,,,
Goal Daily Racing Form (4),5130200,35000,Chukka 5,Agustin Obregon,Daily Racing Form,,,Live,International Polo Club,Daily Racing Form vs La Indiana,Kimo Huddleston,February 28. 2020,Serarch Livestream,Group,Horton Schwartz,USPA Gold Cup,Ronnie Hayes,Martin,2020,,,,,73;6,Attacking 30,,,,,Goal Daily Racing Form,,,,,,,
Throw-in (18),5185633,20000,Chukka 5,Jared Zenni,Daily Racing Form,Throw-in,Daily Racing Form win throw-in,Live,International Polo Club,Daily Racing Form vs La Indiana,Kimo Huddleston,February 28. 2020,Serarch Livestream,Group,Horton Schwartz,USPA Gold Cup,Ronnie Hayes,Martin,2020,,,,,,,,,,,,,,,,,,
Non Call (2),5196333,20000,Chukka 5,,Team,,,Live,International Polo Club,Daily Racing Form vs La Indiana,Kimo Huddleston,February 28. 2020,Serarch Livestream,Group,Horton Schwartz,USPA Gold Cup,Ronnie Hayes,Martin,2020,,Non Call,,Right of Way,,,,,,,,,,,,,,
Shot At Goal (26),5197100,35000,Chukka 5,Tomas Collingwood,Daily Racing Form,,,Live,International Polo Club,Daily Racing Form vs La Indiana,Kimo Huddleston,February 28. 2020,Serarch Livestream,Group,Horton Schwartz,USPA Gold Cup,Ronnie Hayes,Martin,2020,,,,,52;18,Attacking 30,,,Shot At Goal,Wide,,,,,,,,
Assist (10),5216433,25000,Chukka 5,Costi Caset,Daily Racing Form,,,Live,International Polo Club,Daily Racing Form vs La Indiana,Kimo Huddleston,February 28. 2020,Serarch Livestream,Group,Horton Schwartz,USPA Gold Cup,Ronnie Hayes,Martin,2020,,,,,,,,,,,,,,,Costi Caset,Unsuccessful,,
Knock In (11),5243233,40000,Chukka 5,Polito Pieres,La Indiana,Knock In,,Live,International Polo Club,Daily Racing Form vs La Indiana,Kimo Huddleston,February 28. 2020,Serarch Livestream,Group,Horton Schwartz,USPA Gold Cup,Ronnie Hayes,Martin,2020,,,,,,,,,,,,,,,,,,
Non Call (3),5247133,20000,Chukka 5,,Team,,,Live,International Polo Club,Daily Racing Form vs La Indiana,Kimo Huddleston,February 28. 2020,Serarch Livestream,Group,Horton Schwartz,USPA Gold Cup,Ronnie Hayes,Martin,2020,,Non Call,,Dangerous Riding,,,,,,,,,,,,,,
Shot At Goal (27),5277066,35000,Chukka 5,Santiago Gomez Romero,La Indiana,,,Live,International Polo Club,Daily Racing Form vs La Indiana,Kimo Huddleston,February 28. 2020,Serarch Livestream,Group,Horton Schwartz,USPA Gold Cup,Ronnie Hayes,Martin,2020,,,,,55;22,Attacking 30,,,Shot At Goal,Goal,,,,,,,,
Goal La Indiana (11),5277600,35000,Chukka 5,Santiago Gomez Romero,La Indiana,,,Live,International Polo Club,Daily Racing Form vs La Indiana,Kimo Huddleston,February 28. 2020,Serarch Livestream,Group,Horton Schwartz,USPA Gold Cup,Ronnie Hayes,Martin,2020,,,,,78;7,Attacking 30,,,,,Goal La Indiana,,,,,,,
Assist (12),5286461,25000,Chukka 5,Polito Pieres,La Indiana,,,Live,International Polo Club,Daily Racing Form vs La Indiana,Kimo Huddleston,February 28. 2020,Serarch Livestream,Group,Horton Schwartz,USPA Gold Cup,Ronnie Hayes,Martin,2020,,,,,,,,,,,,,,,Polito Pieres,Successful,,
Assist (11),5293700,25000,Chukka 5,Polito Pieres,La Indiana,,,Live,International Polo Club,Daily Racing Form vs La Indiana,Kimo Huddleston,February 28. 2020,Serarch Livestream,Group,Horton Schwartz,USPA Gold Cup,Ronnie Hayes,Martin,2020,,,,,,,,,,,,,,,Assist,Successful,,
Shot At Goal (28),5335200,35000,Chukka 5,Santiago Gomez Romero,La Indiana,,,Live,International Polo Club,Daily Racing Form vs La Indiana,Kimo Huddleston,February 28. 2020,Serarch Livestream,Group,Horton Schwartz,USPA Gold Cup,Ronnie Hayes,Martin,2020,,,,,98;9,Attacking 30,,,Shot At Goal,Wide,,,,,,,,
Throw-in (19),5336266,20000,Chukka 5,Tomas Collingwood,Daily Racing Form,Throw-in,Daily Racing Form win throw-in,Live,International Polo Club,Daily Racing Form vs La Indiana,Kimo Huddleston,February 28. 2020,Serarch Livestream,Group,Horton Schwartz,USPA Gold Cup,Ronnie Hayes,Martin,2020,,,,,,,,,,,,,,,,,,
Knock In (12),5469533,40000,Chukka 5,Tomas Collingwood,Daily Racing Form,Knock In,,Live,International Polo Club,Daily Racing Form vs La Indiana,Kimo Huddleston,February 28. 2020,Serarch Livestream,Group,Horton Schwartz,USPA Gold Cup,Ronnie Hayes,Martin,2020,,,,,,,,,,,,,,,,,,
Shot At Goal (29),5710866,35000,Chukka 6,Jared Zenni,Daily Racing Form,,,Live,International Polo Club,Daily Racing Form vs La Indiana,Kimo Huddleston,February 28. 2020,Serarch Livestream,Group,Horton Schwartz,USPA Gold Cup,Ronnie Hayes,Martin,2020,,,,,76;62,Attacking 60,,,Shot At Goal,Blocked,,,,,,,,
Chukka Length (6),5716731,583938,Chukka 6,,Team,,,Live,International Polo Club,Daily Racing Form vs La Indiana,Kimo Huddleston,February 28. 2020,Serarch Livestream,Group,Horton Schwartz,USPA Gold Cup,Ronnie Hayes,Martin,2020,Chukka Length,,,,,,,,,,,,,,,,,
Throw-in (20),5722900,20000,Chukka 6,Jared Zenni,Daily Racing Form,Throw-in,Daily Racing Form win throw-in,Live,International Polo Club,Daily Racing Form vs La Indiana,Kimo Huddleston,February 28. 2020,Serarch Livestream,Group,Horton Schwartz,USPA Gold Cup,Ronnie Hayes,Martin,2020,,,,,,,,,,,,,,,,,,
Shot At Goal (30),5730100,35000,Chukka 6,Costi Caset,Daily Racing Form,,,Live,International Polo Club,Daily Racing Form vs La Indiana,Kimo Huddleston,February 28. 2020,Serarch Livestream,Group,Horton Schwartz,USPA Gold Cup,Ronnie Hayes,Martin,2020,,,,,67;27,Attacking 30,,,Shot At Goal,Miss Hit,,,,,,,,
Shot Block (2),5738500,10000,Chukka 6,Polito Pieres,La Indiana,,,Live,International Polo Club,Daily Racing Form vs La Indiana,Kimo Huddleston,February 28. 2020,Serarch Livestream,Group,Horton Schwartz,USPA Gold Cup,Ronnie Hayes,Martin,2020,,,,,,,,,,,,,,Shot Block,,,,
Foul (16),5755733,25000,Chukka 6,Jared Zenni,Daily Racing Form,,,Live,International Polo Club,Daily Racing Form vs La Indiana,Kimo Huddleston,February 28. 2020,Serarch Livestream,Group,Horton Schwartz,USPA Gold Cup,Ronnie Hayes,Martin,2020,,Foul,Penalty 5B,Riding Into Shot,91;79,Attacking Half,17;43,91;56,,,,,,,,,,
Foul Received (17),5755733,25000,Chukka 6,Jeff Hall,La Indiana,,,Live,International Polo Club,Daily Racing Form vs La Indiana,Kimo Huddleston,February 28. 2020,Serarch Livestream,Group,Horton Schwartz,USPA Gold Cup,Ronnie Hayes,Martin,2020,,Foul Received,Penalty 5B,Riding Into Shot,55;221,Defending Half,,,,,,,,,,,,
Penalty 5b (1),5828437,30000,Chukka 6,Polito Pieres,La Indiana,Penalty 5b,,Live,International Polo Club,Daily Racing Form vs La Indiana,Kimo Huddleston,February 28. 2020,Serarch Livestream,Group,Horton Schwartz,USPA Gold Cup,Ronnie Hayes,Martin,2020,,,,,,,,,,,,,,,,,,
Foul (17),5865200,25000,Chukka 6,Costi Caset,Daily Racing Form,,,Live,International Polo Club,Daily Racing Form vs La Indiana,Kimo Huddleston,February 28. 2020,Serarch Livestream,Group,Horton Schwartz,USPA Gold Cup,Ronnie Hayes,Martin,2020,,Foul,Penalty 5,Reaching,20;20,Attacking 30,19;85,93;47,,,,,,,,,,
Foul Received (18),5865200,25000,Chukka 6,Jeff Hall,La Indiana,,,Live,International Polo Club,Daily Racing Form vs La Indiana,Kimo Huddleston,February 28. 2020,Serarch Livestream,Group,Horton Schwartz,USPA Gold Cup,Ronnie Hayes,Martin,2020,,Foul Received,Penalty 5,Reaching,121;284,Defending 30,,,,,,,,,,,,
Penalty 5 (6),5912174,30000,Chukka 6,Polito Pieres,La Indiana,Penalty 5,,Live,International Polo Club,Daily Racing Form vs La Indiana,Kimo Huddleston,February 28. 2020,Serarch Livestream,Group,Horton Schwartz,USPA Gold Cup,Ronnie Hayes,Martin,2020,,,,,,,,,,,,,,,,,,
Shot At Goal (31),5914633,35000,Chukka 6,Michael Bickford,La Indiana,,,Live,International Polo Club,Daily Racing Form vs La Indiana,Kimo Huddleston,February 28. 2020,Serarch Livestream,Group,Horton Schwartz,USPA Gold Cup,Ronnie Hayes,Martin,2020,,,,,41;59,Attacking 60,,,Shot At Goal,Wide,,,,,,,,
Assist (13),5931133,25000,Chukka 6,Polito Pieres,La Indiana,,,Live,International Polo Club,Daily Racing Form vs La Indiana,Kimo Huddleston,February 28. 2020,Serarch Livestream,Group,Horton Schwartz,USPA Gold Cup,Ronnie Hayes,Martin,2020,,,,,,,,,,,,,,,Polito Pieres,Unsuccessful,,
Shot At Goal (32),5948033,35000,Chukka 6,Jeff Hall,La Indiana,,,Live,International Polo Club,Daily Racing Form vs La Indiana,Kimo Huddleston,February 28. 2020,Serarch Livestream,Group,Horton Schwartz,USPA Gold Cup,Ronnie Hayes,Martin,2020,,,,,104;36,Attacking 30,,,Shot At Goal,Goal,,,,,,,,
Goal La Indiana (12),5953200,35000,Chukka 6,Jeff Hall,La Indiana,,,Live,International Polo Club,Daily Racing Form vs La Indiana,Kimo Huddleston,February 28. 2020,Serarch Livestream,Group,Horton Schwartz,USPA Gold Cup,Ronnie Hayes,Martin,2020,,,,,73;7,Attacking 30,,,,,Goal La Indiana,,,,,,,Goals
Knock In (13),5961300,40000,Chukka 6,Tomas Collingwood,Daily Racing Form,Knock In,,Live,International Polo Club,Daily Racing Form vs La Indiana,Kimo Huddleston,February 28. 2020,Serarch Livestream,Group,Horton Schwartz,USPA Gold Cup,Ronnie Hayes,Martin,2020,,,,,,,,,,,,,,,,,Agustin Obregon,
Shot At Goal (33),6001066,35000,Chukka 6,Costi Caset,Daily Racing Form,,,Live,International Polo Club,Daily Racing Form vs La Indiana,Kimo Huddleston,February 28. 2020,Serarch Livestream,Group,Horton Schwartz,USPA Gold Cup,Ronnie Hayes,Martin,2020,,,,,74;17,Attacking 30,,,Shot At Goal,Miss Hit,,,,,,,,
Shot At Goal (34),6004033,35000,Chukka 6,Tomas Collingwood,Daily Racing Form,,,Live,International Polo Club,Daily Racing Form vs La Indiana,Kimo Huddleston,February 28. 2020,Serarch Livestream,Group,Horton Schwartz,USPA Gold Cup,Ronnie Hayes,Martin,2020,,,,,73;9,Attacking 30,,,Shot At Goal,Goal,,,,,,,,
Goal Daily Racing Form (5),6004733,35000,Chukka 6,Tomas Collingwood,Daily Racing Form,,,Live,International Polo Club,Daily Racing Form vs La Indiana,Kimo Huddleston,February 28. 2020,Serarch Livestream,Group,Horton Schwartz,USPA Gold Cup,Ronnie Hayes,Martin,2020,,,,,73;3,Attacking 30,,,,,Goal Daily Racing Form,,,,,,,
Throw-in (21),6010899,20000,Chukka 6,Costi Caset,Daily Racing Form,Throw-in,Daily Racing Form win throw-in,Live,International Polo Club,Daily Racing Form vs La Indiana,Kimo Huddleston,February 28. 2020,Serarch Livestream,Group,Horton Schwartz,USPA Gold Cup,Ronnie Hayes,Martin,2020,,,,,,,,,,,,,,,,,,
Throw-in (22),6059033,20000,Chukka 6,Tomas Collingwood,Daily Racing Form,Throw-in,Daily Racing Form win throw-in,Live,International Polo Club,Daily Racing Form vs La Indiana,Kimo Huddleston,February 28. 2020,Serarch Livestream,Group,Horton Schwartz,USPA Gold Cup,Ronnie Hayes,Martin,2020,,,,,,,,,,,,,,,,,,
Non Call (4),6059466,20000,Chukka 6,,Team,,,Live,International Polo Club,Daily Racing Form vs La Indiana,Kimo Huddleston,February 28. 2020,Serarch Livestream,Group,Horton Schwartz,USPA Gold Cup,Ronnie Hayes,Martin,2020,,Non Call,,Right of Way,,,,,,,,,,,,,,
Shot At Goal (35),6070433,35000,Chukka 6,Polito Pieres,La Indiana,,,Live,International Polo Club,Daily Racing Form vs La Indiana,Kimo Huddleston,February 28. 2020,Serarch Livestream,Group,Horton Schwartz,USPA Gold Cup,Ronnie Hayes,Martin,2020,,,,,140;75,Attacking 60,,,Shot At Goal,Blocked,,,,,,,,
Free Hit (1),6092366,20000,Chukka 6,Polito Pieres,La Indiana,Free Hit,,Live,International Polo Club,Daily Racing Form vs La Indiana,Kimo Huddleston,February 28. 2020,Serarch Livestream,Group,Horton Schwartz,USPA Gold Cup,Ronnie Hayes,Martin,2020,,,,,,,,,,,,,,,,,,
Shot Block (3),6098566,10000,Chukka 6,Tomas Collingwood,Daily Racing Form,,,Live,International Polo Club,Daily Racing Form vs La Indiana,Kimo Huddleston,February 28. 2020,Serarch Livestream,Group,Horton Schwartz,USPA Gold Cup,Ronnie Hayes,Martin,2020,,,,,,,,,,,,,,Shot Block,,,,
Shot At Goal (36),6115266,35000,Chukka 6,Tomas Collingwood,Daily Racing Form,,,Live,International Polo Club,Daily Racing Form vs La Indiana,Kimo Huddleston,February 28. 2020,Serarch Livestream,Group,Horton Schwartz,USPA Gold Cup,Ronnie Hayes,Martin,2020,,,,,82;22,Attacking 30,,,Shot At Goal,Goal,,,,,,,,
Goal Daily Racing Form (6),6118700,35000,Chukka 6,Tomas Collingwood,Daily Racing Form,,,Live,International Polo Club,Daily Racing Form vs La Indiana,Kimo Huddleston,February 28. 2020,Serarch Livestream,Group,Horton Schwartz,USPA Gold Cup,Ronnie Hayes,Martin,2020,,,,,78;4,Attacking 30,,,,,Goal Daily Racing Form,,,,,,,
Assist (14),6138166,25000,Chukka 6,Costi Caset,Daily Racing Form,,,Live,International Polo Club,Daily Racing Form vs La Indiana,Kimo Huddleston,February 28. 2020,Serarch Livestream,Group,Horton Schwartz,USPA Gold Cup,Ronnie Hayes,Martin,2020,,,,,,,,,,,,,,,Costi Caset,Successful,,
Throw-in (23),6173433,20000,Chukka 6,Jeff Hall,La Indiana,Throw-in,La Indiana win throw-in,Live,International Polo Club,Daily Racing Form vs La Indiana,Kimo Huddleston,February 28. 2020,Serarch Livestream,Group,Horton Schwartz,USPA Gold Cup,Ronnie Hayes,Martin,2020,,,,,,,,,,,,,,,,,,
Shot At Goal (37),6178000,35000,Chukka 6,Tomas Collingwood,Daily Racing Form,,,Live,International Polo Club,Daily Racing Form vs La Indiana,Kimo Huddleston,February 28. 2020,Serarch Livestream,Group,Horton Schwartz,USPA Gold Cup,Ronnie Hayes,Martin,2020,,,,,82;20,Attacking 30,,,Shot At Goal,Goal,,,,,,,,
Goal Daily Racing Form (7),6179666,35000,Chukka 6,Tomas Collingwood,Daily Racing Form,,,Live,International Polo Club,Daily Racing Form vs La Indiana,Kimo Huddleston,February 28. 2020,Serarch Livestream,Group,Horton Schwartz,USPA Gold Cup,Ronnie Hayes,Martin,2020,,,,,77;7,Attacking 30,,,,,Goal Daily Racing Form,,,,,,,
Assist (15),6201166,25000,Chukka 6,Jared Zenni,Daily Racing Form,,,Live,International Polo Club,Daily Racing Form vs La Indiana,Kimo Huddleston,February 28. 2020,Serarch Livestream,Group,Horton Schwartz,USPA Gold Cup,Ronnie Hayes,Martin,2020,,,,,,,,,,,,,,,Jared Zenni,Successful,,
Shot At Goal (38),6232300,35000,Chukka 6,Polito Pieres,La Indiana,,,Live,International Polo Club,Daily Racing Form vs La Indiana,Kimo Huddleston,February 28. 2020,Serarch Livestream,Group,Horton Schwartz,USPA Gold Cup,Ronnie Hayes,Martin,2020,,,,,89;53,Attacking 60,,,Shot At Goal,Miss Hit,,,,,,,,
Throw-in (24),6234366,20000,Chukka 6,Michael Bickford,La Indiana,Throw-in,La Indiana win throw-in,Live,International Polo Club,Daily Racing Form vs La Indiana,Kimo Huddleston,February 28. 2020,Serarch Livestream,Group,Horton Schwartz,USPA Gold Cup,Ronnie Hayes,Martin,2020,,,,,,,,,,,,,,,,,,