Name,Position,Duration,Tournament,Umpire 1,Game,Umpire 2,Match Date,Stage,Instant Replay Official,Third Umpire,Chukka,Camera Angle,Year,Set Play,Search Event,Club,Throw-in Outcome,Team,Player,Shot At Goal,Shot At Goal Outcome,General Field Area,Location,Goal,Foul,Foul Type,Foul Outcome,Umpire Focal,Umpire Trailing,Penalties,Penalty Outcome,Assist Outcome,Assist,Knock-in Player 2,Highlight Reel,Chukka Length,Penalty Block,Collision
Throw-in,290366,20000,USPA Gold Cup,Unknown,Daily Racing Form vs Postage Stamp Farm,Unknown,March 09. 2020,Group,Unknown,Unknown,Chukka 1,Live,2020,Throw-in,Search Livestream,International Polo Club,Daily Racing Form win throw-in,Daily Racing Form,Jared Zenni,,,,,,,,,,,,,,,,,,,
Shot At Goal,326266,35000,USPA Gold Cup,Unknown,Daily Racing Form vs Postage Stamp Farm,Unknown,March 09. 2020,Group,Unknown,Unknown,Chukka 1,Live,2020,,Search Livestream,International Polo Club,,Postage Stamp Farm,Felipe Tro,Shot At Goal,Goal,Attacking 30,59;12,,,,,,,,,,,,,,,
Goal Postage Stamp Farm,328033,35000,USPA Gold Cup,Unknown,Daily Racing Form vs Postage Stamp Farm,Unknown,March 09. 2020,Group,Unknown,Unknown,Chukka 1,Live,2020,,Search Livestream,International Polo Club,,Postage Stamp Farm,Felipe Tro,,,Attacking 30,81;6,Goal Postage Stamp Farm,,,,,,,,,,,,,,
Throw-in (1),393066,20000,USPA Gold Cup,Unknown,Daily Racing Form vs Postage Stamp Farm,Unknown,March 09. 2020,Group,Unknown,Unknown,Chukka 1,Live,2020,Throw-in,Search Livestream,International Polo Club,Postage Stamp Farm win throw-in,Postage Stamp Farm,Mariano Aguerre,,,,,,,,,,,,,,,,,,,
Foul,430733,25000,USPA Gold Cup,Unknown,Daily Racing Form vs Postage Stamp Farm,Unknown,March 09. 2020,Group,Unknown,Unknown,Chukka 1,Live,2020,,Search Livestream,International Polo Club,,Postage Stamp Farm,Mariano Aguerre,,,Attacking Half,12;122,,Foul,Right of Way,Penalty 60 yards,24;108,125;104,,,,,,,,,
Foul Received,430733,25000,USPA Gold Cup,Unknown,Daily Racing Form vs Postage Stamp Farm,Unknown,March 09. 2020,Group,Unknown,Unknown,Chukka 1,Live,2020,,Search Livestream,International Polo Club,,Daily Racing Form,Agustin Obregon,,,Defending Half,138;193,,Foul Received,Right of Way,Penalty 60 yards,,,,,,,,,,,
Penalty 60 yards,503591,15000,USPA Gold Cup,Unknown,Daily Racing Form vs Postage Stamp Farm,Unknown,March 09. 2020,Group,Unknown,Unknown,Chukka 1,Live,2020,,Search Livestream,International Polo Club,,Daily Racing Form,Agustin Obregon,,,,,,,,,,,Penalty 60 yards,Short,,,,,,,
Shot At Goal (1),485600,35000,USPA Gold Cup,Unknown,Daily Racing Form vs Postage Stamp Farm,Unknown,March 09. 2020,Group,Unknown,Unknown,Chukka 1,Live,2020,,Search Livestream,International Polo Club,,Daily Racing Form,Tommy Collingwood,Shot At Goal,Goal,Attacking 30,68;15,,,,,,,,,,,,,,,
Goal Daily Racing Form,485600,35000,USPA Gold Cup,Unknown,Daily Racing Form vs Postage Stamp Farm,Unknown,March 09. 2020,Group,Unknown,Unknown,Chukka 1,Live,2020,,Search Livestream,International Polo Club,,Daily Racing Form,Tommy Collingwood,,,Attacking 30,70;7,Goal Daily Racing Form,,,,,,,,,,,,,,
Throw-in (2),548566,20000,USPA Gold Cup,Unknown,Daily Racing Form vs Postage Stamp Farm,Unknown,March 09. 2020,Group,Unknown,Unknown,Chukka 1,Live,2020,Throw-in,Search Livestream,International Polo Club,Daily Racing Form win throw-in,Daily Racing Form,Tommy Collingwood,,,,,,,,,,,,,,,,,,,
Foul (1),565200,25000,USPA Gold Cup,Unknown,Daily Racing Form vs Postage Stamp Farm,Unknown,March 09. 2020,Group,Unknown,Unknown,Chukka 1,Live,2020,,Search Livestream,International Polo Club,,Postage Stamp Farm,Peke Gonzalez,,,Attacking Half,68;116,,Foul,Right of Way,Penalty 60 yards,23;133,94;162,,,,,,,,,
Foul Received (1),565200,25000,USPA Gold Cup,Unknown,Daily Racing Form vs Postage Stamp Farm,Unknown,March 09. 2020,Group,Unknown,Unknown,Chukka 1,Live,2020,,Search Livestream,International Polo Club,,Daily Racing Form,Jared Zenni,,,Defending Half,78;177,,Foul Received,Right of Way,Penalty 60 yards,,,,,,,,,,,
Penalty 60 yards (1),662183,15000,USPA Gold Cup,Unknown,Daily Racing Form vs Postage Stamp Farm,Unknown,March 09. 2020,Group,Unknown,Unknown,Chukka 1,Live,2020,,Search Livestream,International Polo Club,,Daily Racing Form,Jared Zenni,,,,,,,,,,,Penalty 60 yards,Wide,,,,,,,
Knock In,681600,40000,USPA Gold Cup,Unknown,Daily Racing Form vs Postage Stamp Farm,Unknown,March 09. 2020,Group,Unknown,Unknown,Chukka 1,Live,2020,Knock In,Search Livestream,International Polo Club,,Postage Stamp Farm,Peke Gonzalez,,,,,,,,,,,,,,,,,,,
Shot At Goal (2),714466,35000,USPA Gold Cup,Unknown,Daily Racing Form vs Postage Stamp Farm,Unknown,March 09. 2020,Group,Unknown,Unknown,Chukka 1,Live,2020,,Search Livestream,International Polo Club,,Postage Stamp Farm,Peke Gonzalez,Shot At Goal,Goal,Attacking 60,79;39,,,,,,,,,,,,,,,
Goal Postage Stamp Farm (1),716600,35000,USPA Gold Cup,Unknown,Daily Racing Form vs Postage Stamp Farm,Unknown,March 09. 2020,Group,Unknown,Unknown,Chukka 1,Live,2020,,Search Livestream,International Polo Club,,Postage Stamp Farm,Peke Gonzalez,,,Attacking 30,74;6,Goal Postage Stamp Farm,,,,,,,,,,,,,,
Throw-in (3),773166,20000,USPA Gold Cup,Unknown,Daily Racing Form vs Postage Stamp Farm,Unknown,March 09. 2020,Group,Unknown,Unknown,Chukka 1,Live,2020,Throw-in,Search Livestream,International Polo Club,Postage Stamp Farm win throw-in,Postage Stamp Farm,Peke Gonzalez,,,,,,,,,,,,,,,,,,,
Foul (2),780533,25000,USPA Gold Cup,Unknown,Daily Racing Form vs Postage Stamp Farm,Unknown,March 09. 2020,Group,Unknown,Unknown,Chukka 1,Live,2020,,Search Livestream,International Polo Club,,Daily Racing Form,Jared Zenni,,,Attacking Half,32;120,,Foul,1 Meeting 2,Penalty 5,22;126,118;157,,,,,,,,,
Foul Received (2),780533,25000,USPA Gold Cup,Unknown,Daily Racing Form vs Postage Stamp Farm,Unknown,March 09. 2020,Group,Unknown,Unknown,Chukka 1,Live,2020,,Search Livestream,International Polo Club,,Postage Stamp Farm,Mariano Aguerre,,,Defending Half,24;176,,Foul Received,1 Meeting 2,Penalty 5,,,,,,,,,,,
Penalty 5,838666,30000,USPA Gold Cup,Unknown,Daily Racing Form vs Postage Stamp Farm,Unknown,March 09. 2020,Group,Unknown,Unknown,Chukka 1,Live,2020,Penalty 5,Search Livestream,International Polo Club,,Postage Stamp Farm,Peke Gonzalez,,,,,,,,,,,,,,,,,,,
Shot At Goal (3),845400,35000,USPA Gold Cup,Unknown,Daily Racing Form vs Postage Stamp Farm,Unknown,March 09. 2020,Group,Unknown,Unknown,Chukka 1,Live,2020,,Search Livestream,International Polo Club,,Postage Stamp Farm,Felipe Tro,Shot At Goal,Goal,Attacking 30,87;35,,,,,,,,,,,,,,,
Goal Postage Stamp Farm (2),847200,35000,USPA Gold Cup,Unknown,Daily Racing Form vs Postage Stamp Farm,Unknown,March 09. 2020,Group,Unknown,Unknown,Chukka 1,Live,2020,,Search Livestream,International Polo Club,,Postage Stamp Farm,Felipe Tro,,,Attacking 30,78;7,Goal Postage Stamp Farm,,,,,,,,,,,,,,
Assist,863166,25000,USPA Gold Cup,Unknown,Daily Racing Form vs Postage Stamp Farm,Unknown,March 09. 2020,Group,Unknown,Unknown,Chukka 1,Live,2020,,Search Livestream,International Polo Club,,Postage Stamp Farm,Lerin Zubiaurre,,,,,,,,,,,,,Successful,Lerin Zubiaurre,,,,,
Throw-in (4),1073179,20000,USPA Gold Cup,Unknown,Daily Racing Form vs Postage Stamp Farm,Unknown,March 09. 2020,Group,Unknown,Unknown,Chukka 1,Live,2020,Throw-in,Search Livestream,International Polo Club,Daily Racing Form win throw-in,Daily Racing Form,Jared Zenni,,,,,,,,,,,,,,,,,,,
Foul (3),1074633,25000,USPA Gold Cup,Unknown,Daily Racing Form vs Postage Stamp Farm,Unknown,March 09. 2020,Group,Unknown,Unknown,Chukka 1,Live,2020,,Search Livestream,International Polo Club,,Postage Stamp Farm,Mariano Aguerre,,,Defending Half,67;172,,Foul,Riding Into Shot,Penalty 60 yards,112;166,35;135,,,,,,,,,
Foul Received (3),1074633,25000,USPA Gold Cup,Unknown,Daily Racing Form vs Postage Stamp Farm,Unknown,March 09. 2020,Group,Unknown,Unknown,Chukka 1,Live,2020,,Search Livestream,International Polo Club,,Daily Racing Form,Jared Zenni,,,Attacking Half,73;129,,Foul Received,Riding Into Shot,Penalty 60 yards,,,,,,,,,,,
Penalty 60 yards (2),1154200,15000,USPA Gold Cup,Unknown,Daily Racing Form vs Postage Stamp Farm,Unknown,March 09. 2020,Group,Unknown,Unknown,Chukka 1,Live,2020,,Search Livestream,International Polo Club,,Daily Racing Form,Agustin Obregon,,,,,,,,,,,Penalty 60 yards,Goal,,,,,,,
Goal Daily Racing Form (1),1136733,35000,USPA Gold Cup,Unknown,Daily Racing Form vs Postage Stamp Farm,Unknown,March 09. 2020,Group,Unknown,Unknown,Chukka 1,Live,2020,,Search Livestream,International Polo Club,,Daily Racing Form,Agustin Obregon,,,Attacking 30,76;4,Goal Daily Racing Form,,,,,,,,,,,,,,
Throw-in (5),1365200,20000,USPA Gold Cup,Unknown,Daily Racing Form vs Postage Stamp Farm,Unknown,March 09. 2020,Group,Unknown,Unknown,Chukka 2,Live,2020,Throw-in,Search Livestream,International Polo Club,Postage Stamp Farm win throw-in,Postage Stamp Farm,Felipe Tro,,,,,,,,,,,,,,,,,,,
Foul (4),1384833,25000,USPA Gold Cup,Unknown,Daily Racing Form vs Postage Stamp Farm,Unknown,March 09. 2020,Group,Unknown,Unknown,Chukka 2,Live,2020,,Search Livestream,International Polo Club,,Postage Stamp Farm,Felipe Tro,,,Attacking Half,122;117,,Foul,Right of Way,Penalty 5,69;177,146;201,,,,,,,,,
Foul Received (4),1384833,25000,USPA Gold Cup,Unknown,Daily Racing Form vs Postage Stamp Farm,Unknown,March 09. 2020,Group,Unknown,Unknown,Chukka 2,Live,2020,,Search Livestream,International Polo Club,,Daily Racing Form,Tommy Collingwood,,,Defending Half,16;175,,Foul Received,Right of Way,Penalty 5,,,,,,,,,,,
Penalty 5 (1),1435833,30000,USPA Gold Cup,Unknown,Daily Racing Form vs Postage Stamp Farm,Unknown,March 09. 2020,Group,Unknown,Unknown,Chukka 2,Live,2020,Penalty 5,Search Livestream,International Polo Club,,Daily Racing Form,Tommy Collingwood,,,,,,,,,,,,,,,,,,,
Non Call,1447900,20000,USPA Gold Cup,Unknown,Daily Racing Form vs Postage Stamp Farm,Unknown,March 09. 2020,Group,Unknown,Unknown,Chukka 2,Live,2020,,Search Livestream,International Polo Club,,Team,,,,,,,Non Call,Crossing,,,,,,,,,,,,
Shot At Goal (4),1444200,35000,USPA Gold Cup,Unknown,Daily Racing Form vs Postage Stamp Farm,Unknown,March 09. 2020,Group,Unknown,Unknown,Chukka 2,Live,2020,,Search Livestream,International Polo Club,,Daily Racing Form,Tommy Collingwood,Shot At Goal,Wide,Attacking 30,60;4,,,,,,,,,,,,,,,
Knock In (1),1485600,40000,USPA Gold Cup,Unknown,Daily Racing Form vs Postage Stamp Farm,Unknown,March 09. 2020,Group,Unknown,Unknown,Chukka 2,Live,2020,Knock In,Search Livestream,International Polo Club,,Postage Stamp Farm,Peke Gonzalez,,,,,,,,,,,,,,,Mariano Aguerre,,,,
Knock In (2),1537700,40000,USPA Gold Cup,Unknown,Daily Racing Form vs Postage Stamp Farm,Unknown,March 09. 2020,Group,Unknown,Unknown,Chukka 2,Live,2020,Knock In,Search Livestream,International Polo Club,,Daily Racing Form,Jared Zenni,,,,,,,,,,,,,,,Costi Caset,,,,
Shot At Goal (5),1538900,35000,USPA Gold Cup,Unknown,Daily Racing Form vs Postage Stamp Farm,Unknown,March 09. 2020,Group,Unknown,Unknown,Chukka 2,Live,2020,,Search Livestream,International Polo Club,,Daily Racing Form,Tommy Collingwood,Shot At Goal,Wide,Attacking 30,46;13,,,,,,,,,,,,,,,
Knock In (3),1585366,40000,USPA Gold Cup,Unknown,Daily Racing Form vs Postage Stamp Farm,Unknown,March 09. 2020,Group,Unknown,Unknown,Chukka 2,Live,2020,Knock In,Search Livestream,International Polo Club,,Postage Stamp Farm,Peke Gonzalez,,,,,,,,,,,,,,,Mariano Aguerre,,,,
Shot At Goal (6),1587100,35000,USPA Gold Cup,Unknown,Daily Racing Form vs Postage Stamp Farm,Unknown,March 09. 2020,Group,Unknown,Unknown,Chukka 2,Live,2020,,Search Livestream,International Polo Club,,Postage Stamp Farm,Lerin Zubiaurre,Shot At Goal,Blocked,Attacking 60,78;49,,,,,,,,,,,,,,,
Foul (5),1606000,25000,USPA Gold Cup,Unknown,Daily Racing Form vs Postage Stamp Farm,Unknown,March 09. 2020,Group,Unknown,Unknown,Chukka 2,Live,2020,,Search Livestream,International Polo Club,,Daily Racing Form,Costi Caset,,,Defending 60,69;271,,Foul,Riding Into Shot,Penalty 30 yards,14;183,76;202,,,,,,,,,
Foul Received (5),1606000,25000,USPA Gold Cup,Unknown,Daily Racing Form vs Postage Stamp Farm,Unknown,March 09. 2020,Group,Unknown,Unknown,Chukka 2,Live,2020,,Search Livestream,International Polo Club,,Postage Stamp Farm,Lerin Zubiaurre,,,Attacking 30,79;29,,Foul Received,Riding Into Shot,Penalty 30 yards,,,,,,,,,,,
Penalty 30 yards,1668500,15000,USPA Gold Cup,Unknown,Daily Racing Form vs Postage Stamp Farm,Unknown,March 09. 2020,Group,Unknown,Unknown,Chukka 2,Live,2020,,Search Livestream,International Polo Club,,Postage Stamp Farm,Peke Gonzalez,,,,,,,,,,,Penalty 30 yards,Goal,,,,,,,
Goal Postage Stamp Farm (3),1649633,35000,USPA Gold Cup,Unknown,Daily Racing Form vs Postage Stamp Farm,Unknown,March 09. 2020,Group,Unknown,Unknown,Chukka 2,Live,2020,,Search Livestream,International Polo Club,,Postage Stamp Farm,Peke Gonzalez,,,Attacking 30,75;7,Goal Postage Stamp Farm,,,,,,,,,,,,,,
Throw-in (6),1707433,20000,USPA Gold Cup,Unknown,Daily Racing Form vs Postage Stamp Farm,Unknown,March 09. 2020,Group,Unknown,Unknown,Chukka 2,Live,2020,Throw-in,Search Livestream,International Polo Club,Daily Racing Form win throw-in,Daily Racing Form,Costi Caset,,,,,,,,,,,,,,,,,,,
Foul (6),1735866,25000,USPA Gold Cup,Unknown,Daily Racing Form vs Postage Stamp Farm,Unknown,March 09. 2020,Group,Unknown,Unknown,Chukka 2,Live,2020,,Search Livestream,International Polo Club,,Postage Stamp Farm,Mariano Aguerre,,,Attacking 60,44;66,,Foul,Turning,Penalty 5,11;162,88;122,,,,,,,,,
Foul Received (6),1735866,25000,USPA Gold Cup,Unknown,Daily Racing Form vs Postage Stamp Farm,Unknown,March 09. 2020,Group,Unknown,Unknown,Chukka 2,Live,2020,,Search Livestream,International Polo Club,,Daily Racing Form,Agustin Obregon,,,Defending Half,119;230,,Foul Received,Turning,Penalty 5,,,,,,,,,,,
Penalty 5 (2),1778600,30000,USPA Gold Cup,Unknown,Daily Racing Form vs Postage Stamp Farm,Unknown,March 09. 2020,Group,Unknown,Unknown,Chukka 2,Live,2020,Penalty 5,Search Livestream,International Polo Club,,Daily Racing Form,Jared Zenni,,,,,,,,,,,,,,,,,,,
Non Call (1),1784100,20000,USPA Gold Cup,Unknown,Daily Racing Form vs Postage Stamp Farm,Unknown,March 09. 2020,Group,Unknown,Unknown,Chukka 2,Live,2020,,Search Livestream,International Polo Club,,Team,,,,,,,Non Call,Right of Way,,,,,,,,,,,,
Shot At Goal (7),1796066,35000,USPA Gold Cup,Unknown,Daily Racing Form vs Postage Stamp Farm,Unknown,March 09. 2020,Group,Unknown,Unknown,Chukka 2,Live,2020,,Search Livestream,International Polo Club,,Postage Stamp Farm,Lerin Zubiaurre,Shot At Goal,Goal,Attacking 30,78;13,,,,,,,,,,,,,,,
Goal Postage Stamp Farm (4),1796633,35000,USPA Gold Cup,Unknown,Daily Racing Form vs Postage Stamp Farm,Unknown,March 09. 2020,Group,Unknown,Unknown,Chukka 2,Live,2020,,Search Livestream,International Polo Club,,Postage Stamp Farm,Lerin Zubiaurre,,,Attacking 30,74;3,Goal Postage Stamp Farm,,,,,,,,,,,,,,
Assist (1),1812233,25000,USPA Gold Cup,Unknown,Daily Racing Form vs Postage Stamp Farm,Unknown,March 09. 2020,Group,Unknown,Unknown,Chukka 2,Live,2020,,Search Livestream,International Polo Club,,Postage Stamp Farm,Peke Gonzalez,,,,,,,,,,,,,Successful,Peke Gonzalez,,,,,
Throw-in (7),1859866,20000,USPA Gold Cup,Unknown,Daily Racing Form vs Postage Stamp Farm,Unknown,March 09. 2020,Group,Unknown,Unknown,Chukka 2,Live,2020,Throw-in,Search Livestream,International Polo Club,Daily Racing Form win throw-in,Daily Racing Form,Jared Zenni,,,,,,,,,,,,,,,,,,,
Shot At Goal (8),1878100,35000,USPA Gold Cup,Unknown,Daily Racing Form vs Postage Stamp Farm,Unknown,March 09. 2020,Group,Unknown,Unknown,Chukka 2,Live,2020,,Search Livestream,International Polo Club,,Postage Stamp Farm,Felipe Tro,Shot At Goal,Goal,Attacking 30,53;21,,,,,,,,,,,,,,,
Goal Postage Stamp Farm (5),1880533,35000,USPA Gold Cup,Unknown,Daily Racing Form vs Postage Stamp Farm,Unknown,March 09. 2020,Group,Unknown,Unknown,Chukka 2,Live,2020,,Search Livestream,International Polo Club,,Postage Stamp Farm,Felipe Tro,,,Attacking 30,76;7,Goal Postage Stamp Farm,,,,,,,,,,,Goals,,,
Throw-in (8),2170000,20000,USPA Gold Cup,Unknown,Daily Racing Form vs Postage Stamp Farm,Unknown,March 09. 2020,Group,Unknown,Unknown,Chukka 3,Live,2020,Throw-in,Search Livestream,International Polo Club,Postage Stamp Farm win throw-in,Postage Stamp Farm,Felipe Tro,,,,,,,,,,,,,,,,,,,
Shot At Goal (9),2176833,35000,USPA Gold Cup,Unknown,Daily Racing Form vs Postage Stamp Farm,Unknown,March 09. 2020,Group,Unknown,Unknown,Chukka 3,Live,2020,,Search Livestream,International Polo Club,,Postage Stamp Farm,Mariano Aguerre,Shot At Goal,Goal,Attacking 30,45;17,,,,,,,,,,,,,,,
Goal Postage Stamp Farm (6),2179766,35000,USPA Gold Cup,Unknown,Daily Racing Form vs Postage Stamp Farm,Unknown,March 09. 2020,Group,Unknown,Unknown,Chukka 3,Live,2020,,Search Livestream,International Polo Club,,Postage Stamp Farm,Mariano Aguerre,,,Attacking 30,80;6,Goal Postage Stamp Farm,,,,,,,,,,,,,,
Throw-in (9),2232533,20000,USPA Gold Cup,Unknown,Daily Racing Form vs Postage Stamp Farm,Unknown,March 09. 2020,Group,Unknown,Unknown,Chukka 3,Live,2020,Throw-in,Search Livestream,International Polo Club,Postage Stamp Farm win throw-in,Postage Stamp Farm,Mariano Aguerre,,,,,,,,,,,,,,,,,,,
Knock In (4),2276466,40000,USPA Gold Cup,Unknown,Daily Racing Form vs Postage Stamp Farm,Unknown,March 09. 2020,Group,Unknown,Unknown,Chukka 3,Live,2020,Knock In,Search Livestream,International Polo Club,,Daily Racing Form,Tommy Collingwood,,,,,,,,,,,,,,,,,,,
Shot At Goal (10),2225433,35000,USPA Gold Cup,Unknown,Daily Racing Form vs Postage Stamp Farm,Unknown,March 09. 2020,Group,Unknown,Unknown,Chukka 3,Live,2020,,Search Livestream,International Polo Club,,Postage Stamp Farm,Felipe Tro,Shot At Goal,Wide,Attacking 30,101;29,,,,,,,,,,,,,,,
Penalty 5 (3),2426700,30000,USPA Gold Cup,Unknown,Daily Racing Form vs Postage Stamp Farm,Unknown,March 09. 2020,Group,Unknown,Unknown,Chukka 3,Live,2020,Penalty 5,Search Livestream,International Polo Club,,Postage Stamp Farm,Mariano Aguerre,,,,,,,,,,,,,,,,,,,
Foul (7),2315366,25000,USPA Gold Cup,Unknown,Daily Racing Form vs Postage Stamp Farm,Unknown,March 09. 2020,Group,Unknown,Unknown,Chukka 3,Live,2020,,Search Livestream,International Polo Club,,Daily Racing Form,Jared Zenni,,,Attacking 30,110;27,,Foul,Riding Into Shot,Penalty 5,25;102,128;85,,,,,,,,,
Foul Received (7),2315366,25000,USPA Gold Cup,Unknown,Daily Racing Form vs Postage Stamp Farm,Unknown,March 09. 2020,Group,Unknown,Unknown,Chukka 3,Live,2020,,Search Livestream,International Polo Club,,Postage Stamp Farm,Lerin Zubiaurre,,,Defending 60,37;268,,Foul Received,Riding Into Shot,Penalty 5,,,,,,,,,,,
Shot At Goal (11),2427200,35000,USPA Gold Cup,Unknown,Daily Racing Form vs Postage Stamp Farm,Unknown,March 09. 2020,Group,Unknown,Unknown,Chukka 3,Live,2020,,Search Livestream,International Polo Club,,Daily Racing Form,Tommy Collingwood,Shot At Goal,Goal,Attacking 30,57;22,,,,,,,,,,,,,,,
Goal Daily Racing Form (2),2429366,35000,USPA Gold Cup,Unknown,Daily Racing Form vs Postage Stamp Farm,Unknown,March 09. 2020,Group,Unknown,Unknown,Chukka 3,Live,2020,,Search Livestream,International Polo Club,,Daily Racing Form,Tommy Collingwood,,,Attacking 30,73;4,Goal Daily Racing Form,,,,,,,,,,,,,,
Assist (2),2445000,25000,USPA Gold Cup,Unknown,Daily Racing Form vs Postage Stamp Farm,Unknown,March 09. 2020,Group,Unknown,Unknown,Chukka 3,Live,2020,,Search Livestream,International Polo Club,,Daily Racing Form,Jared Zenni,,,,,,,,,,,,,Successful,Jared Zenni,,,,,
Throw-in (10),2483233,20000,USPA Gold Cup,Unknown,Daily Racing Form vs Postage Stamp Farm,Unknown,March 09. 2020,Group,Unknown,Unknown,Chukka 3,Live,2020,Throw-in,Search Livestream,International Polo Club,Postage Stamp Farm win throw-in,Postage Stamp Farm,Mariano Aguerre,,,,,,,,,,,,,,,,,,,
Non Call (2),2490933,20000,USPA Gold Cup,Unknown,Daily Racing Form vs Postage Stamp Farm,Unknown,March 09. 2020,Group,Unknown,Unknown,Chukka 3,Live,2020,,Search Livestream,International Polo Club,,Team,,,,,,,Non Call,Shading,,,,,,,,,,,,
Free Hit,2543566,20000,USPA Gold Cup,Unknown,Daily Racing Form vs Postage Stamp Farm,Unknown,March 09. 2020,Group,Unknown,Unknown,Chukka 3,Live,2020,Free Hit,Search Livestream,International Polo Club,,Postage Stamp Farm,Mariano Aguerre,,,,,,,,,,,,,,,,,,,
Shot At Goal (12),2539233,35000,USPA Gold Cup,Unknown,Daily Racing Form vs Postage Stamp Farm,Unknown,March 09. 2020,Group,Unknown,Unknown,Chukka 3,Live,2020,,Search Livestream,International Polo Club,,Daily Racing Form,Agustin Obregon,Shot At Goal,Miss Hit,Attacking 60,123;58,,,,,,,,,,,,,,,
Foul (8),2585666,25000,USPA Gold Cup,Unknown,Daily Racing Form vs Postage Stamp Farm,Unknown,March 09. 2020,Group,Unknown,Unknown,Chukka 3,Live,2020,,Search Livestream,International Polo Club,,Postage Stamp Farm,Lerin Zubiaurre,,,Defending 60,129;253,,Foul,Blocking,Penalty 60 yards,67;193,141;212,,,,,,,,,
Foul Received (8),2585666,25000,USPA Gold Cup,Unknown,Daily Racing Form vs Postage Stamp Farm,Unknown,March 09. 2020,Group,Unknown,Unknown,Chukka 3,Live,2020,,Search Livestream,International Polo Club,,Daily Racing Form,Agustin Obregon,,,Attacking 60,16;49,,Foul Received,Blocking,Penalty 60 yards,,,,,,,,,,,
Penalty 40 yards,2655666,15000,USPA Gold Cup,Unknown,Daily Racing Form vs Postage Stamp Farm,Unknown,March 09. 2020,Group,Unknown,Unknown,Chukka 3,Live,2020,,Search Livestream,International Polo Club,,Daily Racing Form,Jared Zenni,,,,,,,,,,,Penalty 40 yards,Goal,,,,,,,
Penalty 40 yards (1),2655766,15000,USPA Gold Cup,Unknown,Daily Racing Form vs Postage Stamp Farm,Unknown,March 09. 2020,Group,Unknown,Unknown,Chukka 3,Live,2020,,Search Livestream,International Polo Club,,Daily Racing Form,Jared Zenni,,,,,,,,,,,Penalty 40 yards,Goal,,,,,,,
Goal Daily Racing Form (3),2638433,35000,USPA Gold Cup,Unknown,Daily Racing Form vs Postage Stamp Farm,Unknown,March 09. 2020,Group,Unknown,Unknown,Chukka 3,Live,2020,,Search Livestream,International Polo Club,,Daily Racing Form,Jared Zenni,,,Attacking 30,71;6,Goal Daily Racing Form,,,,,,,,,,,,,,
Throw-in (11),2687966,20000,USPA Gold Cup,Unknown,Daily Racing Form vs Postage Stamp Farm,Unknown,March 09. 2020,Group,Unknown,Unknown,Chukka 3,Live,2020,Throw-in,Search Livestream,International Polo Club,Daily Racing Form win throw-in,Daily Racing Form,Jared Zenni,,,,,,,,,,,,,,,,,,,
Foul (9),2698833,25000,USPA Gold Cup,Unknown,Daily Racing Form vs Postage Stamp Farm,Unknown,March 09. 2020,Group,Unknown,Unknown,Chukka 3,Live,2020,,Search Livestream,International Polo Club,,Daily Racing Form,Jared Zenni,,,Defending Half,73;179,,Foul,Right of Way,Penalty 30 yards,21;193,112;197,,,,,,,,,
Foul Received (9),2698833,25000,USPA Gold Cup,Unknown,Daily Racing Form vs Postage Stamp Farm,Unknown,March 09. 2020,Group,Unknown,Unknown,Chukka 3,Live,2020,,Search Livestream,International Polo Club,,Postage Stamp Farm,Mariano Aguerre,,,Attacking Half,69;106,,Foul Received,Right of Way,Penalty 30 yards,,,,,,,,,,,
Penalty 30 yards (1),2788266,15000,USPA Gold Cup,Unknown,Daily Racing Form vs Postage Stamp Farm,Unknown,March 09. 2020,Group,Unknown,Unknown,Chukka 3,Live,2020,,Search Livestream,International Polo Club,,Postage Stamp Farm,Peke Gonzalez,,,,,,,,,,,Penalty 30 yards,Goal,,,,,,,
Goal Postage Stamp Farm (7),2769866,35000,USPA Gold Cup,Unknown,Daily Racing Form vs Postage Stamp Farm,Unknown,March 09. 2020,Group,Unknown,Unknown,Chukka 3,Live,2020,,Search Livestream,International Polo Club,,Postage Stamp Farm,Peke Gonzalez,,,Attacking 30,73;6,Goal Postage Stamp Farm,,,,,,,,,,,,,,
Throw-in (12),2821800,20000,USPA Gold Cup,Unknown,Daily Racing Form vs Postage Stamp Farm,Unknown,March 09. 2020,Group,Unknown,Unknown,Chukka 3,Live,2020,Throw-in,Search Livestream,International Polo Club,Daily Racing Form win throw-in,Daily Racing Form,Jared Zenni,,,,,,,,,,,,,,,,,,,
Foul (10),2840266,25000,USPA Gold Cup,Unknown,Daily Racing Form vs Postage Stamp Farm,Unknown,March 09. 2020,Group,Unknown,Unknown,Chukka 3,Live,2020,,Search Livestream,International Polo Club,,Postage Stamp Farm,Felipe Tro,,,Defending 30,35;274,,Foul,Right of Way,Penalty 30 yards,17;233,98;243,,,,,,,,,
Foul Received (10),2840266,25000,USPA Gold Cup,Unknown,Daily Racing Form vs Postage Stamp Farm,Unknown,March 09. 2020,Group,Unknown,Unknown,Chukka 3,Live,2020,,Search Livestream,International Polo Club,,Daily Racing Form,Tommy Collingwood,,,Attacking 30,113;29,,Foul Received,Right of Way,Penalty 30 yards,,,,,,,,,,,
Penalty 30 yards (2),3343200,15000,USPA Gold Cup,Unknown,Daily Racing Form vs Postage Stamp Farm,Unknown,March 09. 2020,Group,Unknown,Unknown,Chukka 4,Live,2020,,Search Livestream,International Polo Club,,Daily Racing Form,Jared Zenni,,,,,,,,,,,Penalty 30 yards,Goal,,,,,,,
Goal Daily Racing Form (4),3323200,35000,USPA Gold Cup,Unknown,Daily Racing Form vs Postage Stamp Farm,Unknown,March 09. 2020,Group,Unknown,Unknown,Chukka 4,Live,2020,,Search Livestream,International Polo Club,,Daily Racing Form,Jared Zenni,,,Attacking 30,78;4,Goal Daily Racing Form,,,,,,,,,,,,,,
Throw-in (13),3381533,20000,USPA Gold Cup,Unknown,Daily Racing Form vs Postage Stamp Farm,Unknown,March 09. 2020,Group,Unknown,Unknown,Chukka 4,Live,2020,Throw-in,Search Livestream,International Polo Club,Daily Racing Form win throw-in,Daily Racing Form,Agustin Obregon,,,,,,,,,,,,,,,,,,,
Shot At Goal (13),3410533,35000,USPA Gold Cup,Unknown,Daily Racing Form vs Postage Stamp Farm,Unknown,March 09. 2020,Group,Unknown,Unknown,Chukka 4,Live,2020,,Search Livestream,International Polo Club,,Postage Stamp Farm,Felipe Tro,Shot At Goal,Wide,Attacking 30,59;18,,,,,,,,,,,,,,,
Assist (3),3428300,25000,USPA Gold Cup,Unknown,Daily Racing Form vs Postage Stamp Farm,Unknown,March 09. 2020,Group,Unknown,Unknown,Chukka 4,Live,2020,,Search Livestream,International Polo Club,,Postage Stamp Farm,Mariano Aguerre,,,,,,,,,,,,,Unsuccessful,Mariano Aguerre,,,,,
Knock In (5),3454666,40000,USPA Gold Cup,Unknown,Daily Racing Form vs Postage Stamp Farm,Unknown,March 09. 2020,Group,Unknown,Unknown,Chukka 4,Live,2020,Knock In,Search Livestream,International Polo Club,,Daily Racing Form,Jared Zenni,,,,,,,,,,,,,,,Tommy Collingwood,,,,
Shot At Goal (14),3451366,35000,USPA Gold Cup,Unknown,Daily Racing Form vs Postage Stamp Farm,Unknown,March 09. 2020,Group,Unknown,Unknown,Chukka 4,Live,2020,,Search Livestream,International Polo Club,,Postage Stamp Farm,Felipe Tro,Shot At Goal,Short,Attacking 60,71;52,,,,,,,,,,,,,,,
Shot At Goal (15),3485400,35000,USPA Gold Cup,Unknown,Daily Racing Form vs Postage Stamp Farm,Unknown,March 09. 2020,Group,Unknown,Unknown,Chukka 4,Live,2020,,Search Livestream,International Polo Club,,Daily Racing Form,Jared Zenni,Shot At Goal,Miss Hit,Attacking 30,38;31,,,,,,,,,,,,,,,
Knock In (6),3568000,40000,USPA Gold Cup,Unknown,Daily Racing Form vs Postage Stamp Farm,Unknown,March 09. 2020,Group,Unknown,Unknown,Chukka 4,Live,2020,Knock In,Search Livestream,International Polo Club,,Postage Stamp Farm,Peke Gonzalez,,,,,,,,,,,,,,,,,,,
Non Call (3),3575466,20000,USPA Gold Cup,Unknown,Daily Racing Form vs Postage Stamp Farm,Unknown,March 09. 2020,Group,Unknown,Unknown,Chukka 4,Live,2020,,Search Livestream,International Polo Club,,Team,,,,,,,Non Call,Right of Way,,,,,,,,,,,,
Shot At Goal (16),3588833,35000,USPA Gold Cup,Unknown,Daily Racing Form vs Postage Stamp Farm,Unknown,March 09. 2020,Group,Unknown,Unknown,Chukka 4,Live,2020,,Search Livestream,International Polo Club,,Daily Racing Form,Jared Zenni,Shot At Goal,Miss Hit,Attacking 60,80;54,,,,,,,,,,,,,,,
Penalty 5 (4),3693966,30000,USPA Gold Cup,Unknown,Daily Racing Form vs Postage Stamp Farm,Unknown,March 09. 2020,Group,Unknown,Unknown,Chukka 4,Live,2020,Penalty 5,Search Livestream,International Polo Club,,Postage Stamp Farm,Peke Gonzalez,,,,,,,,,,,,,,,,,,,
Foul (11),3611266,25000,USPA Gold Cup,Unknown,Daily Racing Form vs Postage Stamp Farm,Unknown,March 09. 2020,Group,Unknown,Unknown,Chukka 4,Live,2020,,Search Livestream,International Polo Club,,Daily Racing Form,Jared Zenni,,,Attacking 30,119;17,,Foul,Right of Way,Penalty 5,58;38,110;93,,,,,,,,,
Foul Received (11),3611266,25000,USPA Gold Cup,Unknown,Daily Racing Form vs Postage Stamp Farm,Unknown,March 09. 2020,Group,Unknown,Unknown,Chukka 4,Live,2020,,Search Livestream,International Polo Club,,Postage Stamp Farm,Peke Gonzalez,,,Defending 30,26;283,,Foul Received,Right of Way,Penalty 5,,,,,,,,,,,
Knock In (7),3777700,40000,USPA Gold Cup,Unknown,Daily Racing Form vs Postage Stamp Farm,Unknown,March 09. 2020,Group,Unknown,Unknown,Chukka 4,Live,2020,Knock In,Search Livestream,International Polo Club,,Daily Racing Form,Jared Zenni,,,,,,,,,,,,,,,,,,,
Shot At Goal (17),3730933,35000,USPA Gold Cup,Unknown,Daily Racing Form vs Postage Stamp Farm,Unknown,March 09. 2020,Group,Unknown,Unknown,Chukka 4,Live,2020,,Search Livestream,International Polo Club,,Postage Stamp Farm,Mariano Aguerre,Shot At Goal,Wide,Attacking 30,78;25,,,,,,,,,,,,,,,
Foul (12),3783866,25000,USPA Gold Cup,Unknown,Daily Racing Form vs Postage Stamp Farm,Unknown,March 09. 2020,Group,Unknown,Unknown,Chukka 4,Live,2020,,Search Livestream,International Polo Club,,Postage Stamp Farm,Felipe Tro,,,Attacking Half,57;90,,Foul,Right of Way,Penalty 5B,41;89,119;102,,,,,,,,,
Foul Received (12),3783866,25000,USPA Gold Cup,Unknown,Daily Racing Form vs Postage Stamp Farm,Unknown,March 09. 2020,Group,Unknown,Unknown,Chukka 4,Live,2020,,Search Livestream,International Polo Club,,Daily Racing Form,Jared Zenni,,,Defending Half,111;212,,Foul Received,Right of Way,Penalty 5B,,,,,,,,,,,
Penalty 5b,3881266,30000,USPA Gold Cup,Unknown,Daily Racing Form vs Postage Stamp Farm,Unknown,March 09. 2020,Group,Unknown,Unknown,Chukka 4,Live,2020,Penalty 5b,Search Livestream,International Polo Club,,Daily Racing Form,Tommy Collingwood,,,,,,,,,,,,,,,,,,,
Shot At Goal (18),3864133,35000,USPA Gold Cup,Unknown,Daily Racing Form vs Postage Stamp Farm,Unknown,March 09. 2020,Group,Unknown,Unknown,Chukka 4,Live,2020,,Search Livestream,International Polo Club,,Daily Racing Form,Costi Caset,Shot At Goal,Blocked,Attacking 30,51;11,,,,,,,,,,,,,,,
Foul (13),3881633,25000,USPA Gold Cup,Unknown,Daily Racing Form vs Postage Stamp Farm,Unknown,March 09. 2020,Group,Unknown,Unknown,Chukka 4,Live,2020,,Search Livestream,International Polo Club,,Postage Stamp Farm,Mariano Aguerre,,,Defending 30,80;289,,Foul,Right of Way,Penalty 1,139;247,73;204,,,,,,,,,
Foul Received (13),3881633,25000,USPA Gold Cup,Unknown,Daily Racing Form vs Postage Stamp Farm,Unknown,March 09. 2020,Group,Unknown,Unknown,Chukka 4,Live,2020,,Search Livestream,International Polo Club,,Daily Racing Form,Costi Caset,,,Attacking 30,74;9,,Foul Received,Right of Way,Penalty 1,,,,,,,,,,,
Penalty 1,3930700,10000,USPA Gold Cup,Unknown,Daily Racing Form vs Postage Stamp Farm,Unknown,March 09. 2020,Group,Unknown,Unknown,Chukka 4,Live,2020,,Search Livestream,International Polo Club,,Daily Racing Form,Costi Caset,,,,,,,,,,,Penalty 1,Goal,,,,,,,
Goal Daily Racing Form (5),3905700,35000,USPA Gold Cup,Unknown,Daily Racing Form vs Postage Stamp Farm,Unknown,March 09. 2020,Group,Unknown,Unknown,Chukka 4,Live,2020,,Search Livestream,International Polo Club,,Daily Racing Form,Costi Caset,,,Attacking 30,77;6,Goal Daily Racing Form,,,,,,,,,,,,,,
Penalty 5b (1),3991733,30000,USPA Gold Cup,Unknown,Daily Racing Form vs Postage Stamp Farm,Unknown,March 09. 2020,Group,Unknown,Unknown,Chukka 4,Live,2020,Penalty 5b,Search Livestream,International Polo Club,,Daily Racing Form,Tommy Collingwood,,,,,,,,,,,,,,,,,,,
Foul (14),4005366,25000,USPA Gold Cup,Unknown,Daily Racing Form vs Postage Stamp Farm,Unknown,March 09. 2020,Group,Unknown,Unknown,Chukka 4,Live,2020,,Search Livestream,International Polo Club,,Daily Racing Form,Costi Caset,,,Attacking 60,7;56,,Foul,Dangerous Riding,Penalty 5,28;39,76;103,,,,,,,,,
Foul Received (14),4005366,25000,USPA Gold Cup,Unknown,Daily Racing Form vs Postage Stamp Farm,Unknown,March 09. 2020,Group,Unknown,Unknown,Chukka 4,Live,2020,,Search Livestream,International Polo Club,,Postage Stamp Farm,Mariano Aguerre,,,Defending 60,144;245,,Foul Received,Dangerous Riding,Penalty 5,,,,,,,,,,,
Penalty 5 (5),4137433,30000,USPA Gold Cup,Unknown,Daily Racing Form vs Postage Stamp Farm,Unknown,March 09. 2020,Group,Unknown,Unknown,Chukka 4,Live,2020,Penalty 5,Search Livestream,International Polo Club,,Postage Stamp Farm,Peke Gonzalez,,,,,,,,,,,,,,,,,,,
Shot At Goal (19),4137233,35000,USPA Gold Cup,Unknown,Daily Racing Form vs Postage Stamp Farm,Unknown,March 09. 2020,Group,Unknown,Unknown,Chukka 4,Live,2020,,Search Livestream,International Polo Club,,Daily Racing Form,Agustin Obregon,Shot At Goal,Goal,Attacking 30,55;20,,,,,,,,,,,,,,,
Goal Daily Racing Form (6),4141100,35000,USPA Gold Cup,Unknown,Daily Racing Form vs Postage Stamp Farm,Unknown,March 09. 2020,Group,Unknown,Unknown,Chukka 4,Live,2020,,Search Livestream,International Polo Club,,Daily Racing Form,Agustin Obregon,,,Attacking 30,80;4,Goal Daily Racing Form,,,,,,,,,,,,,,
Throw-in (14),4365700,20000,USPA Gold Cup,Unknown,Daily Racing Form vs Postage Stamp Farm,Unknown,March 09. 2020,Group,Unknown,Unknown,Chukka 5,Live,2020,Throw-in,Search Livestream,International Polo Club,Daily Racing Form win throw-in,Daily Racing Form,Jared Zenni,,,,,,,,,,,,,,,,,,,
Foul (15),4366766,25000,USPA Gold Cup,Unknown,Daily Racing Form vs Postage Stamp Farm,Unknown,March 09. 2020,Group,Unknown,Unknown,Chukka 5,Live,2020,,Search Livestream,International Polo Club,,Postage Stamp Farm,Mariano Aguerre,,,Defending Half,64;158,,Foul,Right of Way,Penalty 60 yards,32;136,103;157,,,,,,,,,
Foul Received (15),4366766,25000,USPA Gold Cup,Unknown,Daily Racing Form vs Postage Stamp Farm,Unknown,March 09. 2020,Group,Unknown,Unknown,Chukka 5,Live,2020,,Search Livestream,International Polo Club,,Daily Racing Form,Tommy Collingwood,,,Attacking Half,82;133,,Foul Received,Right of Way,Penalty 60 yards,,,,,,,,,,,
Penalty 60 yards (3),4435966,15000,USPA Gold Cup,Unknown,Daily Racing Form vs Postage Stamp Farm,Unknown,March 09. 2020,Group,Unknown,Unknown,Chukka 5,Live,2020,,Search Livestream,International Polo Club,,Daily Racing Form,Agustin Obregon,,,,,,,,,,,Penalty 60 yards,Wide,,,,,,,
Knock In (8),4457266,40000,USPA Gold Cup,Unknown,Daily Racing Form vs Postage Stamp Farm,Unknown,March 09. 2020,Group,Unknown,Unknown,Chukka 5,Live,2020,Knock In,Search Livestream,International Polo Club,,Postage Stamp Farm,Peke Gonzalez,,,,,,,,,,,,,,,Mariano Aguerre,,,,
Foul (16),4481966,25000,USPA Gold Cup,Unknown,Daily Racing Form vs Postage Stamp Farm,Unknown,March 09. 2020,Group,Unknown,Unknown,Chukka 5,Live,2020,,Search Livestream,International Polo Club,,Daily Racing Form,Costi Caset,,,Attacking 30,76;20,,Foul,Near Side,Penalty 5,28;81,102;97,,,,,,,,,
Foul Received (16),4481966,25000,USPA Gold Cup,Unknown,Daily Racing Form vs Postage Stamp Farm,Unknown,March 09. 2020,Group,Unknown,Unknown,Chukka 5,Live,2020,,Search Livestream,International Polo Club,,Postage Stamp Farm,Mariano Aguerre,,,Defending 30,70;285,,Foul Received,Near Side,Penalty 5,,,,,,,,,,,
Penalty 5 (6),4650233,30000,USPA Gold Cup,Unknown,Daily Racing Form vs Postage Stamp Farm,Unknown,March 09. 2020,Group,Unknown,Unknown,Chukka 5,Live,2020,Penalty 5,Search Livestream,International Polo Club,,Postage Stamp Farm,Peke Gonzalez,,,,,,,,,,,,,,,,,,,
Non Call (4),4667033,20000,USPA Gold Cup,Unknown,Daily Racing Form vs Postage Stamp Farm,Unknown,March 09. 2020,Group,Unknown,Unknown,Chukka 5,Live,2020,,Search Livestream,International Polo Club,,Team,,,,,,,Non Call,Right of Way,,,,,,,,,,,,
Injury Time,4701266,244284,USPA Gold Cup,Unknown,Daily Racing Form vs Postage Stamp Farm,Unknown,March 09. 2020,Group,Unknown,Unknown,Chukka 5,Live,2020,,Search Livestream,International Polo Club,,Team,,,,,,,,,,,,,,,,,,Injury Time,,
Foul (17),4676433,25000,USPA Gold Cup,Unknown,Daily Racing Form vs Postage Stamp Farm,Unknown,March 09. 2020,Group,Unknown,Unknown,Chukka 5,Live,2020,,Search Livestream,International Polo Club,,Daily Racing Form,Costi Caset,,,Defending Half,69;180,,Foul,Dangerous Use of Mallet,Penalty 40 yards,18;194,125;194,,,,,,,,,
Foul Received (17),4675166,25000,USPA Gold Cup,Unknown,Daily Racing Form vs Postage Stamp Farm,Unknown,March 09. 2020,Group,Unknown,Unknown,Chukka 5,Live,2020,,Search Livestream,International Polo Club,,Postage Stamp Farm,Mariano Aguerre,,,Attacking Half,73;120,,Foul Received,Dangerous Use of Mallet,Penalty 40 yards,,,,,,,,,,,
Yellow Card,4950800,10000,USPA Gold Cup,Unknown,Daily Racing Form vs Postage Stamp Farm,Unknown,March 09. 2020,Group,Unknown,Unknown,Chukka 5,Live,2020,,Search Livestream,International Polo Club,,Daily Racing Form,Costi Caset,,,,,,Yellow Card,Dangerous Use of Mallet,,,,,,,,,,,,
Yellow Card (1),4959266,10000,USPA Gold Cup,Unknown,Daily Racing Form vs Postage Stamp Farm,Unknown,March 09. 2020,Group,Unknown,Unknown,Chukka 5,Live,2020,,Search Livestream,International Polo Club,,Daily Racing Form,Costi Caset,,,,,,Yellow Card,Dangerous Use of Mallet,,,,,,,,,,,,
Penalty 40 yards (2),5043466,15000,USPA Gold Cup,Unknown,Daily Racing Form vs Postage Stamp Farm,Unknown,March 09. 2020,Group,Unknown,Unknown,Chukka 5,Live,2020,,Search Livestream,International Polo Club,,Postage Stamp Farm,Peke Gonzalez,,,,,,,,,,,Penalty 40 yards,Goal,,,,,,,
Goal Postage Stamp Farm (8),5024633,35000,USPA Gold Cup,Unknown,Daily Racing Form vs Postage Stamp Farm,Unknown,March 09. 2020,Group,Unknown,Unknown,Chukka 5,Live,2020,,Search Livestream,International Polo Club,,Postage Stamp Farm,Peke Gonzalez,,,Attacking 30,76;3,Goal Postage Stamp Farm,,,,,,,,,,,,,,
Foul (18),5080566,25000,USPA Gold Cup,Unknown,Daily Racing Form vs Postage Stamp Farm,Unknown,March 09. 2020,Group,Unknown,Unknown,Chukka 5,Live,2020,,Search Livestream,International Polo Club,,Postage Stamp Farm,Mariano Aguerre,,,Defending Half,49;152,,Foul,Improper Procedure,Penalty 5,26;143,110;148,,,,,,,,,
Penalty 5 (7),5111033,30000,USPA Gold Cup,Unknown,Daily Racing Form vs Postage Stamp Farm,Unknown,March 09. 2020,Group,Unknown,Unknown,Chukka 5,Live,2020,Penalty 5,Search Livestream,International Polo Club,,Daily Racing Form,Tommy Collingwood,,,,,,,,,,,,,,,,,,,
Shot At Goal (20),5183233,35000,USPA Gold Cup,Unknown,Daily Racing Form vs Postage Stamp Farm,Unknown,March 09. 2020,Group,Unknown,Unknown,Chukka 5,Live,2020,,Search Livestream,International Polo Club,,Postage Stamp Farm,Mariano Aguerre,Shot At Goal,Blocked,Attacking 60,80;58,,,,,,,,,,,,,,,
Shot Block,5214766,10000,USPA Gold Cup,Unknown,Daily Racing Form vs Postage Stamp Farm,Unknown,March 09. 2020,Group,Unknown,Unknown,Chukka 5,Live,2020,,Search Livestream,International Polo Club,,Daily Racing Form,Jared Zenni,,,,,,,,,,,,,,,,,,Shot Block,
Foul (19),5224233,25000,USPA Gold Cup,Unknown,Daily Racing Form vs Postage Stamp Farm,Unknown,March 09. 2020,Group,Unknown,Unknown,Chukka 5,Live,2020,,Search Livestream,International Polo Club,,Postage Stamp Farm,Mariano Aguerre,,,Attacking Half,7;118,,Foul,Turning,Penalty 5B,7;81,61;102,,,,,,,,,
Foul Received (18),5224233,25000,USPA Gold Cup,Unknown,Daily Racing Form vs Postage Stamp Farm,Unknown,March 09. 2020,Group,Unknown,Unknown,Chukka 5,Live,2020,,Search Livestream,International Polo Club,,Daily Racing Form,Costi Caset,,,Defending Half,146;183,,Foul Received,Turning,Penalty 5B,,,,,,,,,,,
Penalty 5b (2),5337833,30000,USPA Gold Cup,Unknown,Daily Racing Form vs Postage Stamp Farm,Unknown,March 09. 2020,Group,Unknown,Unknown,Chukka 5,Live,2020,Penalty 5b,Search Livestream,International Polo Club,,Daily Racing Form,Tommy Collingwood,,,,,,,,,,,,,,,,,,,
Collision,5341433,15000,USPA Gold Cup,Unknown,Daily Racing Form vs Postage Stamp Farm,Unknown,March 09. 2020,Group,Unknown,Unknown,Chukka 5,Live,2020,,Search Livestream,International Polo Club,,Postage Stamp Farm,Felipe Tro,,,,,,,,,,,,,,,,,,,Collision
Injury Time (1),5346200,315933,USPA Gold Cup,Unknown,Daily Racing Form vs Postage Stamp Farm,Unknown,March 09. 2020,Group,Unknown,Unknown,Chukka 5,Live,2020,,Search Livestream,International Polo Club,,Team,,,,,,,,,,,,,,,,,,Injury Time,,
Foul (20),5335166,25000,USPA Gold Cup,Unknown,Daily Racing Form vs Postage Stamp Farm,Unknown,March 09. 2020,Group,Unknown,Unknown,Chukka 5,Live,2020,,Search Livestream,International Polo Club,,Postage Stamp Farm,Felipe Tro,,,Defending Half,73;184,,Foul,Dangerous Riding,Penalty 40 yards,12;190,73;131,,,,,,,,,
Foul Received (19),5335166,25000,USPA Gold Cup,Unknown,Daily Racing Form vs Postage Stamp Farm,Unknown,March 09. 2020,Group,Unknown,Unknown,Chukka 5,Live,2020,,Search Livestream,International Polo Club,,Daily Racing Form,Costi Caset,,,Attacking Half,73;104,,Foul Received,Dangerous Riding,Penalty 40 yards,,,,,,,,,,,
Penalty 40 yards (3),5695866,15000,USPA Gold Cup,Unknown,Daily Racing Form vs Postage Stamp Farm,Unknown,March 09. 2020,Group,Unknown,Unknown,Chukka 5,Live,2020,,Search Livestream,International Polo Club,,Daily Racing Form,Jared Zenni,,,,,,,,,,,Penalty 40 yards,Goal,,,,,,,
Goal Daily Racing Form (7),5677533,35000,USPA Gold Cup,Unknown,Daily Racing Form vs Postage Stamp Farm,Unknown,March 09. 2020,Group,Unknown,Unknown,Chukka 5,Live,2020,,Search Livestream,International Polo Club,,Daily Racing Form,Jared Zenni,,,Attacking 30,72;7,Goal Daily Racing Form,,,,,,,,,,,,,,
Throw-in (15),5732083,20000,USPA Gold Cup,Unknown,Daily Racing Form vs Postage Stamp Farm,Unknown,March 09. 2020,Group,Unknown,Unknown,Chukka 5,Live,2020,Throw-in,Search Livestream,International Polo Club,Postage Stamp Farm win throw-in,Postage Stamp Farm,Mariano Aguerre,,,,,,,,,,,,,,,,,,,
Shot At Goal (21),5726200,35000,USPA Gold Cup,Unknown,Daily Racing Form vs Postage Stamp Farm,Unknown,March 09. 2020,Group,Unknown,Unknown,Chukka 5,Live,2020,,Search Livestream,International Polo Club,,Postage Stamp Farm,Lerin Zubiaurre,Shot At Goal,Goal,Attacking 30,73;17,,,,,,,,,,,,,,,
Goal Postage Stamp Farm (9),5727466,35000,USPA Gold Cup,Unknown,Daily Racing Form vs Postage Stamp Farm,Unknown,March 09. 2020,Group,Unknown,Unknown,Chukka 5,Live,2020,,Search Livestream,International Polo Club,,Postage Stamp Farm,Lerin Zubiaurre,,,Attacking 30,77;4,Goal Postage Stamp Farm,,,,,,,,,,,,,,
Throw-in (16),5784366,20000,USPA Gold Cup,Unknown,Daily Racing Form vs Postage Stamp Farm,Unknown,March 09. 2020,Group,Unknown,Unknown,Chukka 5,Live,2020,Throw-in,Search Livestream,International Polo Club,Postage Stamp Farm win throw-in,Postage Stamp Farm,Mariano Aguerre,,,,,,,,,,,,,,,,,,,
Foul (21),5781100,25000,USPA Gold Cup,Unknown,Daily Racing Form vs Postage Stamp Farm,Unknown,March 09. 2020,Group,Unknown,Unknown,Chukka 5,Live,2020,,Search Livestream,International Polo Club,,Daily Racing Form,Jared Zenni,,,Attacking Half,77;136,,Foul,Dangerous Riding,Penalty 60 yards,21;153,123;172,,,,,,,,,
Foul Received (20),5781100,25000,USPA Gold Cup,Unknown,Daily Racing Form vs Postage Stamp Farm,Unknown,March 09. 2020,Group,Unknown,Unknown,Chukka 5,Live,2020,,Search Livestream,International Polo Club,,Postage Stamp Farm,Mariano Aguerre,,,Defending Half,62;159,,Foul Received,Dangerous Riding,Penalty 60 yards,,,,,,,,,,,
Penalty 60 yards (4),5884800,15000,USPA Gold Cup,Unknown,Daily Racing Form vs Postage Stamp Farm,Unknown,March 09. 2020,Group,Unknown,Unknown,Chukka 5,Live,2020,,Search Livestream,International Polo Club,,Postage Stamp Farm,Peke Gonzalez,,,,,,,,,,,Penalty 60 yards,Wide,,,,,,,
Knock In (9),5904166,40000,USPA Gold Cup,Unknown,Daily Racing Form vs Postage Stamp Farm,Unknown,March 09. 2020,Group,Unknown,Unknown,Chukka 5,Live,2020,Knock In,Search Livestream,International Polo Club,,Daily Racing Form,Jared Zenni,,,,,,,,,,,,,,,Agustin Obregon,,,,
Free Hit (1),5940300,20000,USPA Gold Cup,Unknown,Daily Racing Form vs Postage Stamp Farm,Unknown,March 09. 2020,Group,Unknown,Unknown,Chukka 5,Live,2020,Free Hit,Search Livestream,International Polo Club,,Postage Stamp Farm,Mariano Aguerre,,,,,,,,,,,,,,,,,,,
Foul (22),5955800,25000,USPA Gold Cup,Unknown,Daily Racing Form vs Postage Stamp Farm,Unknown,March 09. 2020,Group,Unknown,Unknown,Chukka 5,Live,2020,,Search Livestream,International Polo Club,,Daily Racing Form,Agustin Obregon,,,Attacking Half,118;107,,Foul,Dangerous Riding,Penalty 5B,67;116,144;167,,,,,,,,,
Foul Received (21),5955800,25000,USPA Gold Cup,Unknown,Daily Racing Form vs Postage Stamp Farm,Unknown,March 09. 2020,Group,Unknown,Unknown,Chukka 5,Live,2020,,Search Livestream,International Polo Club,,Postage Stamp Farm,Lerin Zubiaurre,,,Defending Half,19;201,,Foul Received,Dangerous Riding,Penalty 5B,,,,,,,,,,,
Penalty 5b (3),6547833,30000,USPA Gold Cup,Unknown,Daily Racing Form vs Postage Stamp Farm,Unknown,March 09. 2020,Group,Unknown,Unknown,Chukka 6,Live,2020,Penalty 5b,Search Livestream,International Polo Club,,Postage Stamp Farm,Peke Gonzalez,,,,,,,,,,,,,,,,,,,
Foul (23),6584833,25000,USPA Gold Cup,Unknown,Daily Racing Form vs Postage Stamp Farm,Unknown,March 09. 2020,Group,Unknown,Unknown,Chukka 6,Live,2020,,Search Livestream,International Polo Club,,Postage Stamp Farm,Peke Gonzalez,,,Defending Half,72;198,,Foul,Right of Way,Penalty 30 yards,10;170,128;195,,,,,,,,,
Foul Received (22),6584833,25000,USPA Gold Cup,Unknown,Daily Racing Form vs Postage Stamp Farm,Unknown,March 09. 2020,Group,Unknown,Unknown,Chukka 6,Live,2020,,Search Livestream,International Polo Club,,Daily Racing Form,Tommy Collingwood,,,Attacking Half,78;106,,Foul Received,Right of Way,Penalty 30 yards,,,,,,,,,,,
Non Call (5),6583033,20000,USPA Gold Cup,Unknown,Daily Racing Form vs Postage Stamp Farm,Unknown,March 09. 2020,Group,Unknown,Unknown,Chukka 6,Live,2020,,Search Livestream,International Polo Club,,Team,,,,,,,Non Call,Riding Into Shot,,,,,,,,,,,,
Penalty 30 yards (3),6644166,15000,USPA Gold Cup,Unknown,Daily Racing Form vs Postage Stamp Farm,Unknown,March 09. 2020,Group,Unknown,Unknown,Chukka 6,Live,2020,,Search Livestream,International Polo Club,,Daily Racing Form,Jared Zenni,,,,,,,,,,,Penalty 30 yards,Goal,,,,,,,
Goal Daily Racing Form (8),6626200,35000,USPA Gold Cup,Unknown,Daily Racing Form vs Postage Stamp Farm,Unknown,March 09. 2020,Group,Unknown,Unknown,Chukka 6,Live,2020,,Search Livestream,International Polo Club,,Daily Racing Form,Jared Zenni,,,Attacking 30,76;6,Goal Daily Racing Form,,,,,,,,,,,,,,
Throw-in (17),6688866,20000,USPA Gold Cup,Unknown,Daily Racing Form vs Postage Stamp Farm,Unknown,March 09. 2020,Group,Unknown,Unknown,Chukka 6,Live,2020,Throw-in,Search Livestream,International Polo Club,Postage Stamp Farm win throw-in,Postage Stamp Farm,Annabelle Gundlach,,,,,,,,,,,,,,,,,,,
Non Call (6),6728400,20000,USPA Gold Cup,Unknown,Daily Racing Form vs Postage Stamp Farm,Unknown,March 09. 2020,Group,Unknown,Unknown,Chukka 6,Live,2020,,Search Livestream,International Polo Club,,Team,,,,,,,Non Call,Riding Into Shot,,,,,,,,,,,,
Foul (24),6790133,25000,USPA Gold Cup,Unknown,Daily Racing Form vs Postage Stamp Farm,Unknown,March 09. 2020,Group,Unknown,Unknown,Chukka 6,Live,2020,,Search Livestream,International Polo Club,,Postage Stamp Farm,Mariano Aguerre,,,Defending Half,76;206,,Foul,1 Meeting 2,Penalty 30 yards,25;168,139;203,,,,,,,,,
Foul Received (23),6790133,25000,USPA Gold Cup,Unknown,Daily Racing Form vs Postage Stamp Farm,Unknown,March 09. 2020,Group,Unknown,Unknown,Chukka 6,Live,2020,,Search Livestream,International Polo Club,,Daily Racing Form,Agustin Obregon,,,Attacking Half,74;107,,Foul Received,1 Meeting 2,Penalty 30 yards,,,,,,,,,,,
Penalty 30 yards (4),6855333,15000,USPA Gold Cup,Unknown,Daily Racing Form vs Postage Stamp Farm,Unknown,March 09. 2020,Group,Unknown,Unknown,Chukka 6,Live,2020,,Search Livestream,International Polo Club,,Daily Racing Form,Jared Zenni,,,,,,,,,,,Penalty 30 yards,Goal,,,,,,,
Goal Daily Racing Form (9),6837700,35000,USPA Gold Cup,Unknown,Daily Racing Form vs Postage Stamp Farm,Unknown,March 09. 2020,Group,Unknown,Unknown,Chukka 6,Live,2020,,Search Livestream,International Polo Club,,Daily Racing Form,Jared Zenni,,,Attacking 30,77;3,Goal Daily Racing Form,,,,,,,,,,,,,,
Throw-in (18),6895400,20000,USPA Gold Cup,Unknown,Daily Racing Form vs Postage Stamp Farm,Unknown,March 09. 2020,Group,Unknown,Unknown,Chukka 6,Live,2020,Throw-in,Search Livestream,International Polo Club,Daily Racing Form win throw-in,Daily Racing Form,Agustin Obregon,,,,,,,,,,,,,,,,,,,
Foul (25),6905033,25000,USPA Gold Cup,Unknown,Daily Racing Form vs Postage Stamp Farm,Unknown,March 09. 2020,Group,Unknown,Unknown,Chukka 6,Live,2020,,Search Livestream,International Polo Club,,Daily Racing Form,Tommy Collingwood,,,Defending Half,76;168,,Foul,Blocking,Penalty 40 yards,123;186,26;162,,,,,,,,,
Foul Received (24),6905033,25000,USPA Gold Cup,Unknown,Daily Racing Form vs Postage Stamp Farm,Unknown,March 09. 2020,Group,Unknown,Unknown,Chukka 6,Live,2020,,Search Livestream,International Polo Club,,Postage Stamp Farm,Lerin Zubiaurre,,,Attacking Half,78;135,,Foul Received,Blocking,Penalty 40 yards,,,,,,,,,,,
Penalty 40 yards (4),7008966,15000,USPA Gold Cup,Unknown,Daily Racing Form vs Postage Stamp Farm,Unknown,March 09. 2020,Group,Unknown,Unknown,Chukka 6,Live,2020,,Search Livestream,International Polo Club,,Postage Stamp Farm,Peke Gonzalez,,,,,,,,,,,Penalty 40 yards,Goal,,,,,,,
Goal Postage Stamp Farm (10),6990766,35000,USPA Gold Cup,Unknown,Daily Racing Form vs Postage Stamp Farm,Unknown,March 09. 2020,Group,Unknown,Unknown,Chukka 6,Live,2020,,Search Livestream,International Polo Club,,Postage Stamp Farm,Peke Gonzalez,,,Attacking 30,78;6,Goal Postage Stamp Farm,,,,,,,,,,,,,,
Throw-in (19),7044233,20000,USPA Gold Cup,Unknown,Daily Racing Form vs Postage Stamp Farm,Unknown,March 09. 2020,Group,Unknown,Unknown,Chukka 6,Live,2020,Throw-in,Search Livestream,International Polo Club,Postage Stamp Farm win throw-in,Postage Stamp Farm,Peke Gonzalez,,,,,,,,,,,,,,,,,,,
Shot At Goal (22),7033666,35000,USPA Gold Cup,Unknown,Daily Racing Form vs Postage Stamp Farm,Unknown,March 09. 2020,Group,Unknown,Unknown,Chukka 6,Live,2020,,Search Livestream,International Polo Club,,Postage Stamp Farm,Mariano Aguerre,Shot At Goal,Wide,Attacking 60,86;43,,,,,,,,,,,,,,,
Assist (4),7049900,25000,USPA Gold Cup,Unknown,Daily Racing Form vs Postage Stamp Farm,Unknown,March 09. 2020,Group,Unknown,Unknown,Chukka 6,Live,2020,,Search Livestream,International Polo Club,,Postage Stamp Farm,Lerin Zubiaurre,,,,,,,,,,,,,Unsuccessful,Lerin Zubiaurre,,,,,
Knock In (10),7082624,40000,USPA Gold Cup,Unknown,Daily Racing Form vs Postage Stamp Farm,Unknown,March 09. 2020,Group,Unknown,Unknown,Chukka 6,Live,2020,Knock In,Search Livestream,International Polo Club,,Daily Racing Form,Jared Zenni,,,,,,,,,,,,,,,,,,,
Shot At Goal (23),7166933,35000,USPA Gold Cup,Unknown,Daily Racing Form vs Postage Stamp Farm,Unknown,March 09. 2020,Group,Unknown,Unknown,Chukka 6,Live,2020,,Search Livestream,International Polo Club,,Daily Racing Form,Tommy Collingwood,Shot At Goal,Goal,,,,,,,,,,,,,,,,,
Goal Daily Racing Form (10),7211266,35000,USPA Gold Cup,Unknown,Daily Racing Form vs Postage Stamp Farm,Unknown,March 09. 2020,Group,Unknown,Unknown,Chukka 6,Live,2020,,Search Livestream,International Polo Club,,Daily Racing Form,Tommy Collingwood,,,Attacking 30,73;4,Goal Daily Racing Form,,,,,,,,,,,,,,
Throw-in (20),7430733,20000,USPA Gold Cup,Unknown,Daily Racing Form vs Postage Stamp Farm,Unknown,March 09. 2020,Group,Unknown,Unknown,Chukka 7,Live,2020,Throw-in,Search Livestream,International Polo Club,Postage Stamp Farm win throw-in,Postage Stamp Farm,Mariano Aguerre,,,,,,,,,,,,,,,,,,,
Non Call (7),7436033,20000,USPA Gold Cup,Unknown,Daily Racing Form vs Postage Stamp Farm,Unknown,March 09. 2020,Group,Unknown,Unknown,Chukka 7,Live,2020,,Search Livestream,International Polo Club,,Team,,,,,,,Non Call,Right of Way,,,,,,,,,,,,
Shot At Goal (23),7441600,35000,USPA Gold Cup,Unknown,Daily Racing Form vs Postage Stamp Farm,Unknown,March 09. 2020,Group,Unknown,Unknown,Chukka 7,Live,2020,,Search Livestream,International Polo Club,,Daily Racing Form,Agustin Obregon,Shot At Goal,Goal,Attacking 30,82;9,,,,,,,,,,,,,,,
Goal Daily Racing Form (11),7442033,35000,USPA Gold Cup,Unknown,Daily Racing Form vs Postage Stamp Farm,Unknown,March 09. 2020,Group,Unknown,Unknown,Chukka 7,Live,2020,,Search Livestream,International Polo Club,,Daily Racing Form,Agustin Obregon,,,Attacking 30,81;7,Goal Daily Racing Form,,,,,,,,,,,Goals,,,
Assist (5),7459366,25000,USPA Gold Cup,Unknown,Daily Racing Form vs Postage Stamp Farm,Unknown,March 09. 2020,Group,Unknown,Unknown,Chukka 7,Live,2020,,Search Livestream,International Polo Club,,Daily Racing Form,Costi Caset,,,,,,,,,,,,,Successful,Costi Caset,,,,,
Chukka Length,7430733,102366,USPA Gold Cup,Unknown,Daily Racing Form vs Postage Stamp Farm,Unknown,March 09. 2020,Group,Unknown,Unknown,Chukka 7,Live,2020,,Search Livestream,International Polo Club,,Team,,,,,,,,,,,,,,,,,,Chukka Length,,
Game Length,290366,7216766,USPA Gold Cup,Unknown,Daily Racing Form vs Postage Stamp Farm,Unknown,March 09. 2020,Group,Unknown,Unknown,,Live,2020,,Search Livestream,International Polo Club,,Team,,,,,,,,,,,,,,,,,,Game Length,,
Chukka Length (1),290366,918200,USPA Gold Cup,Unknown,Daily Racing Form vs Postage Stamp Farm,Unknown,March 09. 2020,Group,Unknown,Unknown,Chukka 1,Live,2020,,Search Livestream,International Polo Club,,Team,,,,,,,,,,,,,,,,,,Chukka Length,,
Chukka Length (2),1365200,581300,USPA Gold Cup,Unknown,Daily Racing Form vs Postage Stamp Farm,Unknown,March 09. 2020,Group,Unknown,Unknown,Chukka 2,Live,2020,,Search Livestream,International Polo Club,,Team,,,,,,,,,,,,,,,,,,Chukka Length,,
Chukka Length (3),2170766,704200,USPA Gold Cup,Unknown,Daily Racing Form vs Postage Stamp Farm,Unknown,March 09. 2020,Group,Unknown,Unknown,Chukka 3,Live,2020,,Search Livestream,International Polo Club,,Team,,,,,,,,,,,,,,,,,,Chukka Length,,
Chukka Length (4),3352166,853100,USPA Gold Cup,Unknown,Daily Racing Form vs Postage Stamp Farm,Unknown,March 09. 2020,Group,Unknown,Unknown,Chukka 4,Live,2020,,Search Livestream,International Polo Club,,Team,,,,,,,,,,,,,,,,,,Chukka Length,,
Chukka Length (5),4365700,324733,USPA Gold Cup,Unknown,Daily Racing Form vs Postage Stamp Farm,Unknown,March 09. 2020,Group,Unknown,Unknown,Chukka 5,Live,2020,,Search Livestream,International Polo Club,,Team,,,,,,,,,,,,,,,,,,Chukka Length,,
Chukka Length (6),4950800,396033,USPA Gold Cup,Unknown,Daily Racing Form vs Postage Stamp Farm,Unknown,March 09. 2020,Group,Unknown,Unknown,Chukka 5,Live,2020,,Search Livestream,International Polo Club,,Team,,,,,,,,,,,,,,,,,,Chukka Length,,
Chukka Length (7),5695866,315666,USPA Gold Cup,Unknown,Daily Racing Form vs Postage Stamp Farm,Unknown,March 09. 2020,Group,Unknown,Unknown,Chukka 5,Live,2020,,Search Livestream,International Polo Club,,Team,,,,,,,,,,,,,,,,,,Chukka Length,,
Chukka Length (8),6551966,805000,USPA Gold Cup,Unknown,Daily Racing Form vs Postage Stamp Farm,Unknown,March 09. 2020,Group,Unknown,Unknown,Chukka 6,Live,2020,,Search Livestream,International Polo Club,,Team,,,,,,,,,,,,,,,,,,Chukka Length,,