Name,Position,Duration,Tournament,Game,Stage,Third Umpire,Search Event,Match Date,Instant Replay Official,Umpire 1,Umpire 2,Camera Angle,Year,Club,Chukka Length,Team,Set Play,Chukka,Throw-in Outcome,Player,Foul,Foul Type,Location,General Field Area,Foul Outcome,Umpire Focal,Umpire Trailing,Goal,Penalties,Penalty Outcome,Shot At Goal,Shot At Goal Outcome,Assist Outcome,Assist,Knock-in Player 2,Highlight Reel,Collision,Penalty Block,Fouler
Game Length,397833,6910066,USPA Gold Cup,Dutta Corp vs La Indiana,Quarter Final,Unknown,Search Livestream,March 15. 2020,Unknown,Unknown,Unknown,Live,2020,International Polo Club,Game Length,Team,,,,,,,,,,,,,,,,,,,,,,,
Throw-in,397833,20000,USPA Gold Cup,Dutta Corp vs La Indiana,Quarter Final,Unknown,Search Livestream,March 15. 2020,Unknown,Unknown,Unknown,Live,2020,International Polo Club,,Dutta Corp,Throw-in,Chukka 1,Dutta Corp win throw-in,Mariano Obregon,,,,,,,,,,,,,,,,,,,
Chukka Length,399933,769333,USPA Gold Cup,Dutta Corp vs La Indiana,Quarter Final,Unknown,Search Livestream,March 15. 2020,Unknown,Unknown,Unknown,Live,2020,International Polo Club,Chukka Length,Team,,Chukka 1,,,,,,,,,,,,,,,,,,,,,
Non Call,423366,20000,USPA Gold Cup,Dutta Corp vs La Indiana,Quarter Final,Unknown,Search Livestream,March 15. 2020,Unknown,Unknown,Unknown,Live,2020,International Polo Club,,Team,,Chukka 1,,,Non Call,Right of Way,,,,,,,,,,,,,,,,,
Foul,441133,25000,USPA Gold Cup,Dutta Corp vs La Indiana,Quarter Final,Unknown,Search Livestream,March 15. 2020,Unknown,Unknown,Unknown,Live,2020,International Polo Club,,La Indiana,,Chukka 1,,Jeff Hall,Foul,Riding Into Shot,28;208,Defending Half,Penalty 40 yards,10;189,77;226,,,,,,,,,,,,
Foul Received,441133,25000,USPA Gold Cup,Dutta Corp vs La Indiana,Quarter Final,Unknown,Search Livestream,March 15. 2020,Unknown,Unknown,Unknown,Live,2020,International Polo Club,,Dutta Corp,,Chukka 1,,Facundo Obregon,Foul Received,Riding Into Shot,132;86,Attacking Half,Penalty 40 yards,,,,,,,,,,,,,,
Goal Dutta Corp,546366,35000,USPA Gold Cup,Dutta Corp vs La Indiana,Quarter Final,Unknown,Search Livestream,March 15. 2020,Unknown,Unknown,Unknown,Live,2020,International Polo Club,,Dutta Corp,,Chukka 1,,Facundo Obregon,,,76;3,Attacking 30,,,,Goal Dutta Corp,,,,,,,,,,,
Penalty 40 yards,561926,15000,USPA Gold Cup,Dutta Corp vs La Indiana,Quarter Final,Unknown,Search Livestream,March 15. 2020,Unknown,Unknown,Unknown,Live,2020,International Polo Club,,Dutta Corp,,Chukka 1,,Facundo Obregon,,,,,,,,,Penalty 40 yards,Goal,,,,,,,,,
Throw-in (1),595366,20000,USPA Gold Cup,Dutta Corp vs La Indiana,Quarter Final,Unknown,Search Livestream,March 15. 2020,Unknown,Unknown,Unknown,Live,2020,International Polo Club,,La Indiana,Throw-in,Chukka 1,La Indiana win throw-in,Jeff Hall,,,,,,,,,,,,,,,,,,,
Foul Received (1),602766,25000,USPA Gold Cup,Dutta Corp vs La Indiana,Quarter Final,Unknown,Search Livestream,March 15. 2020,Unknown,Unknown,Unknown,Live,2020,International Polo Club,,La Indiana,,Chukka 1,,Jeff Hall,Foul Received,Meeting the Ball,120;98,Attacking Half,Penalty 30 yards,,,,,,,,,,,,,,
Foul (1),602833,25000,USPA Gold Cup,Dutta Corp vs La Indiana,Quarter Final,Unknown,Search Livestream,March 15. 2020,Unknown,Unknown,Unknown,Live,2020,International Polo Club,,Dutta Corp,,Chukka 1,,Lucas Diaz Alberdi,Foul,Meeting the Ball,23;193,Defending Half,Penalty 30 yards,13;175,73;215,,,,,,,,,,,,
Goal La Indiana,649500,35000,USPA Gold Cup,Dutta Corp vs La Indiana,Quarter Final,Unknown,Search Livestream,March 15. 2020,Unknown,Unknown,Unknown,Live,2020,International Polo Club,,La Indiana,,Chukka 1,,Polito Pieres,,,78;6,Attacking 30,,,,Goal La Indiana,,,,,,,,,,,
Penalty 30 yards,667366,15000,USPA Gold Cup,Dutta Corp vs La Indiana,Quarter Final,Unknown,Search Livestream,March 15. 2020,Unknown,Unknown,Unknown,Live,2020,International Polo Club,,La Indiana,,Chukka 1,,Polito Pieres,,,,,,,,,Penalty 30 yards,Goal,,,,,,,,,
Shot At Goal,709466,35000,USPA Gold Cup,Dutta Corp vs La Indiana,Quarter Final,Unknown,Search Livestream,March 15. 2020,Unknown,Unknown,Unknown,Live,2020,International Polo Club,,Dutta Corp,,Chukka 1,,Lucas Diaz Alberdi,,,134;65,Attacking 60,,,,,,,Shot At Goal,Wide,,,,,,,
Throw-in (2),713600,20000,USPA Gold Cup,Dutta Corp vs La Indiana,Quarter Final,Unknown,Search Livestream,March 15. 2020,Unknown,Unknown,Unknown,Live,2020,International Polo Club,,La Indiana,Throw-in,Chukka 1,La Indiana win throw-in,Jeff Hall,,,,,,,,,,,,,,,,,,,
Assist,725666,25000,USPA Gold Cup,Dutta Corp vs La Indiana,Quarter Final,Unknown,Search Livestream,March 15. 2020,Unknown,Unknown,Unknown,Live,2020,International Polo Club,,Dutta Corp,,Chukka 1,,Facundo Obregon,,,,,,,,,,,,,Unsuccessful,Facundo Obregon,,,,,
Knock In,759266,40000,USPA Gold Cup,Dutta Corp vs La Indiana,Quarter Final,Unknown,Search Livestream,March 15. 2020,Unknown,Unknown,Unknown,Live,2020,International Polo Club,,La Indiana,Knock In,Chukka 1,,Santiago Gomez Romero,,,,,,,,,,,,,,,,,,,
Foul (2),761233,25000,USPA Gold Cup,Dutta Corp vs La Indiana,Quarter Final,Unknown,Search Livestream,March 15. 2020,Unknown,Unknown,Unknown,Live,2020,International Polo Club,,Dutta Corp,,Chukka 1,,Mariano Obregon,Foul,Dangerous Riding,62;30,Attacking 30,Penalty 5B,60;3,130;53,,,,,,,,,,,,
Foul Received (2),761233,25000,USPA Gold Cup,Dutta Corp vs La Indiana,Quarter Final,Unknown,Search Livestream,March 15. 2020,Unknown,Unknown,Unknown,Live,2020,International Polo Club,,La Indiana,,Chukka 1,,Polito Pieres,Foul Received,Dangerous Riding,92;257,Defending 60,Penalty 5B,,,,,,,,,,,,,,
Shot At Goal (1),840966,35000,USPA Gold Cup,Dutta Corp vs La Indiana,Quarter Final,Unknown,Search Livestream,March 15. 2020,Unknown,Unknown,Unknown,Live,2020,International Polo Club,,La Indiana,,Chukka 1,,Polito Pieres,,,56;47,Attacking 60,,,,,,,Shot At Goal,Blocked,,,,,,,
Penalty 5b,847733,30000,USPA Gold Cup,Dutta Corp vs La Indiana,Quarter Final,Unknown,Search Livestream,March 15. 2020,Unknown,Unknown,Unknown,Live,2020,International Polo Club,,La Indiana,Penalty 5b,Chukka 1,,Santiago Gomez Romero,,,,,,,,,,,,,,,,,,,
Assist (1),857300,25000,USPA Gold Cup,Dutta Corp vs La Indiana,Quarter Final,Unknown,Search Livestream,March 15. 2020,Unknown,Unknown,Unknown,Live,2020,International Polo Club,,La Indiana,,Chukka 1,,Santiago Gomez Romero,,,,,,,,,,,,,Unsuccessful,Santiago Gomez Romero,,,,,
Foul (3),864933,25000,USPA Gold Cup,Dutta Corp vs La Indiana,Quarter Final,Unknown,Search Livestream,March 15. 2020,Unknown,Unknown,Unknown,Live,2020,International Polo Club,,La Indiana,,Chukka 1,,Jeff Hall,Foul,Right of Way,88;52,Attacking 60,Penalty 5B,79;131,101;68,,,,,,,,,,,,
Foul Received (3),864933,25000,USPA Gold Cup,Dutta Corp vs La Indiana,Quarter Final,Unknown,Search Livestream,March 15. 2020,Unknown,Unknown,Unknown,Live,2020,International Polo Club,,Dutta Corp,,Chukka 1,,Facundo Obregon,Foul Received,Right of Way,58;256,Defending 60,Penalty 5B,,,,,,,,,,,,,,
Penalty 5b (1),930033,30000,USPA Gold Cup,Dutta Corp vs La Indiana,Quarter Final,Unknown,Search Livestream,March 15. 2020,Unknown,Unknown,Unknown,Live,2020,International Polo Club,,Dutta Corp,Penalty 5b,Chukka 1,,Facundo Obregon,,,,,,,,,,,,,,,,,,,
Shot At Goal (2),981933,35000,USPA Gold Cup,Dutta Corp vs La Indiana,Quarter Final,Unknown,Search Livestream,March 15. 2020,Unknown,Unknown,Unknown,Live,2020,International Polo Club,,Dutta Corp,,Chukka 1,,Timmy Dutta,,,135;67,Attacking 60,,,,,,,Shot At Goal,Wide,,,,,,,
Knock In (1),1028800,40000,USPA Gold Cup,Dutta Corp vs La Indiana,Quarter Final,Unknown,Search Livestream,March 15. 2020,Unknown,Unknown,Unknown,Live,2020,International Polo Club,,La Indiana,Knock In,Chukka 1,,Santiago Gomez Romero,,,,,,,,,,,,,,,Polito Pieres,,,,
Shot At Goal (3),1033900,35000,USPA Gold Cup,Dutta Corp vs La Indiana,Quarter Final,Unknown,Search Livestream,March 15. 2020,Unknown,Unknown,Unknown,Live,2020,International Polo Club,,La Indiana,,Chukka 1,,Polito Pieres,,,90;17,Attacking 30,,,,,,,Shot At Goal,Goal,,,,,,,
Goal La Indiana (1),1036100,35000,USPA Gold Cup,Dutta Corp vs La Indiana,Quarter Final,Unknown,Search Livestream,March 15. 2020,Unknown,Unknown,Unknown,Live,2020,International Polo Club,,La Indiana,,Chukka 1,,Polito Pieres,,,74;3,Attacking 30,,,,Goal La Indiana,,,,,,,,Goals,,,
Assist (2),1051100,25000,USPA Gold Cup,Dutta Corp vs La Indiana,Quarter Final,Unknown,Search Livestream,March 15. 2020,Unknown,Unknown,Unknown,Live,2020,International Polo Club,,La Indiana,,Chukka 1,,Santiago Gomez Romero,,,,,,,,,,,,,Successful,Santiago Gomez Romero,,,,,
Throw-in (3),1108500,20000,USPA Gold Cup,Dutta Corp vs La Indiana,Quarter Final,Unknown,Search Livestream,March 15. 2020,Unknown,Unknown,Unknown,Live,2020,International Polo Club,,La Indiana,Throw-in,Chukka 1,La Indiana win throw-in,Jeff Hall,,,,,,,,,,,,,,,,,,,
Foul Received (4),1147400,25000,USPA Gold Cup,Dutta Corp vs La Indiana,Quarter Final,Unknown,Search Livestream,March 15. 2020,Unknown,Unknown,Unknown,Live,2020,International Polo Club,,Dutta Corp,,Chukka 1,,Lucas Diaz Alberdi,Foul Received,Uneven Ride-Off,90;113,Attacking Half,Penalty 30 yards,,,,,,,,,,,,,,
Foul (4),1149800,25000,USPA Gold Cup,Dutta Corp vs La Indiana,Quarter Final,Unknown,Search Livestream,March 15. 2020,Unknown,Unknown,Unknown,Live,2020,International Polo Club,,La Indiana,,Chukka 1,,Jeff Hall,Foul,Uneven Ride-Off,69;185,Defending Half,Penalty 30 yards,77;140,143;172,,,,,,,,,,,,
Yellow Card,1341100,10000,USPA Gold Cup,Dutta Corp vs La Indiana,Quarter Final,Unknown,Search Livestream,March 15. 2020,Unknown,Unknown,Unknown,Live,2020,International Polo Club,,La Indiana,,Chukka 2,,Jeff Hall,Yellow Card,Uneven Ride-Off,,,Penalty 30 yards,,,,,,,,,,,,,,
Chukka Length (1),1343200,294500,USPA Gold Cup,Dutta Corp vs La Indiana,Quarter Final,Unknown,Search Livestream,March 15. 2020,Unknown,Unknown,Unknown,Live,2020,International Polo Club,Chukka Length,Team,,Chukka 2,,,,,,,,,,,,,,,,,,,,,
Goal Dutta Corp (1),1396233,35000,USPA Gold Cup,Dutta Corp vs La Indiana,Quarter Final,Unknown,Search Livestream,March 15. 2020,Unknown,Unknown,Unknown,Live,2020,International Polo Club,,Dutta Corp,,Chukka 2,,Facundo Obregon,,,80;1,Attacking 30,,,,Goal Dutta Corp,,,,,,,,,,,
Penalty 30 yards (1),1412466,15000,USPA Gold Cup,Dutta Corp vs La Indiana,Quarter Final,Unknown,Search Livestream,March 15. 2020,Unknown,Unknown,Unknown,Live,2020,International Polo Club,,Dutta Corp,,Chukka 2,,Facundo Obregon,,,,,,,,,Penalty 30 yards,Goal,,,,,,,,,
Throw-in (4),1446433,20000,USPA Gold Cup,Dutta Corp vs La Indiana,Quarter Final,Unknown,Search Livestream,March 15. 2020,Unknown,Unknown,Unknown,Live,2020,International Polo Club,,Dutta Corp,Throw-in,Chukka 2,Dutta Corp win throw-in,Facundo Obregon,,,,,,,,,,,,,,,,,,,
Foul (5),1494700,25000,USPA Gold Cup,Dutta Corp vs La Indiana,Quarter Final,Unknown,Search Livestream,March 15. 2020,Unknown,Unknown,Unknown,Live,2020,International Polo Club,,Dutta Corp,,Chukka 2,,Mariano Obregon,Foul,Cross/High Hook,21;286,Defending 30,Penalty 30 yards,11;215,80;245,,,,,,,,,,,,
Foul Received (5),1494700,25000,USPA Gold Cup,Dutta Corp vs La Indiana,Quarter Final,Unknown,Search Livestream,March 15. 2020,Unknown,Unknown,Unknown,Live,2020,International Polo Club,,La Indiana,,Chukka 2,,Polito Pieres,Foul Received,Cross/High Hook,131;17,Attacking 30,Penalty 30 yards,,,,,,,,,,,,,,
Penalty 30 yards (2),1576900,15000,USPA Gold Cup,Dutta Corp vs La Indiana,Quarter Final,Unknown,Search Livestream,March 15. 2020,Unknown,Unknown,Unknown,Live,2020,International Polo Club,,La Indiana,,Chukka 2,,Polito Pieres,,,,,,,,,Penalty 30 yards,Wide,,,,,,,,,
Knock In (2),1601900,40000,USPA Gold Cup,Dutta Corp vs La Indiana,Quarter Final,Unknown,Search Livestream,March 15. 2020,Unknown,Unknown,Unknown,Live,2020,International Polo Club,,Dutta Corp,Knock In,Chukka 2,,Facundo Obregon,,,,,,,,,,,,,,,Mariano Obregon,,,,
Foul (6),1619800,25000,USPA Gold Cup,Dutta Corp vs La Indiana,Quarter Final,Unknown,Search Livestream,March 15. 2020,Unknown,Unknown,Unknown,Live,2020,International Polo Club,,La Indiana,,Chukka 2,,Jeff Hall,Foul,Dangerous Riding,36;238,Defending 60,Penalty 30 yards,9;206,80;225,,,,,,,,,,,,
Foul Received (6),1620333,25000,USPA Gold Cup,Dutta Corp vs La Indiana,Quarter Final,Unknown,Search Livestream,March 15. 2020,Unknown,Unknown,Unknown,Live,2020,International Polo Club,,Dutta Corp,,Chukka 2,,Mariano Obregon,Foul Received,Dangerous Riding,123;70,Attacking 60,Penalty 30 yards,,,,,,,,,,,,,,
Collision,1631566,15000,USPA Gold Cup,Dutta Corp vs La Indiana,Quarter Final,Unknown,Search Livestream,March 15. 2020,Unknown,Unknown,Unknown,Live,2020,International Polo Club,,Dutta Corp,,Chukka 2,,Mariano Obregon,,,,,,,,,,,,,,,,,Collision,,
Injury Time,1637700,206166,USPA Gold Cup,Dutta Corp vs La Indiana,Quarter Final,Unknown,Search Livestream,March 15. 2020,Unknown,Unknown,Unknown,Live,2020,International Polo Club,Injury Time,Team,,Chukka 2,,,,,,,,,,,,,,,,,,,,,
Yellow Card (1),1840000,10000,USPA Gold Cup,Dutta Corp vs La Indiana,Quarter Final,Unknown,Search Livestream,March 15. 2020,Unknown,Unknown,Unknown,Live,2020,International Polo Club,,La Indiana,,Chukka 2,,Jeff Hall,Yellow Card,Dangerous Riding,,,Penalty 30 yards,,,,,,,,,,,,,,
Chukka Length (2),1843866,368147,USPA Gold Cup,Dutta Corp vs La Indiana,Quarter Final,Unknown,Search Livestream,March 15. 2020,Unknown,Unknown,Unknown,Live,2020,International Polo Club,Chukka Length,Team,,Chukka 2,,,,,,,,,,,,,,,,,,,,,
Goal Dutta Corp (2),1876500,35000,USPA Gold Cup,Dutta Corp vs La Indiana,Quarter Final,Unknown,Search Livestream,March 15. 2020,Unknown,Unknown,Unknown,Live,2020,International Polo Club,,Dutta Corp,,Chukka 2,,Facundo Obregon,,,76;3,Attacking 30,,,,Goal Dutta Corp,,,,,,,,,,,
Penalty 30 yards (3),1893933,15000,USPA Gold Cup,Dutta Corp vs La Indiana,Quarter Final,Unknown,Search Livestream,March 15. 2020,Unknown,Unknown,Unknown,Live,2020,International Polo Club,,Dutta Corp,,Chukka 2,,Facundo Obregon,,,,,,,,,Penalty 30 yards,Goal,,,,,,,,,
Throw-in (5),1929333,20000,USPA Gold Cup,Dutta Corp vs La Indiana,Quarter Final,Unknown,Search Livestream,March 15. 2020,Unknown,Unknown,Unknown,Live,2020,International Polo Club,,La Indiana,Throw-in,Chukka 2,La Indiana win throw-in,Polito Pieres,,,,,,,,,,,,,,,,,,,
Foul (7),1929433,25000,USPA Gold Cup,Dutta Corp vs La Indiana,Quarter Final,Unknown,Search Livestream,March 15. 2020,Unknown,Unknown,Unknown,Live,2020,International Polo Club,,Dutta Corp,,Chukka 2,,Timmy Dutta,Foul,Riding Into Shot,43;135,Attacking Half,Penalty 5B,12;116,80;139,,,,,,,,,,,,
Foul Received (7),1929433,25000,USPA Gold Cup,Dutta Corp vs La Indiana,Quarter Final,Unknown,Search Livestream,March 15. 2020,Unknown,Unknown,Unknown,Live,2020,International Polo Club,,La Indiana,,Chukka 2,,Polito Pieres,Foul Received,Riding Into Shot,115;168,Defending Half,Penalty 5B,,,,,,,,,,,,,,
Penalty 5b (2),1977933,30000,USPA Gold Cup,Dutta Corp vs La Indiana,Quarter Final,Unknown,Search Livestream,March 15. 2020,Unknown,Unknown,Unknown,Live,2020,International Polo Club,,La Indiana,Penalty 5b,Chukka 2,,Polito Pieres,,,,,,,,,,,,,,,,,,,
Foul (8),2019533,25000,USPA Gold Cup,Dutta Corp vs La Indiana,Quarter Final,Unknown,Search Livestream,March 15. 2020,Unknown,Unknown,Unknown,Live,2020,International Polo Club,,Dutta Corp,,Chukka 2,,Timmy Dutta,Foul,Crossing,96;75,Attacking 60,Penalty 5,16;71,93;109,,,,,,,,,,,,
Foul Received (8),2019533,25000,USPA Gold Cup,Dutta Corp vs La Indiana,Quarter Final,Unknown,Search Livestream,March 15. 2020,Unknown,Unknown,Unknown,Live,2020,International Polo Club,,La Indiana,,Chukka 2,,Santiago Gomez Romero,Foul Received,Crossing,48;231,Defending Half,Penalty 5,,,,,,,,,,,,,,
Non Call (1),2068900,20000,USPA Gold Cup,Dutta Corp vs La Indiana,Quarter Final,Unknown,Search Livestream,March 15. 2020,Unknown,Unknown,Unknown,Live,2020,International Polo Club,,Team,,Chukka 2,,,Non Call,Blocking,,,,,,,,,,,,,,,,,
Penalty 5,2071500,30000,USPA Gold Cup,Dutta Corp vs La Indiana,Quarter Final,Unknown,Search Livestream,March 15. 2020,Unknown,Unknown,Unknown,Live,2020,International Polo Club,,La Indiana,Penalty 5,Chukka 2,,Santiago Gomez Romero,,,,,,,,,,,,,,,,,,,
Shot At Goal (4),2079133,35000,USPA Gold Cup,Dutta Corp vs La Indiana,Quarter Final,Unknown,Search Livestream,March 15. 2020,Unknown,Unknown,Unknown,Live,2020,International Polo Club,,Dutta Corp,,Chukka 2,,Facundo Obregon,,,93;35,Attacking 30,,,,,,,Shot At Goal,Wide,,,,,,,
Foul (9),2093566,25000,USPA Gold Cup,Dutta Corp vs La Indiana,Quarter Final,Unknown,Search Livestream,March 15. 2020,Unknown,Unknown,Unknown,Live,2020,International Polo Club,,Dutta Corp,,Chukka 2,,Lucas Diaz Alberdi,Foul,Reaching,96;30,Attacking 30,Penalty 5B,26;63,87;109,,,,,,,,,,,,
Foul Received (9),2093566,25000,USPA Gold Cup,Dutta Corp vs La Indiana,Quarter Final,Unknown,Search Livestream,March 15. 2020,Unknown,Unknown,Unknown,Live,2020,International Polo Club,,La Indiana,,Chukka 2,,Santiago Gomez Romero,Foul Received,Reaching,60;266,Defending 60,Penalty 5B,,,,,,,,,,,,,,
Yellow Card (2),2116566,10000,USPA Gold Cup,Dutta Corp vs La Indiana,Quarter Final,Unknown,Search Livestream,March 15. 2020,Unknown,Unknown,Unknown,Live,2020,International Polo Club,,Dutta Corp,,Chukka 2,,Lucas Diaz Alberdi,Yellow Card,Technical,,,Penalty 5B,,,,,,,,,,,,,,
Foul (10),2192500,25000,USPA Gold Cup,Dutta Corp vs La Indiana,Quarter Final,Unknown,Search Livestream,March 15. 2020,Unknown,Unknown,Unknown,Live,2020,International Polo Club,,Dutta Corp,,Chukka 2,,Facundo Obregon,Foul,Riding Player Over Right of Way,57;281,Defending 30,Penalty 30 yards,79;235,21;184,,,,,,,,,,,,
Foul Received (10),2192500,25000,USPA Gold Cup,Dutta Corp vs La Indiana,Quarter Final,Unknown,Search Livestream,March 15. 2020,Unknown,Unknown,Unknown,Live,2020,International Polo Club,,La Indiana,,Chukka 2,,Polito Pieres,Foul Received,Riding Player Over Right of Way,97;11,Attacking 30,Penalty 30 yards,,,,,,,,,,,,,,
Penalty 5b (3),2193100,30000,USPA Gold Cup,Dutta Corp vs La Indiana,Quarter Final,Unknown,Search Livestream,March 15. 2020,Unknown,Unknown,Unknown,Live,2020,International Polo Club,,La Indiana,Penalty 5b,Chukka 2,,Santiago Gomez Romero,,,,,,,,,,,,,,,,,,,
Challenge,2212013,150652,USPA Gold Cup,Dutta Corp vs La Indiana,Quarter Final,Unknown,Search Livestream,March 15. 2020,Unknown,Unknown,Unknown,Live,2020,International Polo Club,Challenge,Team,,Chukka 2,,,,,,,,,,,,,,,,,,,,,
Goal La Indiana (2),2337300,35000,USPA Gold Cup,Dutta Corp vs La Indiana,Quarter Final,Unknown,Search Livestream,March 15. 2020,Unknown,Unknown,Unknown,Live,2020,International Polo Club,,La Indiana,,Chukka 2,,Polito Pieres,,,76;2,Attacking 30,,,,Goal La Indiana,,,,,,,,,,,
Penalty 30 yards Spot,2360366,10000,USPA Gold Cup,Dutta Corp vs La Indiana,Quarter Final,Unknown,Search Livestream,March 15. 2020,Unknown,Unknown,Unknown,Live,2020,International Polo Club,,La Indiana,,Chukka 2,,Polito Pieres,,,,,,,,,Penalty 30 yards Spot,Goal,,,,,,,,,
Chukka Length (3),2362666,293130,USPA Gold Cup,Dutta Corp vs La Indiana,Quarter Final,Unknown,Search Livestream,March 15. 2020,Unknown,Unknown,Unknown,Live,2020,International Polo Club,Chukka Length,Team,,Chukka 2,,,,,,,,,,,,,,,,,,,,,
Throw-in (6),2395766,20000,USPA Gold Cup,Dutta Corp vs La Indiana,Quarter Final,Unknown,Search Livestream,March 15. 2020,Unknown,Unknown,Unknown,Live,2020,International Polo Club,,Dutta Corp,Throw-in,Chukka 2,Dutta Corp win throw-in,Mariano Obregon,,,,,,,,,,,,,,,,,,,
Foul (11),2422766,25000,USPA Gold Cup,Dutta Corp vs La Indiana,Quarter Final,Unknown,Search Livestream,March 15. 2020,Unknown,Unknown,Unknown,Live,2020,International Polo Club,,Dutta Corp,,Chukka 2,,Mariano Obregon,Foul,Reaching,89;239,Defending 60,Penalty 30 yards,132;229,62;171,,,,,,,,,,,,
Foul Received (11),2422766,25000,USPA Gold Cup,Dutta Corp vs La Indiana,Quarter Final,Unknown,Search Livestream,March 15. 2020,Unknown,Unknown,Unknown,Live,2020,International Polo Club,,La Indiana,,Chukka 2,,Jeff Hall,Foul Received,Reaching,71;70,Attacking 60,Penalty 30 yards,,,,,,,,,,,,,,
Goal La Indiana (3),2455833,35000,USPA Gold Cup,Dutta Corp vs La Indiana,Quarter Final,Unknown,Search Livestream,March 15. 2020,Unknown,Unknown,Unknown,Live,2020,International Polo Club,,La Indiana,,Chukka 2,,Polito Pieres,,,78;4,Attacking 30,,,,Goal La Indiana,,,,,,,,,,,
Penalty 30 yards (4),2474333,15000,USPA Gold Cup,Dutta Corp vs La Indiana,Quarter Final,Unknown,Search Livestream,March 15. 2020,Unknown,Unknown,Unknown,Live,2020,International Polo Club,,La Indiana,,Chukka 2,,Polito Pieres,,,,,,,,,Penalty 30 yards,Goal,,,,,,,,,
Throw-in (7),2507000,20000,USPA Gold Cup,Dutta Corp vs La Indiana,Quarter Final,Unknown,Search Livestream,March 15. 2020,Unknown,Unknown,Unknown,Live,2020,International Polo Club,,La Indiana,Throw-in,Chukka 2,La Indiana win throw-in,Santiago Gomez Romero,,,,,,,,,,,,,,,,,,,
Foul (12),2522833,25000,USPA Gold Cup,Dutta Corp vs La Indiana,Quarter Final,Unknown,Search Livestream,March 15. 2020,Unknown,Unknown,Unknown,Live,2020,International Polo Club,,La Indiana,,Chukka 2,,Polito Pieres,Foul,Turning,137;115,Attacking Half,Penalty 60 yards,71;88,145;103,,,,,,,,,,,,
Foul Received (12),2522833,25000,USPA Gold Cup,Dutta Corp vs La Indiana,Quarter Final,Unknown,Search Livestream,March 15. 2020,Unknown,Unknown,Unknown,Live,2020,International Polo Club,,Dutta Corp,,Chukka 2,,Facundo Obregon,Foul Received,Turning,10;171,Defending Half,Penalty 60 yards,,,,,,,,,,,,,,
Penalty 60 yards,2625066,15000,USPA Gold Cup,Dutta Corp vs La Indiana,Quarter Final,Unknown,Search Livestream,March 15. 2020,Unknown,Unknown,Unknown,Live,2020,International Polo Club,,Dutta Corp,,Chukka 2,,Mariano Obregon,,,,,,,,,Penalty 60 yards,Wide,,,,,,,,,
Shot At Goal (5),2924400,35000,USPA Gold Cup,Dutta Corp vs La Indiana,Quarter Final,Unknown,Search Livestream,March 15. 2020,Unknown,Unknown,Unknown,Live,2020,International Polo Club,,Dutta Corp,,Chukka 3,,Mariano Obregon,,,71;17,Attacking 30,,,,,,,Shot At Goal,Goal,,,,,,,
Goal Dutta Corp (3),2925466,35000,USPA Gold Cup,Dutta Corp vs La Indiana,Quarter Final,Unknown,Search Livestream,March 15. 2020,Unknown,Unknown,Unknown,Live,2020,International Polo Club,,Dutta Corp,,Chukka 3,,Mariano Obregon,,,72;4,Attacking 30,,,,Goal Dutta Corp,,,,,,,,Goals,,,
Knock In (3),2938266,40000,USPA Gold Cup,Dutta Corp vs La Indiana,Quarter Final,Unknown,Search Livestream,March 15. 2020,Unknown,Unknown,Unknown,Live,2020,International Polo Club,,La Indiana,Knock In,Chukka 3,,Santiago Gomez Romero,,,,,,,,,,,,,,,,,,,
Chukka Length (4),2939300,663233,USPA Gold Cup,Dutta Corp vs La Indiana,Quarter Final,Unknown,Search Livestream,March 15. 2020,Unknown,Unknown,Unknown,Live,2020,International Polo Club,Chukka Length,Team,,Chukka 3,,,,,,,,,,,,,,,,,,,,,
Shot At Goal (6),2975833,35000,USPA Gold Cup,Dutta Corp vs La Indiana,Quarter Final,Unknown,Search Livestream,March 15. 2020,Unknown,Unknown,Unknown,Live,2020,International Polo Club,,La Indiana,,Chukka 3,,Michael Bickford,,,67;24,Attacking 30,,,,,,,Shot At Goal,Goal,,,,,,,
Goal La Indiana (4),2977800,35000,USPA Gold Cup,Dutta Corp vs La Indiana,Quarter Final,Unknown,Search Livestream,March 15. 2020,Unknown,Unknown,Unknown,Live,2020,International Polo Club,,La Indiana,,Chukka 3,,Michael Bickford,,,73;3,Attacking 30,,,,Goal La Indiana,,,,,,,,Goals,,,
Throw-in (8),2979766,20000,USPA Gold Cup,Dutta Corp vs La Indiana,Quarter Final,Unknown,Search Livestream,March 15. 2020,Unknown,Unknown,Unknown,Live,2020,International Polo Club,,Dutta Corp,Throw-in,Chukka 3,Dutta Corp win throw-in,Lucas Diaz Alberdi,,,,,,,,,,,,,,,,,,,
Non Call (2),2980100,20000,USPA Gold Cup,Dutta Corp vs La Indiana,Quarter Final,Unknown,Search Livestream,March 15. 2020,Unknown,Unknown,Unknown,Live,2020,International Polo Club,,Team,,Chukka 3,,,Non Call,Right of Way,,,,,,,,,,,,,,,,,
Throw-in (9),3033500,20000,USPA Gold Cup,Dutta Corp vs La Indiana,Quarter Final,Unknown,Search Livestream,March 15. 2020,Unknown,Unknown,Unknown,Live,2020,International Polo Club,,La Indiana,Throw-in,Chukka 3,La Indiana win throw-in,Jeff Hall,,,,,,,,,,,,,,,,,,,
Foul (13),3036466,25000,USPA Gold Cup,Dutta Corp vs La Indiana,Quarter Final,Unknown,Search Livestream,March 15. 2020,Unknown,Unknown,Unknown,Live,2020,International Polo Club,,La Indiana,,Chukka 3,,Polito Pieres,Foul,Right of Way,121;65,Attacking 60,Penalty 5,74;98,110;113,,,,,,,,,,,,
Foul Received (13),3036466,25000,USPA Gold Cup,Dutta Corp vs La Indiana,Quarter Final,Unknown,Search Livestream,March 15. 2020,Unknown,Unknown,Unknown,Live,2020,International Polo Club,,Dutta Corp,,Chukka 3,,Mariano Obregon,Foul Received,Right of Way,34;231,Defending Half,Penalty 5,,,,,,,,,,,,,,
Shot At Goal (8),3083766,35000,USPA Gold Cup,Dutta Corp vs La Indiana,Quarter Final,Unknown,Search Livestream,March 15. 2020,Unknown,Unknown,Unknown,Live,2020,International Polo Club,,La Indiana,,Chukka 3,,Michael Bickford,,,75;31,Attacking 30,,,,,,,Shot At Goal,Miss Hit,,,,,,,
Shot At Goal (7),3084900,35000,USPA Gold Cup,Dutta Corp vs La Indiana,Quarter Final,Unknown,Search Livestream,March 15. 2020,Unknown,Unknown,Unknown,Live,2020,International Polo Club,,La Indiana,,Chukka 3,,Santiago Gomez Romero,,,89;30,Attacking 30,,,,,,,Shot At Goal,Goal,,,,,,,
Goal La Indiana (5),3087700,35000,USPA Gold Cup,Dutta Corp vs La Indiana,Quarter Final,Unknown,Search Livestream,March 15. 2020,Unknown,Unknown,Unknown,Live,2020,International Polo Club,,La Indiana,,Chukka 3,,Santiago Gomez Romero,,,82;3,Attacking 30,,,,Goal La Indiana,,,,,,,,,,,
Penalty 5 (1),3090600,30000,USPA Gold Cup,Dutta Corp vs La Indiana,Quarter Final,Unknown,Search Livestream,March 15. 2020,Unknown,Unknown,Unknown,Live,2020,International Polo Club,,Dutta Corp,Penalty 5,Chukka 3,,Facundo Obregon,,,,,,,,,,,,,,,,,,,
Assist (3),3099166,25000,USPA Gold Cup,Dutta Corp vs La Indiana,Quarter Final,Unknown,Search Livestream,March 15. 2020,Unknown,Unknown,Unknown,Live,2020,International Polo Club,,La Indiana,,Chukka 3,,Santiago Gomez Romero,,,,,,,,,,,,,Unsuccessful,Santiago Gomez Romero,,,,,
Throw-in (10),3148266,20000,USPA Gold Cup,Dutta Corp vs La Indiana,Quarter Final,Unknown,Search Livestream,March 15. 2020,Unknown,Unknown,Unknown,Live,2020,International Polo Club,,Dutta Corp,Throw-in,Chukka 3,Dutta Corp win throw-in,Timmy Dutta,,,,,,,,,,,,,,,,,,,
Shot At Goal (9),3185766,35000,USPA Gold Cup,Dutta Corp vs La Indiana,Quarter Final,Unknown,Search Livestream,March 15. 2020,Unknown,Unknown,Unknown,Live,2020,International Polo Club,,Dutta Corp,,Chukka 3,,Facundo Obregon,,,125;70,Attacking 60,,,,,,,Shot At Goal,Wide,,,,,,,
Non Call (3),3190200,20000,USPA Gold Cup,Dutta Corp vs La Indiana,Quarter Final,Unknown,Search Livestream,March 15. 2020,Unknown,Unknown,Unknown,Live,2020,International Polo Club,,Team,,Chukka 3,,,Non Call,Reaching,,,,,,,,,,,,,,,,,
Assist (4),3202266,25000,USPA Gold Cup,Dutta Corp vs La Indiana,Quarter Final,Unknown,Search Livestream,March 15. 2020,Unknown,Unknown,Unknown,Live,2020,International Polo Club,,Dutta Corp,,Chukka 3,,Lucas Diaz Alberdi,,,,,,,,,,,,,Unsuccessful,Lucas Diaz Alberdi,,,,,
Shot At Goal (10),3239866,35000,USPA Gold Cup,Dutta Corp vs La Indiana,Quarter Final,Unknown,Search Livestream,March 15. 2020,Unknown,Unknown,Unknown,Live,2020,International Polo Club,,Dutta Corp,,Chukka 3,,Facundo Obregon,,,98;35,Attacking 30,,,,,,,Shot At Goal,Blocked,,,,,,,
Knock In (4),3242166,40000,USPA Gold Cup,Dutta Corp vs La Indiana,Quarter Final,Unknown,Search Livestream,March 15. 2020,Unknown,Unknown,Unknown,Live,2020,International Polo Club,,La Indiana,Knock In,Chukka 3,,Polito Pieres,,,,,,,,,,,,,,,,,,,
Assist (5),3255333,25000,USPA Gold Cup,Dutta Corp vs La Indiana,Quarter Final,Unknown,Search Livestream,March 15. 2020,Unknown,Unknown,Unknown,Live,2020,International Polo Club,,Dutta Corp,,Chukka 3,,Mariano Obregon,,,,,,,,,,,,,Unsuccessful,Mariano Obregon,,,,,
Shot Block,3265666,10000,USPA Gold Cup,Dutta Corp vs La Indiana,Quarter Final,Unknown,Search Livestream,March 15. 2020,Unknown,Unknown,Unknown,Live,2020,International Polo Club,,La Indiana,,Chukka 3,,Polito Pieres,,,,,,,,,,,,,,,,,,Shot Block,
Foul (14),3276400,25000,USPA Gold Cup,Dutta Corp vs La Indiana,Quarter Final,Unknown,Search Livestream,March 15. 2020,Unknown,Unknown,Unknown,Live,2020,International Polo Club,,La Indiana,,Chukka 3,,Polito Pieres,Foul,Blocking,87;271,Defending 60,Penalty 30 yards,69;179,124;233,,,,,,,,,,,,
Foul Received (14),3276400,25000,USPA Gold Cup,Dutta Corp vs La Indiana,Quarter Final,Unknown,Search Livestream,March 15. 2020,Unknown,Unknown,Unknown,Live,2020,International Polo Club,,Dutta Corp,,Chukka 3,,Mariano Obregon,Foul Received,Blocking,65;29,Attacking 30,Penalty 30 yards,,,,,,,,,,,,,,
Goal Dutta Corp (4),3345166,35000,USPA Gold Cup,Dutta Corp vs La Indiana,Quarter Final,Unknown,Search Livestream,March 15. 2020,Unknown,Unknown,Unknown,Live,2020,International Polo Club,,Dutta Corp,,Chukka 3,,Facundo Obregon,,,76;2,Attacking 30,,,,Goal Dutta Corp,,,,,,,,,,,
Penalty 30 yards (5),3362666,15000,USPA Gold Cup,Dutta Corp vs La Indiana,Quarter Final,Unknown,Search Livestream,March 15. 2020,Unknown,Unknown,Unknown,Live,2020,International Polo Club,,Dutta Corp,,Chukka 3,,Facundo Obregon,,,,,,,,,Penalty 30 yards,Goal,,,,,,,,,
Shot At Goal (11),3391166,35000,USPA Gold Cup,Dutta Corp vs La Indiana,Quarter Final,Unknown,Search Livestream,March 15. 2020,Unknown,Unknown,Unknown,Live,2020,International Polo Club,,La Indiana,,Chukka 3,,Santiago Gomez Romero,,,92;27,Attacking 30,,,,,,,Shot At Goal,Blocked,,,,,,,
Throw-in (11),3394800,20000,USPA Gold Cup,Dutta Corp vs La Indiana,Quarter Final,Unknown,Search Livestream,March 15. 2020,Unknown,Unknown,Unknown,Live,2020,International Polo Club,,La Indiana,Throw-in,Chukka 3,La Indiana win throw-in,Jeff Hall,,,,,,,,,,,,,,,,,,,
Assist (6),3407800,25000,USPA Gold Cup,Dutta Corp vs La Indiana,Quarter Final,Unknown,Search Livestream,March 15. 2020,Unknown,Unknown,Unknown,Live,2020,International Polo Club,,La Indiana,,Chukka 3,,Jeff Hall,,,,,,,,,,,,,Unsuccessful,Jeff Hall,,,,,
Foul (15),3412200,25000,USPA Gold Cup,Dutta Corp vs La Indiana,Quarter Final,Unknown,Search Livestream,March 15. 2020,Unknown,Unknown,Unknown,Live,2020,International Polo Club,,La Indiana,,Chukka 3,,Polito Pieres,Foul,Dangerous Riding,96;29,Attacking 30,Penalty 5B,19;107,140;63,,,,,,,,,,,,
Foul Received (15),3412200,25000,USPA Gold Cup,Dutta Corp vs La Indiana,Quarter Final,Unknown,Search Livestream,March 15. 2020,Unknown,Unknown,Unknown,Live,2020,International Polo Club,,Dutta Corp,,Chukka 3,,Mariano Obregon,Foul Received,Dangerous Riding,58;280,Defending 30,Penalty 5B,,,,,,,,,,,,,,
Penalty 5b (4),3500166,30000,USPA Gold Cup,Dutta Corp vs La Indiana,Quarter Final,Unknown,Search Livestream,March 15. 2020,Unknown,Unknown,Unknown,Live,2020,International Polo Club,,Dutta Corp,Penalty 5b,Chukka 3,,Facundo Obregon,,,,,,,,,,,,,,,,,,,
Throw-in (12),4145500,20000,USPA Gold Cup,Dutta Corp vs La Indiana,Quarter Final,Unknown,Search Livestream,March 15. 2020,Unknown,Unknown,Unknown,Live,2020,International Polo Club,,Dutta Corp,Throw-in,Chukka 4,Dutta Corp win throw-in,Lucas Diaz Alberdi,,,,,,,,,,,,,,,,,,,
Chukka Length (5),4148466,630996,USPA Gold Cup,Dutta Corp vs La Indiana,Quarter Final,Unknown,Search Livestream,March 15. 2020,Unknown,Unknown,Unknown,Live,2020,International Polo Club,Chukka Length,Team,,Chukka 4,,,,,,,,,,,,,,,,,,,,,
Shot At Goal (12),4168700,35000,USPA Gold Cup,Dutta Corp vs La Indiana,Quarter Final,Unknown,Search Livestream,March 15. 2020,Unknown,Unknown,Unknown,Live,2020,International Polo Club,,Dutta Corp,,Chukka 4,,Facundo Obregon,,,96;24,Attacking 30,,,,,,,Shot At Goal,Wide,,,,,,,
Knock In (5),4213900,40000,USPA Gold Cup,Dutta Corp vs La Indiana,Quarter Final,Unknown,Search Livestream,March 15. 2020,Unknown,Unknown,Unknown,Live,2020,International Polo Club,,La Indiana,Knock In,Chukka 4,,Santiago Gomez Romero,,,,,,,,,,,,,,,,,,,
Foul (16),4220500,25000,USPA Gold Cup,Dutta Corp vs La Indiana,Quarter Final,Unknown,Search Livestream,March 15. 2020,Unknown,Unknown,Unknown,Live,2020,International Polo Club,,Dutta Corp,,Chukka 4,,Lucas Diaz Alberdi,Foul,Riding Into Shot,91;21,Attacking 30,Penalty 5,32;31,132;35,,,,,,,,,,,,
Foul Received (16),4220500,25000,USPA Gold Cup,Dutta Corp vs La Indiana,Quarter Final,Unknown,Search Livestream,March 15. 2020,Unknown,Unknown,Unknown,Live,2020,International Polo Club,,La Indiana,,Chukka 4,,Jeff Hall,Foul Received,Riding Into Shot,61;267,Defending 60,Penalty 5,,,,,,,,,,,,,,
Penalty 5 (2),4266435,30000,USPA Gold Cup,Dutta Corp vs La Indiana,Quarter Final,Unknown,Search Livestream,March 15. 2020,Unknown,Unknown,Unknown,Live,2020,International Polo Club,,La Indiana,Penalty 5,Chukka 4,,Polito Pieres,,,,,,,,,,,,,,,,,,,
Non Call (4),4267333,20000,USPA Gold Cup,Dutta Corp vs La Indiana,Quarter Final,Unknown,Search Livestream,March 15. 2020,Unknown,Unknown,Unknown,Live,2020,International Polo Club,,Team,,Chukka 4,,,Non Call,Dangerous Riding,,,,,,,,,,,,,,,,,
Shot At Goal (13),4287233,35000,USPA Gold Cup,Dutta Corp vs La Indiana,Quarter Final,Unknown,Search Livestream,March 15. 2020,Unknown,Unknown,Unknown,Live,2020,International Polo Club,,La Indiana,,Chukka 4,,Michael Bickford,,,141;25,Attacking 30,,,,,,,Shot At Goal,Wide,,,,,,,
Assist (7),4303133,25000,USPA Gold Cup,Dutta Corp vs La Indiana,Quarter Final,Unknown,Search Livestream,March 15. 2020,Unknown,Unknown,Unknown,Live,2020,International Polo Club,,La Indiana,,Chukka 4,,Santiago Gomez Romero,,,,,,,,,,,,,Unsuccessful,Santiago Gomez Romero,,,,,
Foul (17),4304033,25000,USPA Gold Cup,Dutta Corp vs La Indiana,Quarter Final,Unknown,Search Livestream,March 15. 2020,Unknown,Unknown,Unknown,Live,2020,International Polo Club,,Dutta Corp,,Chukka 4,,Unknown,Foul,Improper Procedure,13;230,Defending Half,Penalty 60 yards,15;218,136;262,,,,,,,,,,,,
Goal La Indiana (6),4393100,35000,USPA Gold Cup,Dutta Corp vs La Indiana,Quarter Final,Unknown,Search Livestream,March 15. 2020,Unknown,Unknown,Unknown,Live,2020,International Polo Club,,La Indiana,,Chukka 4,,Polito Pieres,,,80;1,Attacking 30,,,,Goal La Indiana,,,,,,,,,,,
Penalty 60 yards (1),4411600,15000,USPA Gold Cup,Dutta Corp vs La Indiana,Quarter Final,Unknown,Search Livestream,March 15. 2020,Unknown,Unknown,Unknown,Live,2020,International Polo Club,,La Indiana,,Chukka 4,,Polito Pieres,,,,,,,,,Penalty 60 yards,Goal,,,,,,,,,
Throw-in (13),4443200,20000,USPA Gold Cup,Dutta Corp vs La Indiana,Quarter Final,Unknown,Search Livestream,March 15. 2020,Unknown,Unknown,Unknown,Live,2020,International Polo Club,,Dutta Corp,Throw-in,Chukka 4,Dutta Corp win throw-in,Mariano Obregon,,,,,,,,,,,,,,,,,,,
Foul (18),4491700,25000,USPA Gold Cup,Dutta Corp vs La Indiana,Quarter Final,Unknown,Search Livestream,March 15. 2020,Unknown,Unknown,Unknown,Live,2020,International Polo Club,,Dutta Corp,,Chukka 4,,Lucas Diaz Alberdi,Foul,Crossing,87;235,Defending Half,Penalty 30 yards,87;208,18;243,,,,,,,,,,,,
Foul Received (17),4492133,25000,USPA Gold Cup,Dutta Corp vs La Indiana,Quarter Final,Unknown,Search Livestream,March 15. 2020,Unknown,Unknown,Unknown,Live,2020,International Polo Club,,La Indiana,,Chukka 4,,Polito Pieres,Foul Received,Crossing,62;58,Attacking 60,Penalty 30 yards,,,,,,,,,,,,,,
Goal La Indiana (7),4525900,35000,USPA Gold Cup,Dutta Corp vs La Indiana,Quarter Final,Unknown,Search Livestream,March 15. 2020,Unknown,Unknown,Unknown,Live,2020,International Polo Club,,La Indiana,,Chukka 4,,Polito Pieres,,,83;1,Attacking 30,,,,Goal La Indiana,,,,,,,,,,,
Penalty 30 yards (6),4543800,15000,USPA Gold Cup,Dutta Corp vs La Indiana,Quarter Final,Unknown,Search Livestream,March 15. 2020,Unknown,Unknown,Unknown,Live,2020,International Polo Club,,La Indiana,,Chukka 4,,Polito Pieres,,,,,,,,,Penalty 30 yards,Goal,,,,,,,,,
Throw-in (14),4582133,20000,USPA Gold Cup,Dutta Corp vs La Indiana,Quarter Final,Unknown,Search Livestream,March 15. 2020,Unknown,Unknown,Unknown,Live,2020,International Polo Club,,La Indiana,Throw-in,Chukka 4,La Indiana win throw-in,Polito Pieres,,,,,,,,,,,,,,,,,,,
Shot At Goal (14),4648366,35000,USPA Gold Cup,Dutta Corp vs La Indiana,Quarter Final,Unknown,Search Livestream,March 15. 2020,Unknown,Unknown,Unknown,Live,2020,International Polo Club,,Dutta Corp,,Chukka 4,,Timmy Dutta,,,77;17,Attacking 30,,,,,,,Shot At Goal,Goal,,,,,,,
Free Hit,4649533,20000,USPA Gold Cup,Dutta Corp vs La Indiana,Quarter Final,Unknown,Search Livestream,March 15. 2020,Unknown,Unknown,Unknown,Live,2020,International Polo Club,,La Indiana,Free Hit,Chukka 4,,Polito Pieres,,,,,,,,,,,,,,,,,,,
Goal Dutta Corp (5),4649766,35000,USPA Gold Cup,Dutta Corp vs La Indiana,Quarter Final,Unknown,Search Livestream,March 15. 2020,Unknown,Unknown,Unknown,Live,2020,International Polo Club,,Dutta Corp,,Chukka 4,,Timmy Dutta,,,73;2,Attacking 30,,,,Goal Dutta Corp,,,,,,,,Goals,,,
Assist (8),4664766,25000,USPA Gold Cup,Dutta Corp vs La Indiana,Quarter Final,Unknown,Search Livestream,March 15. 2020,Unknown,Unknown,Unknown,Live,2020,International Polo Club,,Dutta Corp,,Chukka 4,,Lucas Diaz Alberdi,,,,,,,,,,,,,Successful,Lucas Diaz Alberdi,,,,,
Shot At Goal (15),4693400,35000,USPA Gold Cup,Dutta Corp vs La Indiana,Quarter Final,Unknown,Search Livestream,March 15. 2020,Unknown,Unknown,Unknown,Live,2020,International Polo Club,,La Indiana,,Chukka 4,,Polito Pieres,,,64;29,Attacking 30,,,,,,,Shot At Goal,Miss Hit,,,,,,,
Throw-in (15),4707166,20000,USPA Gold Cup,Dutta Corp vs La Indiana,Quarter Final,Unknown,Search Livestream,March 15. 2020,Unknown,Unknown,Unknown,Live,2020,International Polo Club,,La Indiana,Throw-in,Chukka 4,La Indiana win throw-in,Michael Bickford,,,,,,,,,,,,,,,,,,,
Assist (9),4708400,25000,USPA Gold Cup,Dutta Corp vs La Indiana,Quarter Final,Unknown,Search Livestream,March 15. 2020,Unknown,Unknown,Unknown,Live,2020,International Polo Club,,La Indiana,,Chukka 4,,Jeff Hall,,,,,,,,,,,,,Unsuccessful,Jeff Hall,,,,,
Foul (19),4731200,25000,USPA Gold Cup,Dutta Corp vs La Indiana,Quarter Final,Unknown,Search Livestream,March 15. 2020,Unknown,Unknown,Unknown,Live,2020,International Polo Club,,La Indiana,,Chukka 4,,Santiago Gomez Romero,Foul,Near Side,21;66,Attacking 60,Penalty 5B,8;72,86;111,,,,,,,,,,,,
Foul Received (18),4731200,25000,USPA Gold Cup,Dutta Corp vs La Indiana,Quarter Final,Unknown,Search Livestream,March 15. 2020,Unknown,Unknown,Unknown,Live,2020,International Polo Club,,Dutta Corp,,Chukka 4,,Mariano Obregon,Foul Received,Near Side,133;240,Defending 60,Penalty 5B,,,,,,,,,,,,,,
Shot At Goal (16),5023366,35000,USPA Gold Cup,Dutta Corp vs La Indiana,Quarter Final,Unknown,Search Livestream,March 15. 2020,Unknown,Unknown,Unknown,Live,2020,International Polo Club,,Dutta Corp,,Chukka 5,,Lucas Diaz Alberdi,,,87;33,Attacking 30,,,,,,,Shot At Goal,Wide,,,,,,,
Penalty 5b (5),5038666,30000,USPA Gold Cup,Dutta Corp vs La Indiana,Quarter Final,Unknown,Search Livestream,March 15. 2020,Unknown,Unknown,Unknown,Live,2020,International Polo Club,,Dutta Corp,Penalty 5b,Chukka 5,,Facundo Obregon,,,,,,,,,,,,,,,,,,,
Assist (10),5038900,25000,USPA Gold Cup,Dutta Corp vs La Indiana,Quarter Final,Unknown,Search Livestream,March 15. 2020,Unknown,Unknown,Unknown,Live,2020,International Polo Club,,Dutta Corp,,Chukka 5,,Facundo Obregon,,,,,,,,,,,,,Unsuccessful,Facundo Obregon,,,,,
Chukka Length (6),5041933,323600,USPA Gold Cup,Dutta Corp vs La Indiana,Quarter Final,Unknown,Search Livestream,March 15. 2020,Unknown,Unknown,Unknown,Live,2020,International Polo Club,Chukka Length,Team,,Chukka 5,,,,,,,,,,,,,,,,,,,,,
Knock In (6),5072366,40000,USPA Gold Cup,Dutta Corp vs La Indiana,Quarter Final,Unknown,Search Livestream,March 15. 2020,Unknown,Unknown,Unknown,Live,2020,International Polo Club,,La Indiana,Knock In,Chukka 5,,Polito Pieres,,,,,,,,,,,,,,,,,,,
Shot At Goal (17),5150966,35000,USPA Gold Cup,Dutta Corp vs La Indiana,Quarter Final,Unknown,Search Livestream,March 15. 2020,Unknown,Unknown,Unknown,Live,2020,International Polo Club,,Dutta Corp,,Chukka 5,,Mariano Obregon,,,83;15,Attacking 30,,,,,,,Shot At Goal,Goal,,,,,,,
Goal Dutta Corp (6),5152066,35000,USPA Gold Cup,Dutta Corp vs La Indiana,Quarter Final,Unknown,Search Livestream,March 15. 2020,Unknown,Unknown,Unknown,Live,2020,International Polo Club,,Dutta Corp,,Chukka 5,,Mariano Obregon,,,77;6,Attacking 30,,,,Goal Dutta Corp,,,,,,,,,,,
Shot At Goal (18),5207800,35000,USPA Gold Cup,Dutta Corp vs La Indiana,Quarter Final,Unknown,Search Livestream,March 15. 2020,Unknown,Unknown,Unknown,Live,2020,International Polo Club,,La Indiana,,Chukka 5,,Polito Pieres,,,32;11,Attacking 30,,,,,,,Shot At Goal,Wide,,,,,,,
Throw-in (16),5209914,20000,USPA Gold Cup,Dutta Corp vs La Indiana,Quarter Final,Unknown,Search Livestream,March 15. 2020,Unknown,Unknown,Unknown,Live,2020,International Polo Club,,La Indiana,Throw-in,Chukka 5,La Indiana win throw-in,Polito Pieres,,,,,,,,,,,,,,,,,,,
Shot At Goal (19),5249866,35000,USPA Gold Cup,Dutta Corp vs La Indiana,Quarter Final,Unknown,Search Livestream,March 15. 2020,Unknown,Unknown,Unknown,Live,2020,International Polo Club,,La Indiana,,Chukka 5,,Polito Pieres,,,69;29,Attacking 30,,,,,,,Shot At Goal,Goal,,,,,,,
Goal La Indiana (8),5250833,35000,USPA Gold Cup,Dutta Corp vs La Indiana,Quarter Final,Unknown,Search Livestream,March 15. 2020,Unknown,Unknown,Unknown,Live,2020,International Polo Club,,La Indiana,,Chukka 5,,Polito Pieres,,,76;3,Attacking 30,,,,Goal La Indiana,,,,,,,,Goals,,,
Knock In (7),5255366,40000,USPA Gold Cup,Dutta Corp vs La Indiana,Quarter Final,Unknown,Search Livestream,March 15. 2020,Unknown,Unknown,Unknown,Live,2020,International Polo Club,,Dutta Corp,Knock In,Chukka 5,,Facundo Obregon,,,,,,,,,,,,,,,Mariano Obregon,,,,
Throw-in (17),5308167,20000,USPA Gold Cup,Dutta Corp vs La Indiana,Quarter Final,Unknown,Search Livestream,March 15. 2020,Unknown,Unknown,Unknown,Live,2020,International Polo Club,,La Indiana,Throw-in,Chukka 5,La Indiana win throw-in,Polito Pieres,,,,,,,,,,,,,,,,,,,
Foul (20),5342866,25000,USPA Gold Cup,Dutta Corp vs La Indiana,Quarter Final,Unknown,Search Livestream,March 15. 2020,Unknown,Unknown,Unknown,Live,2020,International Polo Club,,Dutta Corp,,Chukka 5,,Mariano Obregon,Foul,Riding Into Shot,146;106,Attacking Half,Penalty 5B,71;83,148;121,,,,,,,,,,,,
Foul Received (19),5342866,25000,USPA Gold Cup,Dutta Corp vs La Indiana,Quarter Final,Unknown,Search Livestream,March 15. 2020,Unknown,Unknown,Unknown,Live,2020,International Polo Club,,La Indiana,,Chukka 5,,Polito Pieres,Foul Received,Riding Into Shot,4;220,Defending Half,Penalty 5B,,,,,,,,,,,,,,
Challenge (1),5365533,163833,USPA Gold Cup,Dutta Corp vs La Indiana,Quarter Final,Unknown,Search Livestream,March 15. 2020,Unknown,Unknown,Unknown,Live,2020,International Polo Club,Challenge,Team,,Chukka 5,,,,,,,,,,,,,,,,,,,,,
Penalty 5b (6),5526433,30000,USPA Gold Cup,Dutta Corp vs La Indiana,Quarter Final,Unknown,Search Livestream,March 15. 2020,Unknown,Unknown,Unknown,Live,2020,International Polo Club,,La Indiana,Penalty 5b,Chukka 5,,Santiago Gomez Romero,,,,,,,,,,,,,,,,,,,
Chukka Length (7),5529366,554500,USPA Gold Cup,Dutta Corp vs La Indiana,Quarter Final,Unknown,Search Livestream,March 15. 2020,Unknown,Unknown,Unknown,Live,2020,International Polo Club,Chukka Length,Team,,Chukka 5,,,,,,,,,,,,,,,,,,,,,
Foul Received (20),5562100,25000,USPA Gold Cup,Dutta Corp vs La Indiana,Quarter Final,Unknown,Search Livestream,March 15. 2020,Unknown,Unknown,Unknown,Live,2020,International Polo Club,,La Indiana,,Chukka 5,,Polito Pieres,Foul Received,Crossing,148;202,Defending Half,Penalty 60 yards,,,,,,,,,,,,,,
Foul (21),5562966,25000,USPA Gold Cup,Dutta Corp vs La Indiana,Quarter Final,Unknown,Search Livestream,March 15. 2020,Unknown,Unknown,Unknown,Live,2020,International Polo Club,,Dutta Corp,,Chukka 5,,Facundo Obregon,Foul,Crossing,2;109,Attacking Half,Penalty 60 yards,5;120,80;103,,,,,,,,,,,,
Goal La Indiana (9),5656666,35000,USPA Gold Cup,Dutta Corp vs La Indiana,Quarter Final,Unknown,Search Livestream,March 15. 2020,Unknown,Unknown,Unknown,Live,2020,International Polo Club,,La Indiana,,Chukka 5,,Polito Pieres,,,,,,,,Goal La Indiana,,,,,,,,,,,
Penalty 60 yards (2),5672266,15000,USPA Gold Cup,Dutta Corp vs La Indiana,Quarter Final,Unknown,Search Livestream,March 15. 2020,Unknown,Unknown,Unknown,Live,2020,International Polo Club,,La Indiana,,Chukka 5,,Polito Pieres,,,,,,,,,Penalty 60 yards,Goal,,,,,,,,,
Throw-in (18),5837200,20000,USPA Gold Cup,Dutta Corp vs La Indiana,Quarter Final,Unknown,Search Livestream,March 15. 2020,Unknown,Unknown,Unknown,Live,2020,International Polo Club,,Dutta Corp,Throw-in,Chukka 5,Dutta Corp win throw-in,Facundo Obregon,,,,,,,,,,,,,,,,,,,
Foul Received (21),5847866,25000,USPA Gold Cup,Dutta Corp vs La Indiana,Quarter Final,Unknown,Search Livestream,March 15. 2020,Unknown,Unknown,Unknown,Live,2020,International Polo Club,,Dutta Corp,,Chukka 5,,Facundo Obregon,Foul Received,Crossing,87;29,Attacking 30,Penalty 1,,,,,,,,,,,,,,
Foul (22),5849900,25000,USPA Gold Cup,Dutta Corp vs La Indiana,Quarter Final,Unknown,Search Livestream,March 15. 2020,Unknown,Unknown,Unknown,Live,2020,International Polo Club,,La Indiana,,Chukka 5,,Polito Pieres,Foul,Crossing,72;268,Defending 60,Penalty 1,148;251,52;218,,,,,,,,,,,,
Goal Dutta Corp (7),5930533,35000,USPA Gold Cup,Dutta Corp vs La Indiana,Quarter Final,Unknown,Search Livestream,March 15. 2020,Unknown,Unknown,Unknown,Live,2020,International Polo Club,,Dutta Corp,,Chukka 5,,Facundo Obregon,,,,,,,,Goal Dutta Corp,,,,,,,,,,,
Penalty 1,5954800,10000,USPA Gold Cup,Dutta Corp vs La Indiana,Quarter Final,Unknown,Search Livestream,March 15. 2020,Unknown,Unknown,Unknown,Live,2020,International Polo Club,,La Indiana,,Chukka 5,,Facundo Obregon,,,,,,,,,Penalty 1,Goal,,,,,,,,,Polito Pieres
Penalty 5b (7),6011800,30000,USPA Gold Cup,Dutta Corp vs La Indiana,Quarter Final,Unknown,Search Livestream,March 15. 2020,Unknown,Unknown,Unknown,Live,2020,International Polo Club,,Dutta Corp,Penalty 5b,Chukka 5,,Facundo Obregon,,,,,,,,,,,,,,,,,,,
Non Call (5),6052600,20000,USPA Gold Cup,Dutta Corp vs La Indiana,Quarter Final,Unknown,Search Livestream,March 15. 2020,Unknown,Unknown,Unknown,Live,2020,International Polo Club,,Team,,Chukka 5,,,Non Call,Riding Into Shot,,,,,,,,,,,,,,,,,
Throw-in (19),6278200,20000,USPA Gold Cup,Dutta Corp vs La Indiana,Quarter Final,Unknown,Search Livestream,March 15. 2020,Unknown,Unknown,Unknown,Live,2020,International Polo Club,,La Indiana,Throw-in,Chukka 6,La Indiana win throw-in,Polito Pieres,,,,,,,,,,,,,,,,,,,
Chukka Length (8),6281466,1021500,USPA Gold Cup,Dutta Corp vs La Indiana,Quarter Final,Unknown,Search Livestream,March 15. 2020,Unknown,Unknown,Unknown,Live,2020,International Polo Club,Chukka Length,Team,,Chukka 6,,,,,,,,,,,,,,,,,,,,,
Shot At Goal (20),6329366,35000,USPA Gold Cup,Dutta Corp vs La Indiana,Quarter Final,Unknown,Search Livestream,March 15. 2020,Unknown,Unknown,Unknown,Live,2020,International Polo Club,,La Indiana,,Chukka 6,,Polito Pieres,,,36;47,Attacking 60,,,,,,,Shot At Goal,Blocked,,,,,,,
Non Call (6),6333066,20000,USPA Gold Cup,Dutta Corp vs La Indiana,Quarter Final,Unknown,Search Livestream,March 15. 2020,Unknown,Unknown,Unknown,Live,2020,International Polo Club,,Team,,Chukka 6,,,Non Call,Riding Into Shot,,,,,,,,,,,,,,,,,
Shot Block (1),6357900,10000,USPA Gold Cup,Dutta Corp vs La Indiana,Quarter Final,Unknown,Search Livestream,March 15. 2020,Unknown,Unknown,Unknown,Live,2020,International Polo Club,,Dutta Corp,,Chukka 6,,Lucas Diaz Alberdi,,,,,,,,,,,,,,,,,,Shot Block,
Foul (23),6419100,25000,USPA Gold Cup,Dutta Corp vs La Indiana,Quarter Final,Unknown,Search Livestream,March 15. 2020,Unknown,Unknown,Unknown,Live,2020,International Polo Club,,Dutta Corp,,Chukka 6,,Facundo Obregon,Foul,Reaching,107;168,Defending Half,Penalty 40 yards,135;148,70;131,,,,,,,,,,,,
Foul Received (22),6419100,25000,USPA Gold Cup,Dutta Corp vs La Indiana,Quarter Final,Unknown,Search Livestream,March 15. 2020,Unknown,Unknown,Unknown,Live,2020,International Polo Club,,La Indiana,,Chukka 6,,Jeff Hall,Foul Received,Reaching,46;134,Attacking Half,Penalty 40 yards,,,,,,,,,,,,,,
Goal La Indiana (10),6483700,35000,USPA Gold Cup,Dutta Corp vs La Indiana,Quarter Final,Unknown,Search Livestream,March 15. 2020,Unknown,Unknown,Unknown,Live,2020,International Polo Club,,La Indiana,,Chukka 6,,Polito Pieres,,,85;2,Attacking 30,,,,Goal La Indiana,,,,,,,,,,,
Penalty 40 yards (1),6501766,15000,USPA Gold Cup,Dutta Corp vs La Indiana,Quarter Final,Unknown,Search Livestream,March 15. 2020,Unknown,Unknown,Unknown,Live,2020,International Polo Club,,La Indiana,,Chukka 6,,Polito Pieres,,,,,,,,,Penalty 40 yards,Goal,,,,,,,,,
Foul (24),6528933,25000,USPA Gold Cup,Dutta Corp vs La Indiana,Quarter Final,Unknown,Search Livestream,March 15. 2020,Unknown,Unknown,Unknown,Live,2020,International Polo Club,,La Indiana,,Chukka 6,,Jeff Hall,Foul,Riding Into Shot,43;162,Defending Half,Penalty 60 yards,14;162,127;209,,,,,,,,,,,,
Foul Received (23),6528933,25000,USPA Gold Cup,Dutta Corp vs La Indiana,Quarter Final,Unknown,Search Livestream,March 15. 2020,Unknown,Unknown,Unknown,Live,2020,International Polo Club,,Dutta Corp,,Chukka 6,,Mariano Obregon,Foul Received,Riding Into Shot,104;138,Attacking Half,Penalty 60 yards,,,,,,,,,,,,,,
Throw-in (20),6533266,20000,USPA Gold Cup,Dutta Corp vs La Indiana,Quarter Final,Unknown,Search Livestream,March 15. 2020,Unknown,Unknown,Unknown,Live,2020,International Polo Club,,Dutta Corp,Throw-in,Chukka 6,Dutta Corp win throw-in,Mariano Obregon,,,,,,,,,,,,,,,,,,,
Shot At Goal (21),6589000,35000,USPA Gold Cup,Dutta Corp vs La Indiana,Quarter Final,Unknown,Search Livestream,March 15. 2020,Unknown,Unknown,Unknown,Live,2020,International Polo Club,,Dutta Corp,,Chukka 6,,Lucas Diaz Alberdi,,,70;12,Attacking 30,,,,,,,Shot At Goal,Goal,,,,,,,
Goal Dutta Corp (8),6589633,35000,USPA Gold Cup,Dutta Corp vs La Indiana,Quarter Final,Unknown,Search Livestream,March 15. 2020,Unknown,Unknown,Unknown,Live,2020,International Polo Club,,Dutta Corp,,Chukka 6,,Lucas Diaz Alberdi,,,70;2,Attacking 30,,,,Goal Dutta Corp,,,,,,,,,,,
Penalty 60 yards (3),6605400,15000,USPA Gold Cup,Dutta Corp vs La Indiana,Quarter Final,Unknown,Search Livestream,March 15. 2020,Unknown,Unknown,Unknown,Live,2020,International Polo Club,,Dutta Corp,,Chukka 6,,Mariano Obregon,,,,,,,,,Penalty 60 yards,Short,,,,,,,,,
Throw-in (21),6641133,20000,USPA Gold Cup,Dutta Corp vs La Indiana,Quarter Final,Unknown,Search Livestream,March 15. 2020,Unknown,Unknown,Unknown,Live,2020,International Polo Club,,La Indiana,Throw-in,Chukka 6,La Indiana win throw-in,Polito Pieres,,,,,,,,,,,,,,,,,,,
Non Call (7),6642433,20000,USPA Gold Cup,Dutta Corp vs La Indiana,Quarter Final,Unknown,Search Livestream,March 15. 2020,Unknown,Unknown,Unknown,Live,2020,International Polo Club,,Team,,Chukka 6,,,Non Call,Right of Way,,,,,,,,,,,,,,,,,
Foul (25),6659200,25000,USPA Gold Cup,Dutta Corp vs La Indiana,Quarter Final,Unknown,Search Livestream,March 15. 2020,Unknown,Unknown,Unknown,Live,2020,International Polo Club,,La Indiana,,Chukka 6,,Polito Pieres,Foul,Right of Way,107;107,Attacking Half,Penalty 5,40;139,141;99,,,,,,,,,,,,
Foul Received (24),6659200,25000,USPA Gold Cup,Dutta Corp vs La Indiana,Quarter Final,Unknown,Search Livestream,March 15. 2020,Unknown,Unknown,Unknown,Live,2020,International Polo Club,,Dutta Corp,,Chukka 6,,Mariano Obregon,Foul Received,Right of Way,37;185,Defending Half,Penalty 5,,,,,,,,,,,,,,
Penalty 5 (3),6699933,30000,USPA Gold Cup,Dutta Corp vs La Indiana,Quarter Final,Unknown,Search Livestream,March 15. 2020,Unknown,Unknown,Unknown,Live,2020,International Polo Club,,Dutta Corp,Penalty 5,Chukka 6,,Facundo Obregon,,,,,,,,,,,,,,,,,,,
Foul (26),6721466,25000,USPA Gold Cup,Dutta Corp vs La Indiana,Quarter Final,Unknown,Search Livestream,March 15. 2020,Unknown,Unknown,Unknown,Live,2020,International Polo Club,,La Indiana,,Chukka 6,,Michael Bickford,Foul,Dangerous Riding,91;274,Defending 30,Penalty 30 yards,81;184,148;197,,,,,,,,,,,,
Foul Received (25),6721466,25000,USPA Gold Cup,Dutta Corp vs La Indiana,Quarter Final,Unknown,Search Livestream,March 15. 2020,Unknown,Unknown,Unknown,Live,2020,International Polo Club,,Dutta Corp,,Chukka 6,,Timmy Dutta,Foul Received,Dangerous Riding,62;25,Attacking 30,Penalty 30 yards,,,,,,,,,,,,,,
Goal Dutta Corp (9),6822433,35000,USPA Gold Cup,Dutta Corp vs La Indiana,Quarter Final,Unknown,Search Livestream,March 15. 2020,Unknown,Unknown,Unknown,Live,2020,International Polo Club,,Dutta Corp,,Chukka 6,,Facundo Obregon,,,79;4,Attacking 30,,,,Goal Dutta Corp,,,,,,,,,,,
Penalty 30 yards (7),6840500,15000,USPA Gold Cup,Dutta Corp vs La Indiana,Quarter Final,Unknown,Search Livestream,March 15. 2020,Unknown,Unknown,Unknown,Live,2020,International Polo Club,,Dutta Corp,,Chukka 6,,Facundo Obregon,,,,,,,,,Penalty 30 yards,Goal,,,,,,,,,
Throw-in (22),6874333,20000,USPA Gold Cup,Dutta Corp vs La Indiana,Quarter Final,Unknown,Search Livestream,March 15. 2020,Unknown,Unknown,Unknown,Live,2020,International Polo Club,,La Indiana,Throw-in,Chukka 6,La Indiana win throw-in,Santiago Gomez Romero,,,,,,,,,,,,,,,,,,,
Collision (1),6878500,15000,USPA Gold Cup,Dutta Corp vs La Indiana,Quarter Final,Unknown,Search Livestream,March 15. 2020,Unknown,Unknown,Unknown,Live,2020,International Polo Club,,Dutta Corp,,Chukka 6,,Lucas Diaz Alberdi,,,,,,,,,,,,,,,,,Collision,,
Throw-in (23),6947300,20000,USPA Gold Cup,Dutta Corp vs La Indiana,Quarter Final,Unknown,Search Livestream,March 15. 2020,Unknown,Unknown,Unknown,Live,2020,International Polo Club,,Dutta Corp,Throw-in,Chukka 6,Dutta Corp win throw-in,Timmy Dutta,,,,,,,,,,,,,,,,,,,
Shot At Goal (22),6970100,35000,USPA Gold Cup,Dutta Corp vs La Indiana,Quarter Final,Unknown,Search Livestream,March 15. 2020,Unknown,Unknown,Unknown,Live,2020,International Polo Club,,Dutta Corp,,Chukka 6,,Lucas Diaz Alberdi,,,58;16,Attacking 30,,,,,,,Shot At Goal,Wide,,,,,,,
Assist (11),6985033,25000,USPA Gold Cup,Dutta Corp vs La Indiana,Quarter Final,Unknown,Search Livestream,March 15. 2020,Unknown,Unknown,Unknown,Live,2020,International Polo Club,,Dutta Corp,,Chukka 6,,Facundo Obregon,,,,,,,,,,,,,Unsuccessful,Facundo Obregon,,,,,
Foul (27),6995766,25000,USPA Gold Cup,Dutta Corp vs La Indiana,Quarter Final,Unknown,Search Livestream,March 15. 2020,Unknown,Unknown,Unknown,Live,2020,International Polo Club,,Dutta Corp,,Chukka 6,,Facundo Obregon,Foul,Technical,18;31,Attacking 30,Penalty 5B,10;20,85;29,,,,,,,,,,,,
Yellow Card (3),7004800,10000,USPA Gold Cup,Dutta Corp vs La Indiana,Quarter Final,Unknown,Search Livestream,March 15. 2020,Unknown,Unknown,Unknown,Live,2020,International Polo Club,,Dutta Corp,,Chukka 6,,Facundo Obregon,Yellow Card,Technical,,,Penalty 5B,,,,,,,,,,,,,,
Penalty 5b (8),7123500,30000,USPA Gold Cup,Dutta Corp vs La Indiana,Quarter Final,Unknown,Search Livestream,March 15. 2020,Unknown,Unknown,Unknown,Live,2020,International Polo Club,,La Indiana,Penalty 5b,Chukka 6,,Jeff Hall,,,,,,,,,,,,,,,,,,,
Shot At Goal (23),7125933,35000,USPA Gold Cup,Dutta Corp vs La Indiana,Quarter Final,Unknown,Search Livestream,March 15. 2020,Unknown,Unknown,Unknown,Live,2020,International Polo Club,,La Indiana,,Chukka 6,,Polito Pieres,,,52;21,Attacking 30,,,,,,,Shot At Goal,Wide,,,,,,,
Knock In (8),7166300,40000,USPA Gold Cup,Dutta Corp vs La Indiana,Quarter Final,Unknown,Search Livestream,March 15. 2020,Unknown,Unknown,Unknown,Live,2020,International Polo Club,,Dutta Corp,Knock In,Chukka 6,,Facundo Obregon,,,,,,,,,,,,,,,Lucas Diaz Alberdi,,,,
Foul (28),7192800,25000,USPA Gold Cup,Dutta Corp vs La Indiana,Quarter Final,Unknown,Search Livestream,March 15. 2020,Unknown,Unknown,Unknown,Live,2020,International Polo Club,,La Indiana,,Chukka 6,,Santiago Gomez Romero,Foul,1 Meeting 2,48;186,Defending Half,Penalty 60 yards,6;177,83;197,,,,,,,,,,,,
Foul Received (26),7192800,25000,USPA Gold Cup,Dutta Corp vs La Indiana,Quarter Final,Unknown,Search Livestream,March 15. 2020,Unknown,Unknown,Unknown,Live,2020,International Polo Club,,Dutta Corp,,Chukka 6,,Mariano Obregon,Foul Received,1 Meeting 2,105;122,Attacking Half,Penalty 60 yards,,,,,,,,,,,,,,
Penalty 60 yards (4),7282200,15000,USPA Gold Cup,Dutta Corp vs La Indiana,Quarter Final,Unknown,Search Livestream,March 15. 2020,Unknown,Unknown,Unknown,Live,2020,International Polo Club,,Dutta Corp,,Chukka 6,,Mariano Obregon,,,,,,,,,Penalty 60 yards,Wide,,,,,,,,,