Name,Position,Duration,Stage,Search Event,Camera Angle,Year,Chukka,Club,Game,Goal,Instant Replay Official,Match Date,Team,Third Umpire,Tournament,Umpire 1,Umpire 2,Player,Foul,Foul Outcome,General Field Area,Location,Foul Type,Umpire Focal,Umpire Trailing,Penalties,Penalty Outcome,Set Play,Shot At Goal,Shot At Goal Outcome,Assist Outcome,Assist,Knock-in Player 2,Collision,Throw-in Outcome,Highlight Reel,Penalty Block,Chukka Length
Goal Dutta Corp,0,5000,Group,Search LiveStream,Live,2020,Chukka 1,International Polo Club,Dutta Corp vs Pilot,Goal Dutta Corp,Kevin Fawcett,February 10. 2020,Dutta Corp,Julian Appleby,C.V. Whitney Cup,Ka'aina DeCoite,Hector Galindo,Unknown,,,,,,,,,,,,,,,,,,,,
Foul,189600,25000,Group,Search Livestream,Live,2020,Chukka 2,International Polo Club,Dutta Corp vs Pilot,,Kevin Fawcett,February 10. 2020,Pilot,Julian Appleby,C.V. Whitney Cup,Ka'aina DeCoite,Hector Galindo,Gonzalito Pieres,Foul,Penalty 1,Defending 30,70;289,Right of Way,94;44,60;244,,,,,,,,,,,,,
Foul Received,189600,25000,Group,Search Livestream,Live,2020,Chukka 2,International Polo Club,Dutta Corp vs Pilot,,Kevin Fawcett,February 10. 2020,Dutta Corp,Julian Appleby,C.V. Whitney Cup,Ka'aina DeCoite,Hector Galindo,Timmy Dutta,Foul Received,Penalty 1,Attacking 30,78;8,Right of Way,,,,,,,,,,,,,,,
Penalty 1,200800,10000,Group,Search Livestream,Live,2020,Chukka 2,International Polo Club,Dutta Corp vs Pilot,,Kevin Fawcett,February 10. 2020,Dutta Corp,Julian Appleby,C.V. Whitney Cup,Ka'aina DeCoite,Hector Galindo,Timmy Dutta,,,,,,,,Penalty 1,Goal,,,,,,,,,,,
Goal Dutta Corp (1),175800,35000,Group,Search Livestream,Live,2020,Chukka 2,International Polo Club,Dutta Corp vs Pilot,Goal Dutta Corp,Kevin Fawcett,February 10. 2020,Dutta Corp,Julian Appleby,C.V. Whitney Cup,Ka'aina DeCoite,Hector Galindo,Timmy Dutta,,,,,,,,,,,,,,,,,,,,
Penalty 5b,270366,30000,Group,Search Livestream,Live,2020,Chukka 2,International Polo Club,Dutta Corp vs Pilot,,Kevin Fawcett,February 10. 2020,Dutta Corp,Julian Appleby,C.V. Whitney Cup,Ka'aina DeCoite,Hector Galindo,Facundo Obregon,,,,,,,,,,Penalty 5b,,,,,,,,,,
Foul (1),276000,25000,Group,Search Livestream,Live,2020,Chukka 2,International Polo Club,Dutta Corp vs Pilot,,Kevin Fawcett,February 10. 2020,Dutta Corp,Julian Appleby,C.V. Whitney Cup,Ka'aina DeCoite,Hector Galindo,Lucaz Diaz Alberdi,Foul,Penalty 5B,Defending Half,146;220,Crossing,112;190,142;163,,,,,,,,,,,,,
Foul Received (1),276000,25000,Group,Search Livestream,Live,2020,Chukka 2,International Polo Club,Dutta Corp vs Pilot,,Kevin Fawcett,February 10. 2020,Pilot,Julian Appleby,C.V. Whitney Cup,Ka'aina DeCoite,Hector Galindo,Gonzalito Pieres,Foul Received,Penalty 5B,Attacking 60,7;75,Crossing,,,,,,,,,,,,,,,
Penalty 5b (1),328933,30000,Group,Search Livestream,Live,2020,Chukka 2,International Polo Club,Dutta Corp vs Pilot,,Kevin Fawcett,February 10. 2020,Pilot,Julian Appleby,C.V. Whitney Cup,Ka'aina DeCoite,Hector Galindo,Facundo Pieres,,,,,,,,,,Penalty 5b,,,,,,,,,,
Shot At Goal,375966,35000,Group,Search Livestream,Live,2020,Chukka 2,International Polo Club,Dutta Corp vs Pilot,,Kevin Fawcett,February 10. 2020,Dutta Corp,Julian Appleby,C.V. Whitney Cup,Ka'aina DeCoite,Hector Galindo,Timmy Dutta,,,Attacking 60,72;44,,,,,,,Shot At Goal,Wide,,,,,,,,
Assist,388333,25000,Group,Search Livestream,Live,2020,Chukka 2,International Polo Club,Dutta Corp vs Pilot,,Kevin Fawcett,February 10. 2020,Dutta Corp,Julian Appleby,C.V. Whitney Cup,Ka'aina DeCoite,Hector Galindo,Facundo Obregon,,,,,,,,,,,,,Unsuccessful,Facundo Obregon,,,,,,
Knock In,425466,40000,Group,Search Livestream,Live,2020,Chukka 2,International Polo Club,Dutta Corp vs Pilot,,Kevin Fawcett,February 10. 2020,Pilot,Julian Appleby,C.V. Whitney Cup,Ka'aina DeCoite,Hector Galindo,Facundo Pieres,,,,,,,,,,Knock In,,,,,Gonzalito Pieres,,,,,
Collision,442033,15000,Group,Search Livestream,Live,2020,Chukka 2,International Polo Club,Dutta Corp vs Pilot,,Kevin Fawcett,February 10. 2020,Pilot,Julian Appleby,C.V. Whitney Cup,Ka'aina DeCoite,Hector Galindo,Lucas Escobar,,,,,,,,,,,,,,,,Collision,,,,
Throw-in (1),605400,20000,Group,Search Livestream,Live,2020,Chukka 2,International Polo Club,Dutta Corp vs Pilot,,Kevin Fawcett,February 10. 2020,Dutta Corp,Julian Appleby,C.V. Whitney Cup,Ka'aina DeCoite,Hector Galindo,Mariano Obregon,,,,,,,,,,Throw-in,,,,,,,Dutta Corp win throw-in,,,
Shot At Goal (1),595066,35000,Group,Search Livestream,Live,2020,Chukka 2,International Polo Club,Dutta Corp vs Pilot,,Kevin Fawcett,February 10. 2020,Dutta Corp,Julian Appleby,C.V. Whitney Cup,Ka'aina DeCoite,Hector Galindo,Mariano Obregon,,,Attacking 30,74;11,,,,,,,Shot At Goal,Goal,,,,,,,,
Goal Dutta Corp (2),597333,35000,Group,Search Livestream,Live,2020,Chukka 2,International Polo Club,Dutta Corp vs Pilot,Goal Dutta Corp,Kevin Fawcett,February 10. 2020,Dutta Corp,Julian Appleby,C.V. Whitney Cup,Ka'aina DeCoite,Hector Galindo,Mariano Obregon,,,Attacking 30,73;7,,,,,,,,,,,,,,Goals,,
Throw-in (2),650299,20000,Group,Search Livestream,Live,2020,Chukka 2,International Polo Club,Dutta Corp vs Pilot,,Kevin Fawcett,February 10. 2020,Pilot,Julian Appleby,C.V. Whitney Cup,Ka'aina DeCoite,Hector Galindo,Facundo Pieres,,,,,,,,,,Throw-in,,,,,,,Pilot win throw-in,,,
Shot At Goal (2),636300,35000,Group,Search Livestream,Live,2020,Chukka 2,International Polo Club,Dutta Corp vs Pilot,,Kevin Fawcett,February 10. 2020,Pilot,Julian Appleby,C.V. Whitney Cup,Ka'aina DeCoite,Hector Galindo,Gonzalito Pieres,,,Attacking 30,89;35,,,,,,,Shot At Goal,Goal,,,,,,,,
Goal Pilot,639233,35000,Group,Search Livestream,Live,2020,Chukka 2,International Polo Club,Dutta Corp vs Pilot,Goal Pilot,Kevin Fawcett,February 10. 2020,Pilot,Julian Appleby,C.V. Whitney Cup,Ka'aina DeCoite,Hector Galindo,Gonzalito Pieres,,,Attacking 30,76;4,,,,,,,,,,,,,,,,
Assist (1),657000,25000,Group,Search Livestream,Live,2020,Chukka 2,International Polo Club,Dutta Corp vs Pilot,,Kevin Fawcett,February 10. 2020,Pilot,Julian Appleby,C.V. Whitney Cup,Ka'aina DeCoite,Hector Galindo,Facundo Pieres,,,,,,,,,,,,,Successful,Facundo Pieres,,,,,,
Throw-in (3),699666,20000,Group,Search Livestream,Live,2020,Chukka 2,International Polo Club,Dutta Corp vs Pilot,,Kevin Fawcett,February 10. 2020,Dutta Corp,Julian Appleby,C.V. Whitney Cup,Ka'aina DeCoite,Hector Galindo,Facundo Obregon,,,,,,,,,,Throw-in,,,,,,,Dutta Corp win throw-in,,,
Foul (2),703833,25000,Group,Search Livestream,Live,2020,Chukka 2,International Polo Club,Dutta Corp vs Pilot,,Kevin Fawcett,February 10. 2020,Dutta Corp,Julian Appleby,C.V. Whitney Cup,Ka'aina DeCoite,Hector Galindo,Facundo Obregon,Foul,Penalty 60 yards,Defending Half,107;162,Reaching,37;163,114;133,,,,,,,,,,,,,
Foul Received (2),694333,25000,Group,Search Livestream,Live,2020,Chukka 2,International Polo Club,Dutta Corp vs Pilot,,Kevin Fawcett,February 10. 2020,Pilot,Julian Appleby,C.V. Whitney Cup,Ka'aina DeCoite,Hector Galindo,Facundo Pieres,Foul Received,Penalty 60 yards,Attacking Half,44;135,Reaching,,,,,,,,,,,,,,,
Penalty 60 yards,787033,15000,Group,Search Livestream,Live,2020,Chukka 2,International Polo Club,Dutta Corp vs Pilot,,Kevin Fawcett,February 10. 2020,Pilot,Julian Appleby,C.V. Whitney Cup,Ka'aina DeCoite,Hector Galindo,Facundo Pieres,,,,,,,,Penalty 60 yards,Wide,,,,,,,,,,,
Knock In (1),812633,40000,Group,Search Livestream,Live,2020,Chukka 2,International Polo Club,Dutta Corp vs Pilot,,Kevin Fawcett,February 10. 2020,Dutta Corp,Julian Appleby,C.V. Whitney Cup,Ka'aina DeCoite,Hector Galindo,Facundo Obregon,,,,,,,,,,Knock In,,,,,,,,,,
Foul (3),843033,25000,Group,Search Livestream,Live,2020,Chukka 2,International Polo Club,Dutta Corp vs Pilot,,Kevin Fawcett,February 10. 2020,Dutta Corp,Julian Appleby,C.V. Whitney Cup,Ka'aina DeCoite,Hector Galindo,Timmy Dutta,Foul,Penalty 5,Attacking 30,51;26,Crossing,7;107,73;93,,,,,,,,,,,,,
Foul Received (3),843033,25000,Group,Search Livestream,Live,2020,Chukka 2,International Polo Club,Dutta Corp vs Pilot,,Kevin Fawcett,February 10. 2020,Pilot,Julian Appleby,C.V. Whitney Cup,Ka'aina DeCoite,Hector Galindo,Facundo Pieres,Foul Received,Penalty 5,Defending 30,100;275,Crossing,,,,,,,,,,,,,,,
Penalty 5,1076133,30000,Group,Search Livestream,Live,2020,Chukka 2,International Polo Club,Dutta Corp vs Pilot,,Kevin Fawcett,February 10. 2020,Pilot,Julian Appleby,C.V. Whitney Cup,Ka'aina DeCoite,Hector Galindo,Facundo Pieres,,,,,,,,,,Penalty 5,,,,,,,,,,
Shot At Goal (3),1079533,35000,Group,Search Livestream,Live,2020,Chukka 2,International Polo Club,Dutta Corp vs Pilot,,Kevin Fawcett,February 10. 2020,Pilot,Julian Appleby,C.V. Whitney Cup,Ka'aina DeCoite,Hector Galindo,Gonzalito Pieres,,,Attacking 30,65;34,,,,,,,Shot At Goal,Goal,,,,,,,,
Goal Pilot (1),1081800,35000,Group,Search Livestream,Live,2020,Chukka 2,International Polo Club,Dutta Corp vs Pilot,Goal Pilot,Kevin Fawcett,February 10. 2020,Pilot,Julian Appleby,C.V. Whitney Cup,Ka'aina DeCoite,Hector Galindo,Gonzalito Pieres,,,Attacking 30,73;6,,,,,,,,,,,,,,,,
Assist (2),1099400,25000,Group,Search Livestream,Live,2020,Chukka 2,International Polo Club,Dutta Corp vs Pilot,,Kevin Fawcett,February 10. 2020,Pilot,Julian Appleby,C.V. Whitney Cup,Ka'aina DeCoite,Hector Galindo,Facundo Pieres,,,,,,,,,,,,,Successful,Facundo Pieres,,,,,,
Throw-in (4),1139933,20000,Group,Search Livestream,Live,2020,Chukka 2,International Polo Club,Dutta Corp vs Pilot,,Kevin Fawcett,February 10. 2020,Dutta Corp,Julian Appleby,C.V. Whitney Cup,Ka'aina DeCoite,Hector Galindo,Mariano Obregon,,,,,,,,,,Throw-in,,,,,,,Dutta Corp win throw-in,,,
Throw-in,183533,20000,Group,Search Livestream,Live,2020,Chukka 2,International Polo Club,Dutta Corp vs Pilot,,Kevin Fawcett,February 10. 2020,Dutta Corp,Julian Appleby,C.V. Whitney Cup,Ka'aina DeCoite,Hector Galindo,Facundo Obregon,,,,,,,,,,Throw-in,,,,,,,Dutta Corp win throw-in,,,
Goal Pilot (2),1122594,35000,Group,Search LiveStream,Live,2020,Chukka 2,International Polo Club,Dutta Corp vs Pilot,Goal Pilot,Kevin Fawcett,February 10. 2020,Pilot,Julian Appleby,C.V. Whitney Cup,Ka'aina DeCoite,Hector Galindo,Unknown,,,,,,,,,,,,,,,,,,,,
Throw-in (5),1712894,20000,Group,Search Livestream,Live,2020,Chukka 3,International Polo Club,Dutta Corp vs Pilot,,Kevin Fawcett,February 10. 2020,Dutta Corp,Julian Appleby,C.V. Whitney Cup,Ka'aina DeCoite,Hector Galindo,Lucaz Diaz Alberdi,,,,,,,,,,Throw-in,,,,,,,Dutta Corp win throw-in,,,
Foul (4),1732033,25000,Group,Search Livestream,Live,2020,Chukka 3,International Polo Club,Dutta Corp vs Pilot,,Kevin Fawcett,February 10. 2020,Dutta Corp,Julian Appleby,C.V. Whitney Cup,Ka'aina DeCoite,Hector Galindo,Timmy Dutta,Foul,Penalty 30 yards,Defending 30,89;280,Right of Way,23;224,139;247,,,,,,,,,,,,,
Foul Received (4),1732033,25000,Group,Search Livestream,Live,2020,Chukka 3,International Polo Club,Dutta Corp vs Pilot,,Kevin Fawcett,February 10. 2020,Pilot,Julian Appleby,C.V. Whitney Cup,Ka'aina DeCoite,Hector Galindo,Facundo Pieres,Foul Received,Penalty 30 yards,Attacking 30,58;17,Right of Way,,,,,,,,,,,,,,,
Penalty 30 yards Spot,1787333,10000,Group,Search Livestream,Live,2020,Chukka 3,International Polo Club,Dutta Corp vs Pilot,,Kevin Fawcett,February 10. 2020,Pilot,Julian Appleby,C.V. Whitney Cup,Ka'aina DeCoite,Hector Galindo,Facundo Pieres,,,,,,,,Penalty 30 yards Spot,Goal,,,,,,,,,,,
Goal Pilot (4),1769366,35000,Group,Search Livestream,Live,2020,Chukka 3,International Polo Club,Dutta Corp vs Pilot,Goal Pilot,Kevin Fawcett,February 10. 2020,Pilot,Julian Appleby,C.V. Whitney Cup,Ka'aina DeCoite,Hector Galindo,Facundo Pieres,,,,,,,,,,,,,,,,,,,,
Throw-in (6),1816760,20000,Group,Search Livestream,Live,2020,Chukka 3,International Polo Club,Dutta Corp vs Pilot,,Kevin Fawcett,February 10. 2020,Dutta Corp,Julian Appleby,C.V. Whitney Cup,Ka'aina DeCoite,Hector Galindo,Facundo Obregon,,,,,,,,,,Throw-in,,,,,,,Dutta Corp win throw-in,,,
Shot At Goal (4),1827500,35000,Group,Search Livestream,Live,2020,Chukka 3,International Polo Club,Dutta Corp vs Pilot,,Kevin Fawcett,February 10. 2020,Pilot,Julian Appleby,C.V. Whitney Cup,Ka'aina DeCoite,Hector Galindo,Lucas Escobar,,,Attacking 30,46;24,,,,,,,Shot At Goal,Wide,,,,,,,,
Assist (3),1846400,25000,Group,Search Livestream,Live,2020,Chukka 3,International Polo Club,Dutta Corp vs Pilot,,Kevin Fawcett,February 10. 2020,Pilot,Julian Appleby,C.V. Whitney Cup,Ka'aina DeCoite,Hector Galindo,Facundo Pieres,,,,,,,,,,,,,Unsuccessful,Facundo Pieres,,,,,,
Knock In (2),1876476,40000,Group,Search Livestream,Live,2020,Chukka 3,International Polo Club,Dutta Corp vs Pilot,,Kevin Fawcett,February 10. 2020,Dutta Corp,Julian Appleby,C.V. Whitney Cup,Ka'aina DeCoite,Hector Galindo,Facundo Obregon,,,,,,,,,,Knock In,,,,,Timmy Dutta,,,,,
Shot At Goal (5),1894533,35000,Group,Search Livestream,Live,2020,Chukka 3,International Polo Club,Dutta Corp vs Pilot,,Kevin Fawcett,February 10. 2020,Dutta Corp,Julian Appleby,C.V. Whitney Cup,Ka'aina DeCoite,Hector Galindo,Mariano Obregon,,,Attacking 30,83;25,,,,,,,Shot At Goal,Blocked,,,,,,,,
Shot Block,1923166,10000,Group,Search Livestream,Live,2020,Chukka 3,International Polo Club,Dutta Corp vs Pilot,,Kevin Fawcett,February 10. 2020,Pilot,Julian Appleby,C.V. Whitney Cup,Ka'aina DeCoite,Hector Galindo,Facundo Pieres,,,,,,,,,,,,,,,,,,,Shot Block,
Penalty 60 yards (1),1676366,15000,Group,Search Livestream,Live,2020,Chukka 3,International Polo Club,Dutta Corp vs Pilot,,Kevin Fawcett,February 10. 2020,Pilot,Julian Appleby,C.V. Whitney Cup,Ka'aina DeCoite,Hector Galindo,Facundo Pieres,,,,,,,,Penalty 60 yards,Goal,,,,,,,,,,,
Shot At Goal (6),2126933,35000,Group,Search Livestream,Live,2020,Chukka 3,International Polo Club,Dutta Corp vs Pilot,,Kevin Fawcett,February 10. 2020,Dutta Corp,Julian Appleby,C.V. Whitney Cup,Ka'aina DeCoite,Hector Galindo,Lucaz Diaz Alberdi,,,Attacking 30,102;25,,,,,,,Shot At Goal,Wide,,,,,,,,
Knock In (4),2171590,40000,Group,Search Livestream,Live,2020,Chukka 3,International Polo Club,Dutta Corp vs Pilot,,Kevin Fawcett,February 10. 2020,Pilot,Julian Appleby,C.V. Whitney Cup,Ka'aina DeCoite,Hector Galindo,Facundo Pieres,,,,,,,,,,Knock In,,,,,Gonzalito Pieres,,,,,
Foul (5),2266033,25000,Group,Search Livestream,Live,2020,Chukka 3,International Polo Club,Dutta Corp vs Pilot,,Kevin Fawcett,February 10. 2020,Dutta Corp,Julian Appleby,C.V. Whitney Cup,Ka'aina DeCoite,Hector Galindo,Facundo Obregon,Foul,Penalty 30 yards,Defending 30,54;277,Dangerous Riding,53;238,127;236,,,,,,,,,,,,,
Foul Received (5),2266033,25000,Group,Search Livestream,Live,2020,Chukka 3,International Polo Club,Dutta Corp vs Pilot,,Kevin Fawcett,February 10. 2020,Pilot,Julian Appleby,C.V. Whitney Cup,Ka'aina DeCoite,Hector Galindo,Lucas Escobar,Foul Received,Penalty 30 yards,Attacking 30,94;21,Dangerous Riding,,,,,,,,,,,,,,,
Yellow Card,2326533,10000,Group,Search Livestream,Live,2020,Chukka 3,International Polo Club,Dutta Corp vs Pilot,,Kevin Fawcett,February 10. 2020,Dutta Corp,Julian Appleby,C.V. Whitney Cup,Ka'aina DeCoite,Hector Galindo,Facundo Obregon,Yellow Card,Penalty 30 yards,,,Dangerous Riding,,,,,,,,,,,,,,,
Penalty 30 yards,2367233,15000,Group,Search Livestream,Live,2020,Chukka 3,International Polo Club,Dutta Corp vs Pilot,,Kevin Fawcett,February 10. 2020,Pilot,Julian Appleby,C.V. Whitney Cup,Ka'aina DeCoite,Hector Galindo,Facundo Pieres,,,,,,,,Penalty 30 yards,Goal,,,,,,,,,,,
Knock In (3),2118791,40000,Group,Search Livestream,Live,2020,Chukka 3,International Polo Club,Dutta Corp vs Pilot,,Kevin Fawcett,February 10. 2020,Pilot,Julian Appleby,C.V. Whitney Cup,Ka'aina DeCoite,Hector Galindo,Facundo Pieres,,,,,,,,,,Knock In,,,,,Gonzalito Pieres,,,,,
Penalty 5b (2),2416166,30000,Group,Search Livestream,Live,2020,Chukka 3,International Polo Club,Dutta Corp vs Pilot,,Kevin Fawcett,February 10. 2020,Pilot,Julian Appleby,C.V. Whitney Cup,Ka'aina DeCoite,Hector Galindo,Facundo Pieres,,,,,,,,,,Penalty 5b,,,,,,,,,,
Foul (6),2430333,25000,Group,Search Livestream,Live,2020,Chukka 3,International Polo Club,Dutta Corp vs Pilot,,Kevin Fawcett,February 10. 2020,Pilot,Julian Appleby,C.V. Whitney Cup,Ka'aina DeCoite,Hector Galindo,Curtis Pilot,Foul,Penalty 30 yards,Defending 60,57;227,Crossing,41;209,125;161,,,,,,,,,,,,,
Foul Received (6),2430333,25000,Group,Search Livestream,Live,2020,Chukka 3,International Polo Club,Dutta Corp vs Pilot,,Kevin Fawcett,February 10. 2020,Dutta Corp,Julian Appleby,C.V. Whitney Cup,Ka'aina DeCoite,Hector Galindo,Timmy Dutta,Foul Received,Penalty 30 yards,Attacking 60,89;74,Crossing,,,,,,,,,,,,,,,
Penalty 30 yards (1),2486013,15000,Group,Search Livestream,Live,2020,Chukka 3,International Polo Club,Dutta Corp vs Pilot,,Kevin Fawcett,February 10. 2020,Dutta Corp,Julian Appleby,C.V. Whitney Cup,Ka'aina DeCoite,Hector Galindo,Facundo Obregon,,,,,,,,Penalty 30 yards,Goal,,,,,,,,,,,
Goal Dutta Corp (3),2468200,35000,Group,Search Livestream,Live,2020,Chukka 3,International Polo Club,Dutta Corp vs Pilot,Goal Dutta Corp,Kevin Fawcett,February 10. 2020,Dutta Corp,Julian Appleby,C.V. Whitney Cup,Ka'aina DeCoite,Hector Galindo,Facundo Obregon,,,,,,,,,,,,,,,,,,,,
Goal Pilot (3),1660066,35000,Group,Search Livestream,Live,2020,Chukka 3,International Polo Club,Dutta Corp vs Pilot,Goal Pilot,Kevin Fawcett,February 10. 2020,Pilot,Julian Appleby,C.V. Whitney Cup,Ka'aina DeCoite,Hector Galindo,Facundo Pieres,,,,,,,,,,,,,,,,,,,,
Goal Pilot (5),2349100,35000,Group,Search Livestream,Live,2020,Chukka 3,International Polo Club,Dutta Corp vs Pilot,Goal Pilot,Kevin Fawcett,February 10. 2020,Pilot,Julian Appleby,C.V. Whitney Cup,Ka'aina DeCoite,Hector Galindo,Facundo Pieres,,,,,,,,,,,,,,,,,,,,
Foul Received (7),3059766,25000,Group,Search Livestream,Live,2020,Chukka 4,International Polo Club,Dutta Corp vs Pilot,,Kevin Fawcett,February 10. 2020,Pilot,Julian Appleby,C.V. Whitney Cup,Ka'aina DeCoite,Hector Galindo,Facundo Pieres,Foul Received,Penalty 5,Defending Half,101;201,Crossing,,,,,,,,,,,,,,,
Penalty 5 (1),3102800,30000,Group,Search Livestream,Live,2020,Chukka 4,International Polo Club,Dutta Corp vs Pilot,,Kevin Fawcett,February 10. 2020,Pilot,Julian Appleby,C.V. Whitney Cup,Ka'aina DeCoite,Hector Galindo,Facundo Pieres,,,,,,,,,,Penalty 5,,,,,,,,,,
Shot At Goal (7),3091566,35000,Group,Search Livestream,Live,2020,Chukka 4,International Polo Club,Dutta Corp vs Pilot,,Kevin Fawcett,February 10. 2020,Pilot,Julian Appleby,C.V. Whitney Cup,Ka'aina DeCoite,Hector Galindo,Gonzalito Pieres,,,Attacking Half,105;103,,,,,,,Shot At Goal,Short,,,,,,,,
Shot At Goal (8),3138000,35000,Group,Search Livestream,Live,2020,Chukka 4,International Polo Club,Dutta Corp vs Pilot,,Kevin Fawcett,February 10. 2020,Dutta Corp,Julian Appleby,C.V. Whitney Cup,Ka'aina DeCoite,Hector Galindo,Timmy Dutta,,,Attacking 30,102;27,,,,,,,Shot At Goal,Wide,,,,,,,,
Assist (4),3155100,25000,Group,Search Livestream,Live,2020,Chukka 4,International Polo Club,Dutta Corp vs Pilot,,Kevin Fawcett,February 10. 2020,Dutta Corp,Julian Appleby,C.V. Whitney Cup,Ka'aina DeCoite,Hector Galindo,Lucaz Diaz Alberdi,,,,,,,,,,,,,Unsuccessful,Lucaz Diaz Alberdi,,,,,,
Knock In (5),3186666,40000,Group,Search Livestream,Live,2020,Chukka 4,International Polo Club,Dutta Corp vs Pilot,,Kevin Fawcett,February 10. 2020,Pilot,Julian Appleby,C.V. Whitney Cup,Ka'aina DeCoite,Hector Galindo,Facundo Pieres,,,,,,,,,,Knock In,,,,,Gonzalito Pieres,,,,,
Foul (8),3183166,25000,Group,Search Livestream,Live,2020,Chukka 4,International Polo Club,Dutta Corp vs Pilot,,Kevin Fawcett,February 10. 2020,Dutta Corp,Julian Appleby,C.V. Whitney Cup,Ka'aina DeCoite,Hector Galindo,Lucaz Diaz Alberdi,Foul,Penalty 5B,Attacking 30,39;34,Dangerous Riding,40;49,59;8,,,,,,,,,,,,,
Foul Received (8),3183166,25000,Group,Search Livestream,Live,2020,Chukka 4,International Polo Club,Dutta Corp vs Pilot,,Kevin Fawcett,February 10. 2020,Pilot,Julian Appleby,C.V. Whitney Cup,Ka'aina DeCoite,Hector Galindo,Facundo Pieres,Foul Received,Penalty 5B,Defending 30,116;267,Dangerous Riding,,,,,,,,,,,,,,,
Penalty 5b (3),3375100,30000,Group,Search Livestream,Live,2020,Chukka 4,International Polo Club,Dutta Corp vs Pilot,,Kevin Fawcett,February 10. 2020,Pilot,Julian Appleby,C.V. Whitney Cup,Ka'aina DeCoite,Hector Galindo,Facundo Pieres,,,,,,,,,,Penalty 5b,,,,,,,,,,
Shot At Goal (9),3360766,35000,Group,Search Livestream,Live,2020,Chukka 4,International Polo Club,Dutta Corp vs Pilot,,Kevin Fawcett,February 10. 2020,Pilot,Julian Appleby,C.V. Whitney Cup,Ka'aina DeCoite,Hector Galindo,Facundo Pieres,,,Attacking 60,118;61,,,,,,,Shot At Goal,Goal,,,,,,,,
Goal Pilot (6),3364666,35000,Group,Search Livestream,Live,2020,Chukka 4,International Polo Club,Dutta Corp vs Pilot,Goal Pilot,Kevin Fawcett,February 10. 2020,Pilot,Julian Appleby,C.V. Whitney Cup,Ka'aina DeCoite,Hector Galindo,Facundo Pieres,,,Attacking 30,73;3,,,,,,,,,,,,,,Goals,,
Throw-in (8),3441466,20000,Group,Search Livestream,Live,2020,Chukka 4,International Polo Club,Dutta Corp vs Pilot,,Kevin Fawcett,February 10. 2020,Dutta Corp,Julian Appleby,C.V. Whitney Cup,Ka'aina DeCoite,Hector Galindo,Timmy Dutta,,,,,,,,,,Throw-in,,,,,,,Dutta Corp win throw-in,,,
Foul (9),3439966,25000,Group,Search Livestream,Live,2020,Chukka 4,International Polo Club,Dutta Corp vs Pilot,,Kevin Fawcett,February 10. 2020,Pilot,Julian Appleby,C.V. Whitney Cup,Ka'aina DeCoite,Hector Galindo,Lucas Escobar,Foul,Penalty 5,Attacking Half,104;131,Right of Way,110;131,26;167,,,,,,,,,,,,,
Foul Received (9),3439966,25000,Group,Search Livestream,Live,2020,Chukka 4,International Polo Club,Dutta Corp vs Pilot,,Kevin Fawcett,February 10. 2020,Dutta Corp,Julian Appleby,C.V. Whitney Cup,Ka'aina DeCoite,Hector Galindo,Mariano Obregon,Foul Received,Penalty 5,Defending Half,38;166,Right of Way,,,,,,,,,,,,,,,
Penalty 5 (2),3476300,30000,Group,Search Livestream,Live,2020,Chukka 4,International Polo Club,Dutta Corp vs Pilot,,Kevin Fawcett,February 10. 2020,Dutta Corp,Julian Appleby,C.V. Whitney Cup,Ka'aina DeCoite,Hector Galindo,Facundo Obregon,,,,,,,,,,Penalty 5,,,,,,,,,,
Non Call,3518766,20000,Group,Search Livestream,Live,2020,Chukka 4,International Polo Club,Dutta Corp vs Pilot,,Kevin Fawcett,February 10. 2020,Team,Julian Appleby,C.V. Whitney Cup,Ka'aina DeCoite,Hector Galindo,,Non Call,,,,Dangerous Riding,,,,,,,,,,,,,,,
Shot At Goal (10),3570366,35000,Group,Search Livestream,Live,2020,Chukka 4,International Polo Club,Dutta Corp vs Pilot,,Kevin Fawcett,February 10. 2020,Pilot,Julian Appleby,C.V. Whitney Cup,Ka'aina DeCoite,Hector Galindo,Curtis Pilot,,,Attacking 30,80;12,,,,,,,Shot At Goal,Goal,,,,,,,,
Goal Pilot (7),3571433,35000,Group,Search Livestream,Live,2020,Chukka 4,International Polo Club,Dutta Corp vs Pilot,Goal Pilot,Kevin Fawcett,February 10. 2020,Pilot,Julian Appleby,C.V. Whitney Cup,Ka'aina DeCoite,Hector Galindo,Curtis Pilot,,,Attacking 30,78;6,,,,,,,,,,,,,,,,
Assist (5),3588033,25000,Group,Search Livestream,Live,2020,Chukka 4,International Polo Club,Dutta Corp vs Pilot,,Kevin Fawcett,February 10. 2020,Pilot,Julian Appleby,C.V. Whitney Cup,Ka'aina DeCoite,Hector Galindo,Gonzalito Pieres,,,,,,,,,,,,,Successful,Gonzalito Pieres,,,,,,
Throw-in (9),3697666,20000,Group,Search Livestream,Live,2020,Chukka 4,International Polo Club,Dutta Corp vs Pilot,,Kevin Fawcett,February 10. 2020,Dutta Corp,Julian Appleby,C.V. Whitney Cup,Ka'aina DeCoite,Hector Galindo,Facundo Obregon,,,,,,,,,,Throw-in,,,,,,,Dutta Corp win throw-in,,,
Shot At Goal (11),3686133,35000,Group,Search Livestream,Live,2020,Chukka 4,International Polo Club,Dutta Corp vs Pilot,,Kevin Fawcett,February 10. 2020,Dutta Corp,Julian Appleby,C.V. Whitney Cup,Ka'aina DeCoite,Hector Galindo,Lucaz Diaz Alberdi,,,Attacking 60,105;43,,,,,,,Shot At Goal,Wide,,,,,,,,
Assist (6),3702700,25000,Group,Search Livestream,Live,2020,Chukka 4,International Polo Club,Dutta Corp vs Pilot,,Kevin Fawcett,February 10. 2020,Dutta Corp,Julian Appleby,C.V. Whitney Cup,Ka'aina DeCoite,Hector Galindo,Facundo Obregon,,,,,,,,,,,,,Unsuccessful,Facundo Obregon,,,,,,
Knock In (6),3730000,40000,Group,Search Livestream,Live,2020,Chukka 4,International Polo Club,Dutta Corp vs Pilot,,Kevin Fawcett,February 10. 2020,Pilot,Julian Appleby,C.V. Whitney Cup,Ka'aina DeCoite,Hector Galindo,Facundo Pieres,,,,,,,,,,Knock In,,,,,Gonzalito Pieres,,,,,
Shot At Goal (12),3724400,35000,Group,Search Livestream,Live,2020,Chukka 4,International Polo Club,Dutta Corp vs Pilot,,Kevin Fawcett,February 10. 2020,Dutta Corp,Julian Appleby,C.V. Whitney Cup,Ka'aina DeCoite,Hector Galindo,Facundo Obregon,,,Attacking 30,89;30,,,,,,,Shot At Goal,Goal,,,,,,,,
Goal Dutta Corp (4),3727200,35000,Group,Search Livestream,Live,2020,Chukka 4,International Polo Club,Dutta Corp vs Pilot,Goal Dutta Corp,Kevin Fawcett,February 10. 2020,Dutta Corp,Julian Appleby,C.V. Whitney Cup,Ka'aina DeCoite,Hector Galindo,Facundo Obregon,,,Attacking 30,76;8,,,,,,,,,,,,,,,,
Assist (7),3746833,25000,Group,Search Livestream,Live,2020,Chukka 4,International Polo Club,Dutta Corp vs Pilot,,Kevin Fawcett,February 10. 2020,Dutta Corp,Julian Appleby,C.V. Whitney Cup,Ka'aina DeCoite,Hector Galindo,Lucaz Diaz Alberdi,,,,,,,,,,,,,Successful,Lucaz Diaz Alberdi,,,,,,
Throw-in (10),3783400,20000,Group,Search Livestream,Live,2020,Chukka 4,International Polo Club,Dutta Corp vs Pilot,,Kevin Fawcett,February 10. 2020,Dutta Corp,Julian Appleby,C.V. Whitney Cup,Ka'aina DeCoite,Hector Galindo,Lucaz Diaz Alberdi,,,,,,,,,,Throw-in,,,,,,,Dutta Corp win throw-in,,,
Shot At Goal (13),3779733,35000,Group,Search Livestream,Live,2020,Chukka 4,International Polo Club,Dutta Corp vs Pilot,,Kevin Fawcett,February 10. 2020,Dutta Corp,Julian Appleby,C.V. Whitney Cup,Ka'aina DeCoite,Hector Galindo,Mariano Obregon,,,Attacking 30,79;13,,,,,,,Shot At Goal,Goal,,,,,,,,
Goal Dutta Corp (5),3780566,35000,Group,Search Livestream,Live,2020,Chukka 4,International Polo Club,Dutta Corp vs Pilot,Goal Dutta Corp,Kevin Fawcett,February 10. 2020,Dutta Corp,Julian Appleby,C.V. Whitney Cup,Ka'aina DeCoite,Hector Galindo,Mariano Obregon,,,Attacking 30,76;4,,,,,,,,,,,,,,Goals,,
Throw-in (7),3025400,20000,Group,Search Livestream,Live,2020,Chukka 4,International Polo Club,Dutta Corp vs Pilot,,Kevin Fawcett,February 10. 2020,Pilot,Julian Appleby,C.V. Whitney Cup,Ka'aina DeCoite,Hector Galindo,Facundo Pieres,,,,,,,,,,Throw-in,,,,,,,Pilot win throw-in,,,
Chukka Length,3025400,815066,Group,Search Livestream,Live,2020,Chukka 4,International Polo Club,Dutta Corp vs Pilot,,Kevin Fawcett,February 10. 2020,Team,Julian Appleby,C.V. Whitney Cup,Ka'aina DeCoite,Hector Galindo,,,,,,,,,,,,,,,,,,,,,Chukka Length
Foul (7),3059766,25000,Group,Search Livestream,Live,2020,Chukka 4,International Polo Club,Dutta Corp vs Pilot,,Kevin Fawcett,February 10. 2020,Dutta Corp,Julian Appleby,C.V. Whitney Cup,Ka'aina DeCoite,Hector Galindo,Lucaz Diaz Alberdi,Foul,Penalty 5,Attacking Half,52;97,Crossing,9;163,74;120,,,,,,,,,,,,,
Penalty 40 yards,4065351,15000,Group,Search Livestream,Live,2020,Chukka 5,International Polo Club,Dutta Corp vs Pilot,,Kevin Fawcett,February 10. 2020,Dutta Corp,Julian Appleby,C.V. Whitney Cup,Ka'aina DeCoite,Hector Galindo,Facundo Obregon,,,,,,,,Penalty 40 yards,Goal,,,,,,,,,,,
Goal Dutta Corp (6),4047966,35000,Group,Search Livestream,Live,2020,Chukka 5,International Polo Club,Dutta Corp vs Pilot,Goal Dutta Corp,Kevin Fawcett,February 10. 2020,Dutta Corp,Julian Appleby,C.V. Whitney Cup,Ka'aina DeCoite,Hector Galindo,Facundo Obregon,,,,,,,,,,,,,,,,,,,,
Throw-in (12),4102333,20000,Group,Search Livestream,Live,2020,Chukka 5,International Polo Club,Dutta Corp vs Pilot,,Kevin Fawcett,February 10. 2020,Pilot,Julian Appleby,C.V. Whitney Cup,Ka'aina DeCoite,Hector Galindo,Curtis Pilot,,,,,,,,,,Throw-in,,,,,,,Pilot win throw-in,,,
Foul (11),4104933,25000,Group,Search Livestream,Live,2020,Chukka 5,International Polo Club,Dutta Corp vs Pilot,,Kevin Fawcett,February 10. 2020,Pilot,Julian Appleby,C.V. Whitney Cup,Ka'aina DeCoite,Hector Galindo,Lucas Escobar,Foul,Penalty 5,Attacking Half,31;99,Right of Way,27;101,116;136,,,,,,,,,,,,,
Foul Received (11),4104933,25000,Group,Search Livestream,Live,2020,Chukka 5,International Polo Club,Dutta Corp vs Pilot,,Kevin Fawcett,February 10. 2020,Dutta Corp,Julian Appleby,C.V. Whitney Cup,Ka'aina DeCoite,Hector Galindo,Facundo Obregon,Foul Received,Penalty 5,Defending Half,122;204,Right of Way,,,,,,,,,,,,,,,
Penalty 5 (3),4147633,30000,Group,Search Livestream,Live,2020,Chukka 5,International Polo Club,Dutta Corp vs Pilot,,Kevin Fawcett,February 10. 2020,Pilot,Julian Appleby,C.V. Whitney Cup,Ka'aina DeCoite,Hector Galindo,Facundo Pieres,,,,,,,,,,Penalty 5,,,,,,,,,,
Non Call (1),4198933,20000,Group,Search Livestream,Live,2020,Chukka 5,International Polo Club,Dutta Corp vs Pilot,,Kevin Fawcett,February 10. 2020,Team,Julian Appleby,C.V. Whitney Cup,Ka'aina DeCoite,Hector Galindo,,Non Call,,,,Crossing,,,,,,,,,,,,,,,
Foul (12),4225700,25000,Group,Search Livestream,Live,2020,Chukka 5,International Polo Club,Dutta Corp vs Pilot,,Kevin Fawcett,February 10. 2020,Pilot,Julian Appleby,C.V. Whitney Cup,Ka'aina DeCoite,Hector Galindo,Lucas Escobar,Foul,Penalty 60 yards,Defending 30,145;277,Dangerous Riding,3;240,93;239,,,,,,,,,,,,,
Foul Received (12),4225700,25000,Group,Search Livestream,Live,2020,Chukka 5,International Polo Club,Dutta Corp vs Pilot,,Kevin Fawcett,February 10. 2020,Dutta Corp,Julian Appleby,C.V. Whitney Cup,Ka'aina DeCoite,Hector Galindo,Lucaz Diaz Alberdi,Foul Received,Penalty 60 yards,Attacking 30,3;12,Dangerous Riding,,,,,,,,,,,,,,,
Penalty 60 yards (2),4316500,15000,Group,Search Livestream,Live,2020,Chukka 5,International Polo Club,Dutta Corp vs Pilot,,Kevin Fawcett,February 10. 2020,Dutta Corp,Julian Appleby,C.V. Whitney Cup,Ka'aina DeCoite,Hector Galindo,Mariano Obregon,,,,,,,,Penalty 60 yards,Goal,,,,,,,,,,,
Goal Dutta Corp (7),4301400,35000,Group,Search Livestream,Live,2020,Chukka 5,International Polo Club,Dutta Corp vs Pilot,Goal Dutta Corp,Kevin Fawcett,February 10. 2020,Dutta Corp,Julian Appleby,C.V. Whitney Cup,Ka'aina DeCoite,Hector Galindo,Mariano Obregon,,,,,,,,,,,,,,,,,,,,
Throw-in (13),4350900,20000,Group,Search Livestream,Live,2020,Chukka 5,International Polo Club,Dutta Corp vs Pilot,,Kevin Fawcett,February 10. 2020,Dutta Corp,Julian Appleby,C.V. Whitney Cup,Ka'aina DeCoite,Hector Galindo,Lucaz Diaz Alberdi,,,,,,,,,,Throw-in,,,,,,,Dutta Corp win throw-in,,,
Foul (13),4425200,25000,Group,Search Livestream,Live,2020,Chukka 5,International Polo Club,Dutta Corp vs Pilot,,Kevin Fawcett,February 10. 2020,Dutta Corp,Julian Appleby,C.V. Whitney Cup,Ka'aina DeCoite,Hector Galindo,Mariano Obregon,Foul,Penalty 5,Attacking 30,51;17,Crossing,28;88,117;109,,,,,,,,,,,,,
Foul Received (13),4425200,25000,Group,Search Livestream,Live,2020,Chukka 5,International Polo Club,Dutta Corp vs Pilot,,Kevin Fawcett,February 10. 2020,Pilot,Julian Appleby,C.V. Whitney Cup,Ka'aina DeCoite,Hector Galindo,Facundo Pieres,Foul Received,Penalty 5,Defending 30,100;288,Crossing,,,,,,,,,,,,,,,
Penalty 5 (4),4523666,30000,Group,Search Livestream,Live,2020,Chukka 5,International Polo Club,Dutta Corp vs Pilot,,Kevin Fawcett,February 10. 2020,Pilot,Julian Appleby,C.V. Whitney Cup,Ka'aina DeCoite,Hector Galindo,Facundo Pieres,,,,,,,,,,Penalty 5,,,,,,,,,,
Non Call (2),4612500,20000,Group,Search Livestream,Live,2020,Chukka 5,International Polo Club,Dutta Corp vs Pilot,,Kevin Fawcett,February 10. 2020,Team,Julian Appleby,C.V. Whitney Cup,Ka'aina DeCoite,Hector Galindo,,Non Call,,,,Crossing,,,,,,,,,,,,,,,
Shot At Goal (14),4612966,35000,Group,Search Livestream,Live,2020,Chukka 5,International Polo Club,Dutta Corp vs Pilot,,Kevin Fawcett,February 10. 2020,Dutta Corp,Julian Appleby,C.V. Whitney Cup,Ka'aina DeCoite,Hector Galindo,Lucaz Diaz Alberdi,,,Attacking 30,105;21,,,,,,,Shot At Goal,Goal,,,,,,,,
Goal Dutta Corp (8),4614066,35000,Group,Search Livestream,Live,2020,Chukka 5,International Polo Club,Dutta Corp vs Pilot,Goal Dutta Corp,Kevin Fawcett,February 10. 2020,Dutta Corp,Julian Appleby,C.V. Whitney Cup,Ka'aina DeCoite,Hector Galindo,Lucaz Diaz Alberdi,,,Attacking 30,71;4,,,,,,,,,,,,,,,,
Throw-in (14),4673700,20000,Group,Search Livestream,Live,2020,Chukka 5,International Polo Club,Dutta Corp vs Pilot,,Kevin Fawcett,February 10. 2020,Dutta Corp,Julian Appleby,C.V. Whitney Cup,Ka'aina DeCoite,Hector Galindo,Facundo Obregon,,,,,,,,,,Throw-in,,,,,,,Dutta Corp win throw-in,,,
Throw-in (11),4010257,20000,Group,Search Livestream,Live,2020,Chukka 5,International Polo Club,Dutta Corp vs Pilot,,Kevin Fawcett,February 10. 2020,Dutta Corp,Julian Appleby,C.V. Whitney Cup,Ka'aina DeCoite,Hector Galindo,Timmy Dutta,,,,,,,,,,Throw-in,,,,,,,Dutta Corp win throw-in,,,
Assist (8),4683966,25000,Group,Search Livestream,Live,2020,Chukka 5,International Polo Club,Dutta Corp vs Pilot,,Kevin Fawcett,February 10. 2020,Dutta Corp,Julian Appleby,C.V. Whitney Cup,Ka'aina DeCoite,Hector Galindo,Facundo Obregon,,,,,,,,,,,,,Unsuccessful,Facundo Obregon,,,,,,
Shot At Goal (15),4665733,35000,Group,Search Livestream,Live,2020,Chukka 5,International Polo Club,Dutta Corp vs Pilot,,Kevin Fawcett,February 10. 2020,Dutta Corp,Julian Appleby,C.V. Whitney Cup,Ka'aina DeCoite,Hector Galindo,Timmy Dutta,,,Attacking 30,116;11,,,,,,,Shot At Goal,Wide,,,,,,,,
Foul (10),4006400,25000,Group,Search Livestream,Live,2020,Chukka 5,International Polo Club,Dutta Corp vs Pilot,,Kevin Fawcett,February 10. 2020,Pilot,Julian Appleby,C.V. Whitney Cup,Ka'aina DeCoite,Hector Galindo,Curtis Pilot,Foul,Penalty 40 yards,Defending Half,124;163,Blocking,119;166,31;126,,,,,,,,,,,,,
Chukka Length (1),4010233,714717,Group,Search Livestream,Live,2020,Chukka 5,International Polo Club,Dutta Corp vs Pilot,,Kevin Fawcett,February 10. 2020,Team,Julian Appleby,C.V. Whitney Cup,Ka'aina DeCoite,Hector Galindo,,,,,,,,,,,,,,,,,,,,,Chukka Length
Foul Received (10),4006400,25000,Group,Search Livestream,Live,2020,Chukka 5,International Polo Club,Dutta Corp vs Pilot,,Kevin Fawcett,February 10. 2020,Dutta Corp,Julian Appleby,C.V. Whitney Cup,Ka'aina DeCoite,Hector Galindo,Timmy Dutta,Foul Received,Penalty 40 yards,Attacking Half,23;127,Blocking,,,,,,,,,,,,,,,
Shot At Goal (17),4983866,35000,Group,Search Livestream,Live,2020,Chukka 6,International Polo Club,Dutta Corp vs Pilot,,Kevin Fawcett,February 10. 2020,Dutta Corp,Julian Appleby,C.V. Whitney Cup,Ka'aina DeCoite,Hector Galindo,Mariano Obregon,,,Attacking 60,135;51,,,,,,,Shot At Goal,Wide,,,,,,,,
Assist (10),5001866,25000,Group,Search Livestream,Live,2020,Chukka 6,International Polo Club,Dutta Corp vs Pilot,,Kevin Fawcett,February 10. 2020,Dutta Corp,Julian Appleby,C.V. Whitney Cup,Ka'aina DeCoite,Hector Galindo,Facundo Obregon,,,,,,,,,,,,,Unsuccessful,Facundo Obregon,,,,,,
Knock In (9),5030333,40000,Group,Search Livestream,Live,2020,Chukka 6,International Polo Club,Dutta Corp vs Pilot,,Kevin Fawcett,February 10. 2020,Pilot,Julian Appleby,C.V. Whitney Cup,Ka'aina DeCoite,Hector Galindo,Facundo Pieres,,,,,,,,,,Knock In,,,,,Gonzalito Pieres,,,,,
Foul (14),5047700,25000,Group,Search Livestream,Live,2020,Chukka 6,International Polo Club,Dutta Corp vs Pilot,,Kevin Fawcett,February 10. 2020,Dutta Corp,Julian Appleby,C.V. Whitney Cup,Ka'aina DeCoite,Hector Galindo,Facundo Obregon,Foul,Penalty 30 yards,Defending 30,53;285,Riding Into Shot,54;239,126;203,,,,,,,,,,,,,
Foul Received (14),5047700,25000,Group,Search Livestream,Live,2020,Chukka 6,International Polo Club,Dutta Corp vs Pilot,,Kevin Fawcett,February 10. 2020,Pilot,Julian Appleby,C.V. Whitney Cup,Ka'aina DeCoite,Hector Galindo,Lucas Escobar,Foul Received,Penalty 30 yards,Attacking 30,94;20,Riding Into Shot,,,,,,,,,,,,,,,
Penalty 30 yards (2),5109239,15000,Group,Search Livestream,Live,2020,Chukka 6,International Polo Club,Dutta Corp vs Pilot,,Kevin Fawcett,February 10. 2020,Pilot,Julian Appleby,C.V. Whitney Cup,Ka'aina DeCoite,Hector Galindo,Facundo Pieres,,,,,,,,Penalty 30 yards,Goal,,,,,,,,,,,
Goal Pilot (8),5091166,35000,Group,Search Livestream,Live,2020,Chukka 6,International Polo Club,Dutta Corp vs Pilot,Goal Pilot,Kevin Fawcett,February 10. 2020,Pilot,Julian Appleby,C.V. Whitney Cup,Ka'aina DeCoite,Hector Galindo,Facundo Pieres,,,,,,,,,,,,,,,,,,,,
Throw-in (15),5149833,20000,Group,Search Livestream,Live,2020,Chukka 6,International Polo Club,Dutta Corp vs Pilot,,Kevin Fawcett,February 10. 2020,Dutta Corp,Julian Appleby,C.V. Whitney Cup,Ka'aina DeCoite,Hector Galindo,Timmy Dutta,,,,,,,,,,Throw-in,,,,,,,Dutta Corp win throw-in,,,
Shot At Goal (18),5156466,35000,Group,Search Livestream,Live,2020,Chukka 6,International Polo Club,Dutta Corp vs Pilot,,Kevin Fawcett,February 10. 2020,Dutta Corp,Julian Appleby,C.V. Whitney Cup,Ka'aina DeCoite,Hector Galindo,Timmy Dutta,,,Attacking 30,82;24,,,,,,,Shot At Goal,Wide,,,,,,,,
Assist (11),5171466,25000,Group,Search Livestream,Live,2020,Chukka 6,International Polo Club,Dutta Corp vs Pilot,,Kevin Fawcett,February 10. 2020,Dutta Corp,Julian Appleby,C.V. Whitney Cup,Ka'aina DeCoite,Hector Galindo,Lucaz Diaz Alberdi,,,,,,,,,,,,,Unsuccessful,Lucaz Diaz Alberdi,,,,,,
Knock In (10),5207700,40000,Group,Search Livestream,Live,2020,Chukka 6,International Polo Club,Dutta Corp vs Pilot,,Kevin Fawcett,February 10. 2020,Pilot,Julian Appleby,C.V. Whitney Cup,Ka'aina DeCoite,Hector Galindo,Gonzalito Pieres,,,,,,,,,,Knock In,,,,,Facundo Pieres,,,,,
Foul (15),5233733,25000,Group,Search Livestream,Live,2020,Chukka 6,International Polo Club,Dutta Corp vs Pilot,,Kevin Fawcett,February 10. 2020,Dutta Corp,Julian Appleby,C.V. Whitney Cup,Ka'aina DeCoite,Hector Galindo,Facundo Obregon,Foul,Penalty 30 yards,Defending 60,116;249,Crossing,10;208,125;190,,,,,,,,,,,,,
Knock In (7),4925100,40000,Group,Search Livestream,Live,2020,Chukka 6,International Polo Club,Dutta Corp vs Pilot,,Kevin Fawcett,February 10. 2020,Pilot,Julian Appleby,C.V. Whitney Cup,Ka'aina DeCoite,Hector Galindo,Facundo Pieres,,,,,,,,,,Knock In,,,,,Gonzalito Pieres,,,,,
Penalty 30 yards (3),5320200,15000,Group,Search Livestream,Live,2020,Chukka 6,International Polo Club,Dutta Corp vs Pilot,,Kevin Fawcett,February 10. 2020,Pilot,Julian Appleby,C.V. Whitney Cup,Ka'aina DeCoite,Hector Galindo,Facundo Pieres,,,,,,,,Penalty 30 yards,Goal,,,,,,,,,,,
Goal Pilot (9),5302333,35000,Group,Search Livestream,Live,2020,Chukka 6,International Polo Club,Dutta Corp vs Pilot,Goal Pilot,Kevin Fawcett,February 10. 2020,Pilot,Julian Appleby,C.V. Whitney Cup,Ka'aina DeCoite,Hector Galindo,Facundo Pieres,,,,,,,,,,,,,,,,,,,,
Throw-in (16),5354700,20000,Group,Search Livestream,Live,2020,Chukka 6,International Polo Club,Dutta Corp vs Pilot,,Kevin Fawcett,February 10. 2020,Dutta Corp,Julian Appleby,C.V. Whitney Cup,Ka'aina DeCoite,Hector Galindo,Timmy Dutta,,,,,,,,,,Throw-in,,,,,,,Dutta Corp win throw-in,,,
Shot At Goal (19),5352833,35000,Group,Search Livestream,Live,2020,Chukka 6,International Polo Club,Dutta Corp vs Pilot,,Kevin Fawcett,February 10. 2020,Pilot,Julian Appleby,C.V. Whitney Cup,Ka'aina DeCoite,Hector Galindo,Curtis Pilot,,,Attacking 30,62;35,,,,,,,Shot At Goal,Miss Hit,,,,,,,,
Foul (16),5373200,25000,Group,Search Livestream,Live,2020,Chukka 6,International Polo Club,Dutta Corp vs Pilot,,Kevin Fawcett,February 10. 2020,Pilot,Julian Appleby,C.V. Whitney Cup,Ka'aina DeCoite,Hector Galindo,Lucas Escobar,Foul,Penalty 5,Attacking 30,58;26,Riding Into Shot,14;90,90;51,,,,,,,,,,,,,
Foul Received (16),5373200,25000,Group,Search Livestream,Live,2020,Chukka 6,International Polo Club,Dutta Corp vs Pilot,,Kevin Fawcett,February 10. 2020,Dutta Corp,Julian Appleby,C.V. Whitney Cup,Ka'aina DeCoite,Hector Galindo,Timmy Dutta,Foul Received,Penalty 5,Defending 30,96;280,Riding Into Shot,,,,,,,,,,,,,,,
Penalty 5 (5),5427333,30000,Group,Search Livestream,Live,2020,Chukka 6,International Polo Club,Dutta Corp vs Pilot,,Kevin Fawcett,February 10. 2020,Dutta Corp,Julian Appleby,C.V. Whitney Cup,Ka'aina DeCoite,Hector Galindo,Facundo Obregon,,,,,,,,,,Penalty 5,,,,,,,,,,
Non Call (3),5492633,20000,Group,Search Livestream,Live,2020,Chukka 6,International Polo Club,Dutta Corp vs Pilot,,Kevin Fawcett,February 10. 2020,Team,Julian Appleby,C.V. Whitney Cup,Ka'aina DeCoite,Hector Galindo,,Non Call,,,,Right of Way,,,,,,,,,,,,,,,
Foul (17),5507666,25000,Group,Search Livestream,Live,2020,Chukka 6,International Polo Club,Dutta Corp vs Pilot,,Kevin Fawcett,February 10. 2020,Dutta Corp,Julian Appleby,C.V. Whitney Cup,Ka'aina DeCoite,Hector Galindo,Lucaz Diaz Alberdi,Foul,Reversed Call,Attacking 30,95;26,Turning,49;68,137;57,,,,,,,,,,,,,
Foul Received (17),5507666,25000,Group,Search Livestream,Live,2020,Chukka 6,International Polo Club,Dutta Corp vs Pilot,,Kevin Fawcett,February 10. 2020,Pilot,Julian Appleby,C.V. Whitney Cup,Ka'aina DeCoite,Hector Galindo,Lucas Escobar,Foul Received,Reversed Call,Defending 30,54;276,Turning,,,,,,,,,,,,,,,
Throw-in (17),5738366,20000,Group,Search Livestream,Live,2020,Chukka 6,International Polo Club,Dutta Corp vs Pilot,,Kevin Fawcett,February 10. 2020,Pilot,Julian Appleby,C.V. Whitney Cup,Ka'aina DeCoite,Hector Galindo,Facundo Pieres,,,,,,,,,,Throw-in,,,,,,,Pilot win throw-in,,,
Shot At Goal (20),5732200,35000,Group,Search Livestream,Live,2020,Chukka 6,International Polo Club,Dutta Corp vs Pilot,,Kevin Fawcett,February 10. 2020,Dutta Corp,Julian Appleby,C.V. Whitney Cup,Ka'aina DeCoite,Hector Galindo,Timmy Dutta,,,Attacking 30,105;21,,,,,,,Shot At Goal,Wide,,,,,,,,
Knock In (11),5775655,40000,Group,Search Livestream,Live,2020,Chukka 6,International Polo Club,Dutta Corp vs Pilot,,Kevin Fawcett,February 10. 2020,Pilot,Julian Appleby,C.V. Whitney Cup,Ka'aina DeCoite,Hector Galindo,Facundo Pieres,,,,,,,,,,Knock In,,,,,Gonzalito Pieres,,,,,
Shot At Goal (16),4941066,35000,Group,Search Livestream,Live,2020,Chukka 6,International Polo Club,Dutta Corp vs Pilot,,Kevin Fawcett,February 10. 2020,Pilot,Julian Appleby,C.V. Whitney Cup,Ka'aina DeCoite,Hector Galindo,Facundo Pieres,,,Attacking 60,16;54,,,,,,,Shot At Goal,Wide,,,,,,,,
Assist (9),4957966,25000,Group,Search Livestream,Live,2020,Chukka 6,International Polo Club,Dutta Corp vs Pilot,,Kevin Fawcett,February 10. 2020,Pilot,Julian Appleby,C.V. Whitney Cup,Ka'aina DeCoite,Hector Galindo,Gonzalito Pieres,,,,,,,,,,,,,Unsuccessful,Gonzalito Pieres,,,,,,
Chukka Length (2),4925866,917366,Group,Search Livestream,Live,2020,Chukka 6,International Polo Club,Dutta Corp vs Pilot,,Kevin Fawcett,February 10. 2020,Team,Julian Appleby,C.V. Whitney Cup,Ka'aina DeCoite,Hector Galindo,,,,,,,,,,,,,,,,,,,,,Chukka Length
Knock In (8),4991100,40000,Group,Search Livestream,Live,2020,Chukka 6,International Polo Club,Dutta Corp vs Pilot,,Kevin Fawcett,February 10. 2020,Dutta Corp,Julian Appleby,C.V. Whitney Cup,Ka'aina DeCoite,Hector Galindo,Facundo Obregon,,,,,,,,,,Knock In,,,,,Mariano Obregon,,,,,
Foul Received (15),5233733,25000,Group,Search Livestream,Live,2020,Chukka 6,International Polo Club,Dutta Corp vs Pilot,,Kevin Fawcett,February 10. 2020,Pilot,Julian Appleby,C.V. Whitney Cup,Ka'aina DeCoite,Hector Galindo,Facundo Pieres,Foul Received,Penalty 30 yards,Attacking 60,39;53,Crossing,,,,,,,,,,,,,,,