Name,Position,Duration,Game,Search Event,Umpire 2,Camera Angle,Club,Umpire 1,Instant Replay Official,Year,Stage,Match Date,Tournament,Third Umpire,Team,Chukka Length,Chukka,Set Play,Throw-in Outcome,Player,Foul,General Field Area,Location,Foul Type,Foul Outcome,Umpire Trailing,Umpire Focal,Penalties,Penalty Outcome,Shot At Goal,Shot At Goal Outcome,Goal,Collision,Knock-in Player 2,Highlight Reel,Assist Outcome,Assist,Penalty Block
Chukka Length,339633,224366,Dutta Corp vs Las Monjitas,Search Livestream,Unknown,Live,International Polo Club,Unknown,Unknown,2020,Group,March 08. 2020,USPA Gold Cup,Unknown,Team,Chukka Length,Chukka 1,,,,,,,,,,,,,,,,,,,,,
Game Length,339633,6857533,Dutta Corp vs Las Monjitas,Search Livestream,Unknown,Live,International Polo Club,Unknown,Unknown,2020,Group,March 08. 2020,USPA Gold Cup,Unknown,Team,Game Length,,,,,,,,,,,,,,,,,,,,,,
Throw-in,339633,20000,Dutta Corp vs Las Monjitas,Search Livestream,Unknown,Live,International Polo Club,Unknown,Unknown,2020,Group,March 08. 2020,USPA Gold Cup,Unknown,Las Monjitas,,Chukka 1,Throw-in,Las Monjitas win throw-in,Francisco Elizalde,,,,,,,,,,,,,,,,,,
Foul,344933,25000,Dutta Corp vs Las Monjitas,Search Livestream,Unknown,Live,International Polo Club,Unknown,Unknown,2020,Group,March 08. 2020,USPA Gold Cup,Unknown,Las Monjitas,,Chukka 1,,,David Stirling,Foul,Defending Half,122;180,Crossing,Penalty 60 yards,116;171,35;131,,,,,,,,,,,
Foul Received,344933,25000,Dutta Corp vs Las Monjitas,Search Livestream,Unknown,Live,International Polo Club,Unknown,Unknown,2020,Group,March 08. 2020,USPA Gold Cup,Unknown,Dutta Corp,,Chukka 1,,,Lucas Diaz Alberdi,Foul Received,Attacking Half,22;115,Crossing,Penalty 60 yards,,,,,,,,,,,,,
Penalty 60 yards,422966,15000,Dutta Corp vs Las Monjitas,Search Livestream,Unknown,Live,International Polo Club,Unknown,Unknown,2020,Group,March 08. 2020,USPA Gold Cup,Unknown,Dutta Corp,,Chukka 1,,,Mariano Obregon,,,,,,,,Penalty 60 yards,Wide,,,,,,,,,
Shot At Goal,442400,35000,Dutta Corp vs Las Monjitas,Search Livestream,Unknown,Live,International Polo Club,Unknown,Unknown,2020,Group,March 08. 2020,USPA Gold Cup,Unknown,Dutta Corp,,Chukka 1,,,Lucas Diaz Alberdi,,Attacking 30,75;26,,,,,,,Shot At Goal,Blocked,,,,,,,
Knock In,445711,40000,Dutta Corp vs Las Monjitas,Search Livestream,Unknown,Live,International Polo Club,Unknown,Unknown,2020,Group,March 08. 2020,USPA Gold Cup,Unknown,Las Monjitas,,Chukka 1,Knock In,,David Stirling,,,,,,,,,,,,,,,,,,
Goal Dutta Corp,455733,35000,Dutta Corp vs Las Monjitas,Search Livestream,Unknown,Live,International Polo Club,Unknown,Unknown,2020,Group,March 08. 2020,USPA Gold Cup,Unknown,Dutta Corp,,Chukka 1,,,Lucas Diaz Alberdi,,Attacking 30,76;6,,,,,,,,,Goal Dutta Corp,,,,,,
Foul (1),462166,25000,Dutta Corp vs Las Monjitas,Search Livestream,Unknown,Live,International Polo Club,Unknown,Unknown,2020,Group,March 08. 2020,USPA Gold Cup,Unknown,Las Monjitas,,Chukka 1,,,David Stirling,Foul,Defending 30,69;288,Right of Way,Penalty 1,76;58,29;244,,,,,,,,,,,
Foul Received (1),462166,25000,Dutta Corp vs Las Monjitas,Search Livestream,Unknown,Live,International Polo Club,Unknown,Unknown,2020,Group,March 08. 2020,USPA Gold Cup,Unknown,Dutta Corp,,Chukka 1,,,Lucas Diaz Alberdi,Foul Received,Attacking 30,76;12,Right of Way,Penalty 1,,,,,,,,,,,,,
Penalty 1,480733,10000,Dutta Corp vs Las Monjitas,Search Livestream,Unknown,Live,International Polo Club,Unknown,Unknown,2020,Group,March 08. 2020,USPA Gold Cup,Unknown,Dutta Corp,,Chukka 1,,,Lucas Diaz Alberdi,,,,,,,,Penalty 1,Goal,,,,,,,,,
Penalty 5b,530100,30000,Dutta Corp vs Las Monjitas,Search Livestream,Unknown,Live,International Polo Club,Unknown,Unknown,2020,Group,March 08. 2020,USPA Gold Cup,Unknown,Dutta Corp,,Chukka 1,Penalty 5b,,Facundo Obregon,,,,,,,,,,,,,,,,,,
Collision,555400,15000,Dutta Corp vs Las Monjitas,Search Livestream,Unknown,Live,International Polo Club,Unknown,Unknown,2020,Group,March 08. 2020,USPA Gold Cup,Unknown,Las Monjitas,,Chukka 1,,,Francisco Elizalde,,,,,,,,,,,,,Collision,,,,,
Injury Time,564100,184466,Dutta Corp vs Las Monjitas,Search Livestream,Unknown,Live,International Polo Club,Unknown,Unknown,2020,Group,March 08. 2020,USPA Gold Cup,Unknown,Team,Injury Time,Chukka 1,,,,,,,,,,,,,,,,,,,,,
Chukka Length (1),751000,609266,Dutta Corp vs Las Monjitas,Search Livestream,Unknown,Live,International Polo Club,Unknown,Unknown,2020,Group,March 08. 2020,USPA Gold Cup,Unknown,Team,Chukka Length,Chukka 1,,,,,,,,,,,,,,,,,,,,,
Throw-in (1),751000,20000,Dutta Corp vs Las Monjitas,Search Livestream,Unknown,Live,International Polo Club,Unknown,Unknown,2020,Group,March 08. 2020,USPA Gold Cup,Unknown,Las Monjitas,,Chukka 1,Throw-in,Las Monjitas win throw-in,Francisco Elizalde,,,,,,,,,,,,,,,,,,
Foul (2),751366,25000,Dutta Corp vs Las Monjitas,Search Livestream,Unknown,Live,International Polo Club,Unknown,Unknown,2020,Group,March 08. 2020,USPA Gold Cup,Unknown,Dutta Corp,,Chukka 1,,,Mariano Obregon,Foul,Attacking Half,62;108,Dangerous Riding,Penalty 60 yards,26;107,94;106,,,,,,,,,,,
Foul Received (2),751366,25000,Dutta Corp vs Las Monjitas,Search Livestream,Unknown,Live,International Polo Club,Unknown,Unknown,2020,Group,March 08. 2020,USPA Gold Cup,Unknown,Las Monjitas,,Chukka 1,,,David Stirling,Foul Received,Defending Half,112;195,Dangerous Riding,Penalty 60 yards,,,,,,,,,,,,,
Penalty 60 yards (1),832061,15000,Dutta Corp vs Las Monjitas,Search Livestream,Unknown,Live,International Polo Club,Unknown,Unknown,2020,Group,March 08. 2020,USPA Gold Cup,Unknown,Las Monjitas,,Chukka 1,,,Francisco Elizalde,,,,,,,,Penalty 60 yards,Wide,,,,,,,,,
Shot At Goal (1),857666,35000,Dutta Corp vs Las Monjitas,Search Livestream,Unknown,Live,International Polo Club,Unknown,Unknown,2020,Group,March 08. 2020,USPA Gold Cup,Unknown,Dutta Corp,,Chukka 1,,,Mariano Obregon,,Attacking 30,80;21,,,,,,,Shot At Goal,Goal,,,,,,,
Knock In (1),859066,40000,Dutta Corp vs Las Monjitas,Search Livestream,Unknown,Live,International Polo Club,Unknown,Unknown,2020,Group,March 08. 2020,USPA Gold Cup,Unknown,Dutta Corp,,Chukka 1,Knock In,,Facundo Obregon,,,,,,,,,,,,,,Mariano Obregon,,,,
Goal Dutta Corp (1),859900,35000,Dutta Corp vs Las Monjitas,Search Livestream,Unknown,Live,International Polo Club,Unknown,Unknown,2020,Group,March 08. 2020,USPA Gold Cup,Unknown,Dutta Corp,,Chukka 1,,,Mariano Obregon,,Attacking 30,76;7,,,,,,,,,Goal Dutta Corp,,,Goals,,,
Throw-in (2),943366,20000,Dutta Corp vs Las Monjitas,Search Livestream,Unknown,Live,International Polo Club,Unknown,Unknown,2020,Group,March 08. 2020,USPA Gold Cup,Unknown,Dutta Corp,,Chukka 1,Throw-in,Dutta Corp win throw-in,Lucas Diaz Alberdi,,,,,,,,,,,,,,,,,,
Foul (3),948433,25000,Dutta Corp vs Las Monjitas,Search Livestream,Unknown,Live,International Polo Club,Unknown,Unknown,2020,Group,March 08. 2020,USPA Gold Cup,Unknown,Dutta Corp,,Chukka 1,,,Mariano Obregon,Foul,Attacking Half,26;76,Dangerous Riding,Penalty 5,72;84,9;122,,,,,,,,,,,
Foul Received (3),948433,25000,Dutta Corp vs Las Monjitas,Search Livestream,Unknown,Live,International Polo Club,Unknown,Unknown,2020,Group,March 08. 2020,USPA Gold Cup,Unknown,Las Monjitas,,Chukka 1,,,David Stirling,Foul Received,Defending Half,128;226,Dangerous Riding,Penalty 5,,,,,,,,,,,,,
Penalty 5,982585,30000,Dutta Corp vs Las Monjitas,Search Livestream,Unknown,Live,International Polo Club,Unknown,Unknown,2020,Group,March 08. 2020,USPA Gold Cup,Unknown,Las Monjitas,,Chukka 1,Penalty 5,,David Stirling,,,,,,,,,,,,,,,,,,
Foul (4),999233,25000,Dutta Corp vs Las Monjitas,Search Livestream,Unknown,Live,International Polo Club,Unknown,Unknown,2020,Group,March 08. 2020,USPA Gold Cup,Unknown,Las Monjitas,,Chukka 1,,,David Stirling,Foul,Defending 60,71;262,Right of Way,Penalty 30 yards,125;217,52;242,,,,,,,,,,,
Foul Received (4),999233,25000,Dutta Corp vs Las Monjitas,Search Livestream,Unknown,Live,International Polo Club,Unknown,Unknown,2020,Group,March 08. 2020,USPA Gold Cup,Unknown,Dutta Corp,,Chukka 1,,,Lucas Diaz Alberdi,Foul Received,Attacking 30,73;30,Right of Way,Penalty 30 yards,,,,,,,,,,,,,
Goal Dutta Corp (2),1041133,35000,Dutta Corp vs Las Monjitas,Search Livestream,Unknown,Live,International Polo Club,Unknown,Unknown,2020,Group,March 08. 2020,USPA Gold Cup,Unknown,Dutta Corp,,Chukka 1,,,Facundo Obregon,,Attacking 30,74;7,,,,,,,,,Goal Dutta Corp,,,,,,
Penalty 30 yards Spot,1063700,10000,Dutta Corp vs Las Monjitas,Search Livestream,Unknown,Live,International Polo Club,Unknown,Unknown,2020,Group,March 08. 2020,USPA Gold Cup,Unknown,Dutta Corp,,Chukka 1,,,Facundo Obregon,,,,,,,,Penalty 30 yards Spot,Goal,,,,,,,,,
Throw-in (3),1092294,20000,Dutta Corp vs Las Monjitas,Search Livestream,Unknown,Live,International Polo Club,Unknown,Unknown,2020,Group,March 08. 2020,USPA Gold Cup,Unknown,Las Monjitas,,Chukka 1,Throw-in,Las Monjitas win throw-in,Mackenzie Weisz,,,,,,,,,,,,,,,,,,
Foul (5),1136666,25000,Dutta Corp vs Las Monjitas,Search Livestream,Unknown,Live,International Polo Club,Unknown,Unknown,2020,Group,March 08. 2020,USPA Gold Cup,Unknown,Las Monjitas,,Chukka 1,,,David Stirling,Foul,Defending 60,46;271,Right of Way,Penalty 30 yards,109;247,32;217,,,,,,,,,,,
Foul Received (5),1136666,25000,Dutta Corp vs Las Monjitas,Search Livestream,Unknown,Live,International Polo Club,Unknown,Unknown,2020,Group,March 08. 2020,USPA Gold Cup,Unknown,Dutta Corp,,Chukka 1,,,Facundo Obregon,Foul Received,Attacking 30,109;27,Right of Way,Penalty 30 yards,,,,,,,,,,,,,
Goal Dutta Corp (3),1184133,35000,Dutta Corp vs Las Monjitas,Search Livestream,Unknown,Live,International Polo Club,Unknown,Unknown,2020,Group,March 08. 2020,USPA Gold Cup,Unknown,Dutta Corp,,Chukka 1,,,Mariano Obregon,,Attacking 30,73;4,,,,,,,,,Goal Dutta Corp,,,,,,
Penalty 30 yards,1203066,15000,Dutta Corp vs Las Monjitas,Search Livestream,Unknown,Live,International Polo Club,Unknown,Unknown,2020,Group,March 08. 2020,USPA Gold Cup,Unknown,Dutta Corp,,Chukka 1,,,Mariano Obregon,,,,,,,,Penalty 30 yards,Goal,,,,,,,,,
Throw-in (4),1236250,20000,Dutta Corp vs Las Monjitas,Search Livestream,Unknown,Live,International Polo Club,Unknown,Unknown,2020,Group,March 08. 2020,USPA Gold Cup,Unknown,Dutta Corp,,Chukka 1,Throw-in,Dutta Corp win throw-in,Lucas Diaz Alberdi,,,,,,,,,,,,,,,,,,
Shot At Goal (2),1247100,35000,Dutta Corp vs Las Monjitas,Search Livestream,Unknown,Live,International Polo Club,Unknown,Unknown,2020,Group,March 08. 2020,USPA Gold Cup,Unknown,Dutta Corp,,Chukka 1,,,Lucas Diaz Alberdi,,Attacking 30,80;21,,,,,,,Shot At Goal,Goal,,,,,,,
Goal Dutta Corp (4),1249700,35000,Dutta Corp vs Las Monjitas,Search Livestream,Unknown,Live,International Polo Club,Unknown,Unknown,2020,Group,March 08. 2020,USPA Gold Cup,Unknown,Dutta Corp,,Chukka 1,,,Lucas Diaz Alberdi,,Attacking 30,71;4,,,,,,,,,Goal Dutta Corp,,,Goals,,,
Assist,1264800,25000,Dutta Corp vs Las Monjitas,Search Livestream,Unknown,Live,International Polo Club,Unknown,Unknown,2020,Group,March 08. 2020,USPA Gold Cup,Unknown,Dutta Corp,,Chukka 1,,,Facundo Obregon,,,,,,,,,,,,,,,,Successful,Facundo Obregon,
Shot At Goal (3),1291366,35000,Dutta Corp vs Las Monjitas,Search Livestream,Unknown,Live,International Polo Club,Unknown,Unknown,2020,Group,March 08. 2020,USPA Gold Cup,Unknown,Dutta Corp,,Chukka 1,,,Timmy Dutta,,Attacking 30,82;13,,,,,,,Shot At Goal,Goal,,,,,,,
Goal Dutta Corp (5),1292133,35000,Dutta Corp vs Las Monjitas,Search Livestream,Unknown,Live,International Polo Club,Unknown,Unknown,2020,Group,March 08. 2020,USPA Gold Cup,Unknown,Dutta Corp,,Chukka 1,,,Timmy Dutta,,Attacking 30,72;7,,,,,,,,,Goal Dutta Corp,,,Goals,,,
Throw-in (5),1302566,20000,Dutta Corp vs Las Monjitas,Search Livestream,Unknown,Live,International Polo Club,Unknown,Unknown,2020,Group,March 08. 2020,USPA Gold Cup,Unknown,Dutta Corp,,Chukka 1,Throw-in,Dutta Corp win throw-in,Lucas Diaz Alberdi,,,,,,,,,,,,,,,,,,
Assist (1),1307466,25000,Dutta Corp vs Las Monjitas,Search Livestream,Unknown,Live,International Polo Club,Unknown,Unknown,2020,Group,March 08. 2020,USPA Gold Cup,Unknown,Dutta Corp,,Chukka 1,,,Lucas Diaz Alberdi,,,,,,,,,,,,,,,,Successful,Lucas Diaz Alberdi,
Chukka Length (2),1560400,681166,Dutta Corp vs Las Monjitas,Search Livestream,Unknown,Live,International Polo Club,Unknown,Unknown,2020,Group,March 08. 2020,USPA Gold Cup,Unknown,Team,Chukka Length,Chukka 2,,,,,,,,,,,,,,,,,,,,,
Throw-in (6),1560400,20000,Dutta Corp vs Las Monjitas,Search Livestream,Unknown,Live,International Polo Club,Unknown,Unknown,2020,Group,March 08. 2020,USPA Gold Cup,Unknown,Las Monjitas,,Chukka 2,Throw-in,Las Monjitas win throw-in,Francisco Elizalde,,,,,,,,,,,,,,,,,,
Non Call,1577666,20000,Dutta Corp vs Las Monjitas,Search Livestream,Unknown,Live,International Polo Club,Unknown,Unknown,2020,Group,March 08. 2020,USPA Gold Cup,Unknown,Team,,Chukka 2,,,,Non Call,,,Right of Way,,,,,,,,,,,,,,
Foul (6),1584200,25000,Dutta Corp vs Las Monjitas,Search Livestream,Unknown,Live,International Polo Club,Unknown,Unknown,2020,Group,March 08. 2020,USPA Gold Cup,Unknown,Dutta Corp,,Chukka 2,,,Facundo Obregon,Foul,Defending 60,100;265,Right of Way,Penalty 30 yards,99;239,25;221,,,,,,,,,,,
Foul Received (6),1584200,25000,Dutta Corp vs Las Monjitas,Search Livestream,Unknown,Live,International Polo Club,Unknown,Unknown,2020,Group,March 08. 2020,USPA Gold Cup,Unknown,Las Monjitas,,Chukka 2,,,David Stirling,Foul Received,Attacking 30,49;29,Right of Way,Penalty 30 yards,,,,,,,,,,,,,
Goal Las Monjitas,1605333,35000,Dutta Corp vs Las Monjitas,Search Livestream,Unknown,Live,International Polo Club,Unknown,Unknown,2020,Group,March 08. 2020,USPA Gold Cup,Unknown,Las Monjitas,,Chukka 2,,,Francisco Elizalde,,Attacking 30,72;3,,,,,,,,,Goal Las Monjitas,,,,,,
Penalty 30 yards (1),1624266,15000,Dutta Corp vs Las Monjitas,Search Livestream,Unknown,Live,International Polo Club,Unknown,Unknown,2020,Group,March 08. 2020,USPA Gold Cup,Unknown,Las Monjitas,,Chukka 2,,,Francisco Elizalde,,,,,,,,Penalty 30 yards,Goal,,,,,,,,,
Foul (7),1667200,25000,Dutta Corp vs Las Monjitas,Search Livestream,Unknown,Live,International Polo Club,Unknown,Unknown,2020,Group,March 08. 2020,USPA Gold Cup,Unknown,Las Monjitas,,Chukka 2,,,Mackenzie Weisz,Foul,Defending Half,56;162,Riding Into Shot,Penalty 60 yards,114;171,27;143,,,,,,,,,,,
Foul Received (7),1667200,25000,Dutta Corp vs Las Monjitas,Search Livestream,Unknown,Live,International Polo Club,Unknown,Unknown,2020,Group,March 08. 2020,USPA Gold Cup,Unknown,Dutta Corp,,Chukka 2,,,Mariano Obregon,Foul Received,Attacking Half,82;136,Riding Into Shot,Penalty 60 yards,,,,,,,,,,,,,
Throw-in (7),1667633,20000,Dutta Corp vs Las Monjitas,Search Livestream,Unknown,Live,International Polo Club,Unknown,Unknown,2020,Group,March 08. 2020,USPA Gold Cup,Unknown,Dutta Corp,,Chukka 2,Throw-in,Dutta Corp win throw-in,Mariano Obregon,,,,,,,,,,,,,,,,,,
Penalty 60 yards (2),1738050,15000,Dutta Corp vs Las Monjitas,Search Livestream,Unknown,Live,International Polo Club,Unknown,Unknown,2020,Group,March 08. 2020,USPA Gold Cup,Unknown,Dutta Corp,,Chukka 2,,,Mariano Obregon,,,,,,,,Penalty 60 yards,Blocked,,,,,,,,,
Penalty Block,1744266,10000,Dutta Corp vs Las Monjitas,Search Livestream,Unknown,Live,International Polo Club,Unknown,Unknown,2020,Group,March 08. 2020,USPA Gold Cup,Unknown,Las Monjitas,,Chukka 2,,,Mackenzie Weisz,,,,,,,,,,,,,,,,,,Penalty Block
Goal Dutta Corp (6),1770966,35000,Dutta Corp vs Las Monjitas,Search Livestream,Unknown,Live,International Polo Club,Unknown,Unknown,2020,Group,March 08. 2020,USPA Gold Cup,Unknown,Dutta Corp,,Chukka 2,,,Mariano Obregon,,Attacking 30,76;3,,,,,,,,,Goal Dutta Corp,,,,,,
Safety 60,1789091,15000,Dutta Corp vs Las Monjitas,Search Livestream,Unknown,Live,International Polo Club,Unknown,Unknown,2020,Group,March 08. 2020,USPA Gold Cup,Unknown,Dutta Corp,,Chukka 2,,,Mariano Obregon,,,,,,,,Safety 60,Goal,,,,,,,,,
Throw-in (8),1820966,20000,Dutta Corp vs Las Monjitas,Search Livestream,Unknown,Live,International Polo Club,Unknown,Unknown,2020,Group,March 08. 2020,USPA Gold Cup,Unknown,Dutta Corp,,Chukka 2,Throw-in,Dutta Corp win throw-in,Lucas Diaz Alberdi,,,,,,,,,,,,,,,,,,
Foul (8),1874200,25000,Dutta Corp vs Las Monjitas,Search Livestream,Unknown,Live,International Polo Club,Unknown,Unknown,2020,Group,March 08. 2020,USPA Gold Cup,Unknown,Las Monjitas,,Chukka 2,,,Camilo Bautista,Foul,Attacking 60,72;58,Crossing,Penalty 5,123;95,51;90,,,,,,,,,,,
Foul Received (8),1874200,25000,Dutta Corp vs Las Monjitas,Search Livestream,Unknown,Live,International Polo Club,Unknown,Unknown,2020,Group,March 08. 2020,USPA Gold Cup,Unknown,Dutta Corp,,Chukka 2,,,Facundo Obregon,Foul Received,Defending 60,79;242,Crossing,Penalty 5,,,,,,,,,,,,,
Penalty 5 (1),1903033,30000,Dutta Corp vs Las Monjitas,Search Livestream,Unknown,Live,International Polo Club,Unknown,Unknown,2020,Group,March 08. 2020,USPA Gold Cup,Unknown,Dutta Corp,,Chukka 2,Penalty 5,,Facundo Obregon,,,,,,,,,,,,,,,,,,
Foul (9),1920900,25000,Dutta Corp vs Las Monjitas,Search Livestream,Unknown,Live,International Polo Club,Unknown,Unknown,2020,Group,March 08. 2020,USPA Gold Cup,Unknown,Dutta Corp,,Chukka 2,,,Timmy Dutta,Foul,Attacking 30,124;21,Dangerous Riding,Penalty 5,140;31,35;54,,,,,,,,,,,
Foul Received (9),1920900,25000,Dutta Corp vs Las Monjitas,Search Livestream,Unknown,Live,International Polo Club,Unknown,Unknown,2020,Group,March 08. 2020,USPA Gold Cup,Unknown,Las Monjitas,,Chukka 2,,,David Stirling,Foul Received,Defending 30,17;274,Dangerous Riding,Penalty 5,,,,,,,,,,,,,
Shot At Goal (4),1943466,35000,Dutta Corp vs Las Monjitas,Search Livestream,Unknown,Live,International Polo Club,Unknown,Unknown,2020,Group,March 08. 2020,USPA Gold Cup,Unknown,Dutta Corp,,Chukka 2,,,Mariano Obregon,,Attacking 30,73;20,,,,,,,Shot At Goal,Goal,,,,,,,
Goal Dutta Corp (7),1944933,35000,Dutta Corp vs Las Monjitas,Search Livestream,Unknown,Live,International Polo Club,Unknown,Unknown,2020,Group,March 08. 2020,USPA Gold Cup,Unknown,Dutta Corp,,Chukka 2,,,Mariano Obregon,,Attacking 30,78;6,,,,,,,,,Goal Dutta Corp,,,,,,
Penalty 5 (2),1956266,30000,Dutta Corp vs Las Monjitas,Search Livestream,Unknown,Live,International Polo Club,Unknown,Unknown,2020,Group,March 08. 2020,USPA Gold Cup,Unknown,Las Monjitas,,Chukka 2,Penalty 5,,David Stirling,,,,,,,,,,,,,,,,,,
Shot At Goal (5),1990700,35000,Dutta Corp vs Las Monjitas,Search Livestream,Unknown,Live,International Polo Club,Unknown,Unknown,2020,Group,March 08. 2020,USPA Gold Cup,Unknown,Dutta Corp,,Chukka 2,,,Timmy Dutta,,Attacking 30,87;22,,,,,,,Shot At Goal,Goal,,,,,,,
Goal Dutta Corp (8),1993000,35000,Dutta Corp vs Las Monjitas,Search Livestream,Unknown,Live,International Polo Club,Unknown,Unknown,2020,Group,March 08. 2020,USPA Gold Cup,Unknown,Dutta Corp,,Chukka 2,,,Timmy Dutta,,Attacking 30,75;6,,,,,,,,,Goal Dutta Corp,,,Goals,,,
Throw-in (9),2001566,20000,Dutta Corp vs Las Monjitas,Search Livestream,Unknown,Live,International Polo Club,Unknown,Unknown,2020,Group,March 08. 2020,USPA Gold Cup,Unknown,Las Monjitas,,Chukka 2,Throw-in,Las Monjitas win throw-in,Francisco Elizalde,,,,,,,,,,,,,,,,,,
Shot At Goal (6),2096733,35000,Dutta Corp vs Las Monjitas,Search Livestream,Unknown,Live,International Polo Club,Unknown,Unknown,2020,Group,March 08. 2020,USPA Gold Cup,Unknown,Las Monjitas,,Chukka 2,,,Francisco Elizalde,,Attacking 60,103;39,,,,,,,Shot At Goal,Wide,,,,,,,
Throw-in (10),2110166,20000,Dutta Corp vs Las Monjitas,Search Livestream,Unknown,Live,International Polo Club,Unknown,Unknown,2020,Group,March 08. 2020,USPA Gold Cup,Unknown,Las Monjitas,,Chukka 2,Throw-in,Las Monjitas win throw-in,David Stirling,,,,,,,,,,,,,,,,,,
Assist (2),2117066,25000,Dutta Corp vs Las Monjitas,Search Livestream,Unknown,Live,International Polo Club,Unknown,Unknown,2020,Group,March 08. 2020,USPA Gold Cup,Unknown,Las Monjitas,,Chukka 2,,,David Stirling,,,,,,,,,,,,,,,,Unsuccessful,David Stirling,
Knock In (2),2146100,40000,Dutta Corp vs Las Monjitas,Search Livestream,Unknown,Live,International Polo Club,Unknown,Unknown,2020,Group,March 08. 2020,USPA Gold Cup,Unknown,Dutta Corp,,Chukka 2,Knock In,,Facundo Obregon,,,,,,,,,,,,,,Mariano Obregon,,,,
Shot At Goal (7),2193066,35000,Dutta Corp vs Las Monjitas,Search Livestream,Unknown,Live,International Polo Club,Unknown,Unknown,2020,Group,March 08. 2020,USPA Gold Cup,Unknown,Dutta Corp,,Chukka 2,,,Mariano Obregon,,Attacking 30,62;26,,,,,,,Shot At Goal,Goal,,,,,,,
Knock In (3),2193966,40000,Dutta Corp vs Las Monjitas,Search Livestream,Unknown,Live,International Polo Club,Unknown,Unknown,2020,Group,March 08. 2020,USPA Gold Cup,Unknown,Dutta Corp,,Chukka 2,Knock In,,Facundo Obregon,,,,,,,,,,,,,,Mariano Obregon,,,,
Goal Dutta Corp (9),2195700,35000,Dutta Corp vs Las Monjitas,Search Livestream,Unknown,Live,International Polo Club,Unknown,Unknown,2020,Group,March 08. 2020,USPA Gold Cup,Unknown,Dutta Corp,,Chukka 2,,,Mariano Obregon,,Attacking 30,80;4,,,,,,,,,Goal Dutta Corp,,,,,,
Assist (3),2214333,25000,Dutta Corp vs Las Monjitas,Search Livestream,Unknown,Live,International Polo Club,Unknown,Unknown,2020,Group,March 08. 2020,USPA Gold Cup,Unknown,Dutta Corp,,Chukka 2,,,Lucas Diaz Alberdi,,,,,,,,,,,,,,,,Successful,Lucas Diaz Alberdi,
Collision (1),2219633,15000,Dutta Corp vs Las Monjitas,Search Livestream,Unknown,Live,International Polo Club,Unknown,Unknown,2020,Group,March 08. 2020,USPA Gold Cup,Unknown,Las Monjitas,,Chukka 2,,,Mackenzie Weisz,,,,,,,,,,,,,Collision,,,,,
Injury Time (1),2241576,745367,Dutta Corp vs Las Monjitas,Search Livestream,Unknown,Live,International Polo Club,Unknown,Unknown,2020,Group,March 08. 2020,USPA Gold Cup,Unknown,Team,Injury Time,Chukka 2,,,,,,,,,,,,,,,,,,,,,
Chukka Length (3),2984633,102566,Dutta Corp vs Las Monjitas,Search Livestream,Unknown,Live,International Polo Club,Unknown,Unknown,2020,Group,March 08. 2020,USPA Gold Cup,Unknown,Team,Chukka Length,Chukka 2,,,,,,,,,,,,,,,,,,,,,
Throw-in (11),2984633,20000,Dutta Corp vs Las Monjitas,Search Livestream,Unknown,Live,International Polo Club,Unknown,Unknown,2020,Group,March 08. 2020,USPA Gold Cup,Unknown,Dutta Corp,,Chukka 2,Throw-in,Dutta Corp win throw-in,Mariano Obregon,,,,,,,,,,,,,,,,,,
Shot At Goal (8),3266800,35000,Dutta Corp vs Las Monjitas,Search Livestream,Unknown,Live,International Polo Club,Unknown,Unknown,2020,Group,March 08. 2020,USPA Gold Cup,Unknown,Dutta Corp,,Chukka 3,,,Timmy Dutta,,Attacking 30,87;24,,,,,,,Shot At Goal,Goal,,,,,,,
Goal Dutta Corp (10),3268100,35000,Dutta Corp vs Las Monjitas,Search Livestream,Unknown,Live,International Polo Club,Unknown,Unknown,2020,Group,March 08. 2020,USPA Gold Cup,Unknown,Dutta Corp,,Chukka 3,,,Timmy Dutta,,Attacking 30,75;6,,,,,,,,,Goal Dutta Corp,,,,,,
Chukka Length (4),3281833,682166,Dutta Corp vs Las Monjitas,Search Livestream,Unknown,Live,International Polo Club,Unknown,Unknown,2020,Group,March 08. 2020,USPA Gold Cup,Unknown,Team,Chukka Length,Chukka 3,,,,,,,,,,,,,,,,,,,,,
Throw-in (12),3281833,20000,Dutta Corp vs Las Monjitas,Search Livestream,Unknown,Live,International Polo Club,Unknown,Unknown,2020,Group,March 08. 2020,USPA Gold Cup,Unknown,Dutta Corp,,Chukka 3,Throw-in,Dutta Corp win throw-in,Mariano Obregon,,,,,,,,,,,,,,,,,,
Assist (4),3284666,25000,Dutta Corp vs Las Monjitas,Search Livestream,Unknown,Live,International Polo Club,Unknown,Unknown,2020,Group,March 08. 2020,USPA Gold Cup,Unknown,Dutta Corp,,Chukka 3,,,Mariano Obregon,,,,,,,,,,,,,,,,Successful,Mariano Obregon,
Throw-in (13),3339633,20000,Dutta Corp vs Las Monjitas,Search Livestream,Unknown,Live,International Polo Club,Unknown,Unknown,2020,Group,March 08. 2020,USPA Gold Cup,Unknown,Dutta Corp,,Chukka 3,Throw-in,Dutta Corp win throw-in,Timmy Dutta,,,,,,,,,,,,,,,,,,
Foul (10),3355333,25000,Dutta Corp vs Las Monjitas,Search Livestream,Unknown,Live,International Polo Club,Unknown,Unknown,2020,Group,March 08. 2020,USPA Gold Cup,Unknown,Las Monjitas,,Chukka 3,,,David Stirling,Foul,Defending 60,25;238,Right of Way,Penalty 40 yards,75;213,136;211,,,,,,,,,,,
Foul Received (10),3355333,25000,Dutta Corp vs Las Monjitas,Search Livestream,Unknown,Live,International Polo Club,Unknown,Unknown,2020,Group,March 08. 2020,USPA Gold Cup,Unknown,Dutta Corp,,Chukka 3,,,Mariano Obregon,Foul Received,Attacking 60,123;57,Right of Way,Penalty 40 yards,,,,,,,,,,,,,
Goal Dutta Corp (11),3416933,35000,Dutta Corp vs Las Monjitas,Search Livestream,Unknown,Live,International Polo Club,Unknown,Unknown,2020,Group,March 08. 2020,USPA Gold Cup,Unknown,Dutta Corp,,Chukka 3,,,Mariano Obregon,,Attacking 30,76;3,,,,,,,,,Goal Dutta Corp,,,,,,
Penalty 40 yards,3435400,15000,Dutta Corp vs Las Monjitas,Search Livestream,Unknown,Live,International Polo Club,Unknown,Unknown,2020,Group,March 08. 2020,USPA Gold Cup,Unknown,Dutta Corp,,Chukka 3,,,Mariano Obregon,,,,,,,,Penalty 40 yards,Goal,,,,,,,,,
Throw-in (14),3472933,20000,Dutta Corp vs Las Monjitas,Search Livestream,Unknown,Live,International Polo Club,Unknown,Unknown,2020,Group,March 08. 2020,USPA Gold Cup,Unknown,Dutta Corp,,Chukka 3,Throw-in,Dutta Corp win throw-in,Lucas Diaz Alberdi,,,,,,,,,,,,,,,,,,
Shot At Goal (9),3503766,35000,Dutta Corp vs Las Monjitas,Search Livestream,Unknown,Live,International Polo Club,Unknown,Unknown,2020,Group,March 08. 2020,USPA Gold Cup,Unknown,Dutta Corp,,Chukka 3,,,Lucas Diaz Alberdi,,Attacking 30,82;16,,,,,,,Shot At Goal,Goal,,,,,,,
Goal Dutta Corp (12),3504866,35000,Dutta Corp vs Las Monjitas,Search Livestream,Unknown,Live,International Polo Club,Unknown,Unknown,2020,Group,March 08. 2020,USPA Gold Cup,Unknown,Dutta Corp,,Chukka 3,,,Lucas Diaz Alberdi,,Attacking 30,78;6,,,,,,,,,Goal Dutta Corp,,,Goals,,,
Assist (5),3521300,25000,Dutta Corp vs Las Monjitas,Search Livestream,Unknown,Live,International Polo Club,Unknown,Unknown,2020,Group,March 08. 2020,USPA Gold Cup,Unknown,Dutta Corp,,Chukka 3,,,Mariano Obregon,,,,,,,,,,,,,,,,Successful,Mariano Obregon,
Throw-in (15),3560533,20000,Dutta Corp vs Las Monjitas,Search Livestream,Unknown,Live,International Polo Club,Unknown,Unknown,2020,Group,March 08. 2020,USPA Gold Cup,Unknown,Dutta Corp,,Chukka 3,Throw-in,Dutta Corp win throw-in,Facundo Obregon,,,,,,,,,,,,,,,,,,
Shot At Goal (10),3571600,35000,Dutta Corp vs Las Monjitas,Search Livestream,Unknown,Live,International Polo Club,Unknown,Unknown,2020,Group,March 08. 2020,USPA Gold Cup,Unknown,Las Monjitas,,Chukka 3,,,David Stirling,,Attacking 30,78;27,,,,,,,Shot At Goal,Wide,,,,,,,
Knock In (4),3611900,40000,Dutta Corp vs Las Monjitas,Search Livestream,Unknown,Live,International Polo Club,Unknown,Unknown,2020,Group,March 08. 2020,USPA Gold Cup,Unknown,Dutta Corp,,Chukka 3,Knock In,,Facundo Obregon,,,,,,,,,,,,,,,,,,
Non Call (1),3619266,20000,Dutta Corp vs Las Monjitas,Search Livestream,Unknown,Live,International Polo Club,Unknown,Unknown,2020,Group,March 08. 2020,USPA Gold Cup,Unknown,Team,,Chukka 3,,,,Non Call,,,Blocking,,,,,,,,,,,,,,
Foul (11),3633600,25000,Dutta Corp vs Las Monjitas,Search Livestream,Unknown,Live,International Polo Club,Unknown,Unknown,2020,Group,March 08. 2020,USPA Gold Cup,Unknown,Dutta Corp,,Chukka 3,,,Facundo Obregon,Foul,Attacking Half,144;95,Riding Into Shot,Penalty 5,124;149,22;112,,,,,,,,,,,
Foul Received (11),3633600,25000,Dutta Corp vs Las Monjitas,Search Livestream,Unknown,Live,International Polo Club,Unknown,Unknown,2020,Group,March 08. 2020,USPA Gold Cup,Unknown,Las Monjitas,,Chukka 3,,,Francisco Elizalde,Foul Received,Defending Half,10;211,Riding Into Shot,Penalty 5,,,,,,,,,,,,,
Penalty 5 (3),3678700,30000,Dutta Corp vs Las Monjitas,Search Livestream,Unknown,Live,International Polo Club,Unknown,Unknown,2020,Group,March 08. 2020,USPA Gold Cup,Unknown,Las Monjitas,,Chukka 3,Penalty 5,,Francisco Elizalde,,,,,,,,,,,,,,,,,,
Foul (12),3714033,25000,Dutta Corp vs Las Monjitas,Search Livestream,Unknown,Live,International Polo Club,Unknown,Unknown,2020,Group,March 08. 2020,USPA Gold Cup,Unknown,Dutta Corp,,Chukka 3,,,Lucas Diaz Alberdi,Foul,Defending 30,93;285,Reaching,Penalty 30 yards,122;244,30;230,,,,,,,,,,,
Foul Received (12),3714033,25000,Dutta Corp vs Las Monjitas,Search Livestream,Unknown,Live,International Polo Club,Unknown,Unknown,2020,Group,March 08. 2020,USPA Gold Cup,Unknown,Las Monjitas,,Chukka 3,,,David Stirling,Foul Received,Attacking 30,58;20,Reaching,Penalty 30 yards,,,,,,,,,,,,,
Goal Las Monjitas (1),3732366,35000,Dutta Corp vs Las Monjitas,Search Livestream,Unknown,Live,International Polo Club,Unknown,Unknown,2020,Group,March 08. 2020,USPA Gold Cup,Unknown,Las Monjitas,,Chukka 3,,,David Stirling,,Attacking 30,78;7,,,,,,,,,Goal Las Monjitas,,,,,,
Penalty 30 yards Spot (1),3755650,10000,Dutta Corp vs Las Monjitas,Search Livestream,Unknown,Live,International Polo Club,Unknown,Unknown,2020,Group,March 08. 2020,USPA Gold Cup,Unknown,Las Monjitas,,Chukka 3,,,David Stirling,,,,,,,,Penalty 30 yards Spot,Goal,,,,,,,,,
Throw-in (16),3789600,20000,Dutta Corp vs Las Monjitas,Search Livestream,Unknown,Live,International Polo Club,Unknown,Unknown,2020,Group,March 08. 2020,USPA Gold Cup,Unknown,Dutta Corp,,Chukka 3,Throw-in,Dutta Corp win throw-in,Mariano Obregon,,,,,,,,,,,,,,,,,,
Foul (13),3824633,25000,Dutta Corp vs Las Monjitas,Search Livestream,Unknown,Live,International Polo Club,Unknown,Unknown,2020,Group,March 08. 2020,USPA Gold Cup,Unknown,Dutta Corp,,Chukka 3,,,Facundo Obregon,Foul,Defending Half,28;180,Dangerous Riding,Penalty 5,117;174,19;172,,,,,,,,,,,
Foul Received (13),3824633,25000,Dutta Corp vs Las Monjitas,Search Livestream,Unknown,Live,International Polo Club,Unknown,Unknown,2020,Group,March 08. 2020,USPA Gold Cup,Unknown,Las Monjitas,,Chukka 3,,,David Stirling,Foul Received,Attacking Half,120;115,Dangerous Riding,Penalty 5,,,,,,,,,,,,,
Penalty 5 (4),3856766,30000,Dutta Corp vs Las Monjitas,Search Livestream,Unknown,Live,International Polo Club,Unknown,Unknown,2020,Group,March 08. 2020,USPA Gold Cup,Unknown,Las Monjitas,,Chukka 3,Penalty 5,,David Stirling,,,,,,,,,,,,,,,,,,
Foul (14),3868533,25000,Dutta Corp vs Las Monjitas,Search Livestream,Unknown,Live,International Polo Club,Unknown,Unknown,2020,Group,March 08. 2020,USPA Gold Cup,Unknown,Dutta Corp,,Chukka 3,,,Facundo Obregon,Foul,Defending 30,39;274,Right of Way,Penalty 30 yards,129;236,33;265,,,,,,,,,,,
Foul Received (14),3868533,25000,Dutta Corp vs Las Monjitas,Search Livestream,Unknown,Live,International Polo Club,Unknown,Unknown,2020,Group,March 08. 2020,USPA Gold Cup,Unknown,Las Monjitas,,Chukka 3,,,David Stirling,Foul Received,Attacking 30,116;24,Right of Way,Penalty 30 yards,,,,,,,,,,,,,
Goal Las Monjitas (2),3903633,35000,Dutta Corp vs Las Monjitas,Search Livestream,Unknown,Live,International Polo Club,Unknown,Unknown,2020,Group,March 08. 2020,USPA Gold Cup,Unknown,Las Monjitas,,Chukka 3,,,Francisco Elizalde,,Attacking 30,74;6,,,,,,,,,Goal Las Monjitas,,,,,,
Penalty 30 yards (2),3922233,15000,Dutta Corp vs Las Monjitas,Search Livestream,Unknown,Live,International Polo Club,Unknown,Unknown,2020,Group,March 08. 2020,USPA Gold Cup,Unknown,Las Monjitas,,Chukka 3,,,Francisco Elizalde,,,,,,,,Penalty 30 yards,Goal,,,,,,,,,
Chukka Length (5),4483933,967554,Dutta Corp vs Las Monjitas,Search Livestream,Unknown,Live,International Polo Club,Unknown,Unknown,2020,Group,March 08. 2020,USPA Gold Cup,Unknown,Team,Chukka Length,Chukka 4,,,,,,,,,,,,,,,,,,,,,
Throw-in (17),4483933,20000,Dutta Corp vs Las Monjitas,Search Livestream,Unknown,Live,International Polo Club,Unknown,Unknown,2020,Group,March 08. 2020,USPA Gold Cup,Unknown,Las Monjitas,,Chukka 4,Throw-in,Las Monjitas win throw-in,Francisco Elizalde,,,,,,,,,,,,,,,,,,
Foul (15),4538733,25000,Dutta Corp vs Las Monjitas,Search Livestream,Unknown,Live,International Polo Club,Unknown,Unknown,2020,Group,March 08. 2020,USPA Gold Cup,Unknown,Dutta Corp,,Chukka 4,,,Facundo Obregon,Foul,Defending 60,55;251,Right of Way,Penalty 30 yards,135;242,68;202,,,,,,,,,,,
Foul Received (15),4538733,25000,Dutta Corp vs Las Monjitas,Search Livestream,Unknown,Live,International Polo Club,Unknown,Unknown,2020,Group,March 08. 2020,USPA Gold Cup,Unknown,Las Monjitas,,Chukka 4,,,David Stirling,Foul Received,Attacking 60,98;49,Right of Way,Penalty 30 yards,,,,,,,,,,,,,
Goal Las Monjitas (3),4573666,35000,Dutta Corp vs Las Monjitas,Search Livestream,Unknown,Live,International Polo Club,Unknown,Unknown,2020,Group,March 08. 2020,USPA Gold Cup,Unknown,Las Monjitas,,Chukka 4,,,Francisco Elizalde,,Attacking 30,76;3,,,,,,,,,Goal Las Monjitas,,,,,,
Penalty 30 yards (3),4592583,15000,Dutta Corp vs Las Monjitas,Search Livestream,Unknown,Live,International Polo Club,Unknown,Unknown,2020,Group,March 08. 2020,USPA Gold Cup,Unknown,Las Monjitas,,Chukka 4,,,Francisco Elizalde,,,,,,,,Penalty 30 yards,Goal,,,,,,,,,
Throw-in (18),4628500,20000,Dutta Corp vs Las Monjitas,Search Livestream,Unknown,Live,International Polo Club,Unknown,Unknown,2020,Group,March 08. 2020,USPA Gold Cup,Unknown,Las Monjitas,,Chukka 4,Throw-in,Las Monjitas win throw-in,David Stirling,,,,,,,,,,,,,,,,,,
Foul (16),4635300,25000,Dutta Corp vs Las Monjitas,Search Livestream,Unknown,Live,International Polo Club,Unknown,Unknown,2020,Group,March 08. 2020,USPA Gold Cup,Unknown,Dutta Corp,,Chukka 4,,,Timmy Dutta,Foul,Attacking Half,26;86,Improper Procedure,Penalty 5,115;108,25;121,,,,,,,,,,,
Penalty 5 (5),4682083,30000,Dutta Corp vs Las Monjitas,Search Livestream,Unknown,Live,International Polo Club,Unknown,Unknown,2020,Group,March 08. 2020,USPA Gold Cup,Unknown,Las Monjitas,,Chukka 4,Penalty 5,,David Stirling,,,,,,,,,,,,,,,,,,
Foul (17),4686733,25000,Dutta Corp vs Las Monjitas,Search Livestream,Unknown,Live,International Polo Club,Unknown,Unknown,2020,Group,March 08. 2020,USPA Gold Cup,Unknown,Las Monjitas,,Chukka 4,,,Francisco Elizalde,Foul,Defending Half,30;170,Right of Way,Penalty 5,119;185,21;202,,,,,,,,,,,
Foul Received (16),4686733,25000,Dutta Corp vs Las Monjitas,Search Livestream,Unknown,Live,International Polo Club,Unknown,Unknown,2020,Group,March 08. 2020,USPA Gold Cup,Unknown,Dutta Corp,,Chukka 4,,,Facundo Obregon,Foul Received,Attacking Half,116;131,Right of Way,Penalty 5,,,,,,,,,,,,,
Shot At Goal (11),4729700,35000,Dutta Corp vs Las Monjitas,Search Livestream,Unknown,Live,International Polo Club,Unknown,Unknown,2020,Group,March 08. 2020,USPA Gold Cup,Unknown,Dutta Corp,,Chukka 4,,,Mariano Obregon,,Attacking 60,87;54,,,,,,,Shot At Goal,Goal,,,,,,,
Goal Dutta Corp (13),4732666,35000,Dutta Corp vs Las Monjitas,Search Livestream,Unknown,Live,International Polo Club,Unknown,Unknown,2020,Group,March 08. 2020,USPA Gold Cup,Unknown,Dutta Corp,,Chukka 4,,,Mariano Obregon,,Attacking 30,76;7,,,,,,,,,Goal Dutta Corp,,,,,,
Penalty 5 (6),4733366,30000,Dutta Corp vs Las Monjitas,Search Livestream,Unknown,Live,International Polo Club,Unknown,Unknown,2020,Group,March 08. 2020,USPA Gold Cup,Unknown,Dutta Corp,,Chukka 4,Penalty 5,,Facundo Obregon,,,,,,,,,,,,,,,,,,
Throw-in (19),4785566,20000,Dutta Corp vs Las Monjitas,Search Livestream,Unknown,Live,International Polo Club,Unknown,Unknown,2020,Group,March 08. 2020,USPA Gold Cup,Unknown,Dutta Corp,,Chukka 4,Throw-in,Dutta Corp win throw-in,Facundo Obregon,,Defending 30,96;288,,,,,,,,,,,,,,,
Foul (18),4801300,25000,Dutta Corp vs Las Monjitas,Search Livestream,Unknown,Live,International Polo Club,Unknown,Unknown,2020,Group,March 08. 2020,USPA Gold Cup,Unknown,Las Monjitas,,Chukka 4,,,Bautista Panelo,Foul,Defending 30,96;285,Blocking,Penalty 30 yards,119;236,29;281,,,,,,,,,,,
Foul Received (17),4801300,25000,Dutta Corp vs Las Monjitas,Search Livestream,Unknown,Live,International Polo Club,Unknown,Unknown,2020,Group,March 08. 2020,USPA Gold Cup,Unknown,Dutta Corp,,Chukka 4,,,Mariano Obregon,Foul Received,Attacking 30,51;13,Blocking,Penalty 30 yards,,,,,,,,,,,,,
Goal Dutta Corp (14),4857933,35000,Dutta Corp vs Las Monjitas,Search Livestream,Unknown,Live,International Polo Club,Unknown,Unknown,2020,Group,March 08. 2020,USPA Gold Cup,Unknown,Dutta Corp,,Chukka 4,,,Facundo Obregon,,Attacking 30,75;7,,,,,,,,,Goal Dutta Corp,,,,,,
Penalty 30 yards (4),4875933,15000,Dutta Corp vs Las Monjitas,Search Livestream,Unknown,Live,International Polo Club,Unknown,Unknown,2020,Group,March 08. 2020,USPA Gold Cup,Unknown,Dutta Corp,,Chukka 4,,,Facundo Obregon,,,,,,,,Penalty 30 yards,Goal,,,,,,,,,
Throw-in (20),4909166,20000,Dutta Corp vs Las Monjitas,Search Livestream,Unknown,Live,International Polo Club,Unknown,Unknown,2020,Group,March 08. 2020,USPA Gold Cup,Unknown,Las Monjitas,,Chukka 4,Throw-in,Las Monjitas win throw-in,David Stirling,,,,,,,,,,,,,,,,,,
Non Call (2),4925491,20000,Dutta Corp vs Las Monjitas,Search Livestream,Unknown,Live,International Polo Club,Unknown,Unknown,2020,Group,March 08. 2020,USPA Gold Cup,Unknown,Team,,Chukka 4,,,,Non Call,,,Right of Way,,,,,,,,,,,,,,
Foul (19),4929066,25000,Dutta Corp vs Las Monjitas,Search Livestream,Unknown,Live,International Polo Club,Unknown,Unknown,2020,Group,March 08. 2020,USPA Gold Cup,Unknown,Dutta Corp,,Chukka 4,,,Mariano Obregon,Foul,Attacking Half,18;90,Dangerous Riding,Penalty 5B,132;104,21;125,,,,,,,,,,,
Foul Received (18),4929066,25000,Dutta Corp vs Las Monjitas,Search Livestream,Unknown,Live,International Polo Club,Unknown,Unknown,2020,Group,March 08. 2020,USPA Gold Cup,Unknown,Las Monjitas,,Chukka 4,,,Francisco Elizalde,Foul Received,Defending Half,119;212,Dangerous Riding,Penalty 5B,,,,,,,,,,,,,
Penalty 5b (1),5041866,30000,Dutta Corp vs Las Monjitas,Search Livestream,Unknown,Live,International Polo Club,Unknown,Unknown,2020,Group,March 08. 2020,USPA Gold Cup,Unknown,Las Monjitas,,Chukka 4,Penalty 5b,,David Stirling,,,,,,,,,,,,,,,,,,
Foul (20),5132966,25000,Dutta Corp vs Las Monjitas,Search Livestream,Unknown,Live,International Polo Club,Unknown,Unknown,2020,Group,March 08. 2020,USPA Gold Cup,Unknown,Dutta Corp,,Chukka 4,,,Facundo Obregon,Foul,Defending 60,22;240,Crossing,Penalty 30 yards,124;121,17;113,,,,,,,,,,,
Foul Received (19),5132966,25000,Dutta Corp vs Las Monjitas,Search Livestream,Unknown,Live,International Polo Club,Unknown,Unknown,2020,Group,March 08. 2020,USPA Gold Cup,Unknown,Las Monjitas,,Chukka 4,,,David Stirling,Foul Received,Attacking 60,126;59,Crossing,Penalty 30 yards,,,,,,,,,,,,,
Penalty 30 yards (5),5188891,15000,Dutta Corp vs Las Monjitas,Search Livestream,Unknown,Live,International Polo Club,Unknown,Unknown,2020,Group,March 08. 2020,USPA Gold Cup,Unknown,Las Monjitas,,Chukka 4,,,Francisco Elizalde,,,,,,,,Penalty 30 yards,Post,,,,,,,,,
Penalty 5 (7),5230433,30000,Dutta Corp vs Las Monjitas,Search Livestream,Unknown,Live,International Polo Club,Unknown,Unknown,2020,Group,March 08. 2020,USPA Gold Cup,Unknown,Dutta Corp,,Chukka 4,Penalty 5,,Facundo Obregon,,,,,,,,,,,,,,,,,,
Foul (21),5246400,25000,Dutta Corp vs Las Monjitas,Search Livestream,Unknown,Live,International Polo Club,Unknown,Unknown,2020,Group,March 08. 2020,USPA Gold Cup,Unknown,Las Monjitas,,Chukka 4,,,David Stirling,Foul,Defending Half,76;159,Uneven Ride-Off,Penalty 60 yards,76;174,129;235,,,,,,,,,,,
Foul Received (20),5246400,25000,Dutta Corp vs Las Monjitas,Search Livestream,Unknown,Live,International Polo Club,Unknown,Unknown,2020,Group,March 08. 2020,USPA Gold Cup,Unknown,Dutta Corp,,Chukka 4,,,Lucas Diaz Alberdi,Foul Received,Attacking Half,76;134,Uneven Ride-Off,Penalty 60 yards,,,,,,,,,,,,,
Goal Dutta Corp (15),5347633,35000,Dutta Corp vs Las Monjitas,Search Livestream,Unknown,Live,International Polo Club,Unknown,Unknown,2020,Group,March 08. 2020,USPA Gold Cup,Unknown,Dutta Corp,,Chukka 4,,,Facundo Obregon,,Attacking 30,71;4,,,,,,,,,Goal Dutta Corp,,,,,,
Penalty 60 yards (3),5365666,15000,Dutta Corp vs Las Monjitas,Search Livestream,Unknown,Live,International Polo Club,Unknown,Unknown,2020,Group,March 08. 2020,USPA Gold Cup,Unknown,Dutta Corp,,Chukka 4,,,Facundo Obregon,,,,,,,,Penalty 60 yards,Goal,,,,,,,,,
Throw-in (21),5399650,20000,Dutta Corp vs Las Monjitas,Search Livestream,Unknown,Live,International Polo Club,Unknown,Unknown,2020,Group,March 08. 2020,USPA Gold Cup,Unknown,Las Monjitas,,Chukka 4,Throw-in,Las Monjitas win throw-in,Bautista Panelo,,,,,,,,,,,,,,,,,,
Foul (22),5417900,25000,Dutta Corp vs Las Monjitas,Search Livestream,Unknown,Live,International Polo Club,Unknown,Unknown,2020,Group,March 08. 2020,USPA Gold Cup,Unknown,Dutta Corp,,Chukka 4,,,Facundo Obregon,Foul,Attacking 30,39;12,Dangerous Use of Mallet,Penalty 5B,117;71,26;90,,,,,,,,,,,
Foul Received (21),5417900,25000,Dutta Corp vs Las Monjitas,Search Livestream,Unknown,Live,International Polo Club,Unknown,Unknown,2020,Group,March 08. 2020,USPA Gold Cup,Unknown,Las Monjitas,,Chukka 4,,,David Stirling,Foul Received,Defending 30,108;289,Dangerous Use of Mallet,Penalty 5B,,,,,,,,,,,,,
Penalty 5b (2),5634033,30000,Dutta Corp vs Las Monjitas,Search Livestream,Unknown,Live,International Polo Club,Unknown,Unknown,2020,Group,March 08. 2020,USPA Gold Cup,Unknown,Las Monjitas,,Chukka 5,Penalty 5b,,David Stirling,,,,,,,,,,,,,,,,,,
Chukka Length (6),5634600,732360,Dutta Corp vs Las Monjitas,Search Livestream,Unknown,Live,International Polo Club,Unknown,Unknown,2020,Group,March 08. 2020,USPA Gold Cup,Unknown,Team,Chukka Length,Chukka 5,,,,,,,,,,,,,,,,,,,,,
Foul (23),5641033,25000,Dutta Corp vs Las Monjitas,Search Livestream,Unknown,Live,International Polo Club,Unknown,Unknown,2020,Group,March 08. 2020,USPA Gold Cup,Unknown,Las Monjitas,,Chukka 5,,,Francisco Elizalde,Foul,Attacking Half,33;109,Right of Way,Penalty 5B,117;126,37;127,,,,,,,,,,,
Foul Received (22),5641033,25000,Dutta Corp vs Las Monjitas,Search Livestream,Unknown,Live,International Polo Club,Unknown,Unknown,2020,Group,March 08. 2020,USPA Gold Cup,Unknown,Dutta Corp,,Chukka 5,,,Facundo Obregon,Foul Received,Defending Half,117;204,Right of Way,Penalty 5B,,,,,,,,,,,,,
Penalty 5b (3),5694966,30000,Dutta Corp vs Las Monjitas,Search Livestream,Unknown,Live,International Polo Club,Unknown,Unknown,2020,Group,March 08. 2020,USPA Gold Cup,Unknown,Dutta Corp,,Chukka 5,Penalty 5b,,Facundo Obregon,,,,,,,,,,,,,,,,,,
Non Call (3),5742133,20000,Dutta Corp vs Las Monjitas,Search Livestream,Unknown,Live,International Polo Club,Unknown,Unknown,2020,Group,March 08. 2020,USPA Gold Cup,Unknown,Team,,Chukka 5,,,,Non Call,,,Right of Way,,,,,,,,,,,,,,
Shot At Goal (12),5742766,35000,Dutta Corp vs Las Monjitas,Search Livestream,Unknown,Live,International Polo Club,Unknown,Unknown,2020,Group,March 08. 2020,USPA Gold Cup,Unknown,Las Monjitas,,Chukka 5,,,Bautista Panelo,,Attacking 30,69;13,,,,,,,Shot At Goal,Goal,,,,,,,
Goal Las Monjitas (4),5744700,35000,Dutta Corp vs Las Monjitas,Search Livestream,Unknown,Live,International Polo Club,Unknown,Unknown,2020,Group,March 08. 2020,USPA Gold Cup,Unknown,Las Monjitas,,Chukka 5,,,Bautista Panelo,,Attacking 30,73;7,,,,,,,,,Goal Las Monjitas,,,Goals,,,
Throw-in (22),5803366,20000,Dutta Corp vs Las Monjitas,Search Livestream,Unknown,Live,International Polo Club,Unknown,Unknown,2020,Group,March 08. 2020,USPA Gold Cup,Unknown,Dutta Corp,,Chukka 5,Throw-in,Dutta Corp win throw-in,Lucas Diaz Alberdi,,,,,,,,,,,,,,,,,,
Foul (24),5829766,25000,Dutta Corp vs Las Monjitas,Search Livestream,Unknown,Live,International Polo Club,Unknown,Unknown,2020,Group,March 08. 2020,USPA Gold Cup,Unknown,Las Monjitas,,Chukka 5,,,Bautista Panelo,Foul,Defending Half,119;233,Right of Way,Penalty 30 yards,122;185,30;188,,,,,,,,,,,
Foul Received (23),5829766,25000,Dutta Corp vs Las Monjitas,Search Livestream,Unknown,Live,International Polo Club,Unknown,Unknown,2020,Group,March 08. 2020,USPA Gold Cup,Unknown,Dutta Corp,,Chukka 5,,,Mariano Obregon,Foul Received,Attacking 60,24;61,Right of Way,Penalty 30 yards,,,,,,,,,,,,,
Goal Dutta Corp (16),5867166,35000,Dutta Corp vs Las Monjitas,Search Livestream,Unknown,Live,International Polo Club,Unknown,Unknown,2020,Group,March 08. 2020,USPA Gold Cup,Unknown,Dutta Corp,,Chukka 5,,,Mariano Obregon,,Attacking 30,76;6,,,,,,,,,Goal Dutta Corp,,,,,,
Penalty 30 yards (6),5886066,15000,Dutta Corp vs Las Monjitas,Search Livestream,Unknown,Live,International Polo Club,Unknown,Unknown,2020,Group,March 08. 2020,USPA Gold Cup,Unknown,Dutta Corp,,Chukka 5,,,Mariano Obregon,,,,,,,,Penalty 30 yards,Goal,,,,,,,,,
Throw-in (23),5960766,20000,Dutta Corp vs Las Monjitas,Search Livestream,Unknown,Live,International Polo Club,Unknown,Unknown,2020,Group,March 08. 2020,USPA Gold Cup,Unknown,Dutta Corp,,Chukka 5,Throw-in,Dutta Corp win throw-in,Timmy Dutta,,,,,,,,,,,,,,,,,,
Foul (25),5971300,25000,Dutta Corp vs Las Monjitas,Search Livestream,Unknown,Live,International Polo Club,Unknown,Unknown,2020,Group,March 08. 2020,USPA Gold Cup,Unknown,Dutta Corp,,Chukka 5,,,Facundo Obregon,Foul,Defending 30,57;280,Cross/High Hook,Penalty 30 yards,96;235,21;208,,,,,,,,,,,
Foul Received (24),5971300,25000,Dutta Corp vs Las Monjitas,Search Livestream,Unknown,Live,International Polo Club,Unknown,Unknown,2020,Group,March 08. 2020,USPA Gold Cup,Unknown,Las Monjitas,,Chukka 5,,,Bautista Panelo,Foul Received,Attacking 30,59;22,Cross/High Hook,Penalty 30 yards,,,,,,,,,,,,,
Goal Las Monjitas (5),5996466,35000,Dutta Corp vs Las Monjitas,Search Livestream,Unknown,Live,International Polo Club,Unknown,Unknown,2020,Group,March 08. 2020,USPA Gold Cup,Unknown,Las Monjitas,,Chukka 5,,,Francisco Elizalde,,Attacking 30,78;6,,,,,,,,,Goal Las Monjitas,,,,,,
Penalty 30 yards Spot (2),6019500,10000,Dutta Corp vs Las Monjitas,Search Livestream,Unknown,Live,International Polo Club,Unknown,Unknown,2020,Group,March 08. 2020,USPA Gold Cup,Unknown,Las Monjitas,,Chukka 5,,,Francisco Elizalde,,,,,,,,Penalty 30 yards Spot,Goal,,,,,,,,,
Throw-in (24),6050433,20000,Dutta Corp vs Las Monjitas,Search Livestream,Unknown,Live,International Polo Club,Unknown,Unknown,2020,Group,March 08. 2020,USPA Gold Cup,Unknown,Dutta Corp,,Chukka 5,Throw-in,Dutta Corp win throw-in,Facundo Obregon,,,,,,,,,,,,,,,,,,
Shot At Goal (13),6065266,35000,Dutta Corp vs Las Monjitas,Search Livestream,Unknown,Live,International Polo Club,Unknown,Unknown,2020,Group,March 08. 2020,USPA Gold Cup,Unknown,Dutta Corp,,Chukka 5,,,Lucas Diaz Alberdi,,Attacking 30,45;17,,,,,,,Shot At Goal,Wide,,,,,,,
Knock In (5),6114000,40000,Dutta Corp vs Las Monjitas,Search Livestream,Unknown,Live,International Polo Club,Unknown,Unknown,2020,Group,March 08. 2020,USPA Gold Cup,Unknown,Las Monjitas,,Chukka 5,Knock In,,David Stirling,,,,,,,,,,,,,,,,,,
Shot At Goal (14),6133800,35000,Dutta Corp vs Las Monjitas,Search Livestream,Unknown,Live,International Polo Club,Unknown,Unknown,2020,Group,March 08. 2020,USPA Gold Cup,Unknown,Dutta Corp,,Chukka 5,,,Lucas Diaz Alberdi,,Attacking 30,77;24,,,,,,,Shot At Goal,Goal,,,,,,,
Goal Dutta Corp (17),6136600,35000,Dutta Corp vs Las Monjitas,Search Livestream,Unknown,Live,International Polo Club,Unknown,Unknown,2020,Group,March 08. 2020,USPA Gold Cup,Unknown,Dutta Corp,,Chukka 5,,,Lucas Diaz Alberdi,,Attacking 30,75;4,,,,,,,,,Goal Dutta Corp,,,Goals,,,
Foul (26),6195466,25000,Dutta Corp vs Las Monjitas,Search Livestream,Unknown,Live,International Polo Club,Unknown,Unknown,2020,Group,March 08. 2020,USPA Gold Cup,Unknown,Dutta Corp,,Chukka 5,,,Facundo Obregon,Foul,Defending Half,58;166,Right of Way,Penalty 60 yards,106;134,21;136,,,,,,,,,,,
Foul Received (25),6195466,25000,Dutta Corp vs Las Monjitas,Search Livestream,Unknown,Live,International Polo Club,Unknown,Unknown,2020,Group,March 08. 2020,USPA Gold Cup,Unknown,Las Monjitas,,Chukka 5,,,David Stirling,Foul Received,Attacking Half,87;131,Right of Way,Penalty 60 yards,,,,,,,,,,,,,
Throw-in (25),6196500,20000,Dutta Corp vs Las Monjitas,Search Livestream,Unknown,Live,International Polo Club,Unknown,Unknown,2020,Group,March 08. 2020,USPA Gold Cup,Unknown,Las Monjitas,,Chukka 5,Throw-in,Las Monjitas win throw-in,David Stirling,,,,,,,,,,,,,,,,,,
Shot At Goal (15),6259500,35000,Dutta Corp vs Las Monjitas,Search Livestream,Unknown,Live,International Polo Club,Unknown,Unknown,2020,Group,March 08. 2020,USPA Gold Cup,Unknown,Las Monjitas,,Chukka 5,,,Bautista Panelo,,Attacking 30,89;18,,,,,,,Shot At Goal,Goal,,,,,,,
Goal Las Monjitas (6),6261300,35000,Dutta Corp vs Las Monjitas,Search Livestream,Unknown,Live,International Polo Club,Unknown,Unknown,2020,Group,March 08. 2020,USPA Gold Cup,Unknown,Las Monjitas,,Chukka 5,,,Bautista Panelo,,Attacking 30,73;4,,,,,,,,,Goal Las Monjitas,,,,,,
Penalty 60 yards (4),6275200,15000,Dutta Corp vs Las Monjitas,Search Livestream,Unknown,Live,International Polo Club,Unknown,Unknown,2020,Group,March 08. 2020,USPA Gold Cup,Unknown,Las Monjitas,,Chukka 5,,,Francisco Elizalde,,,,,,,,Penalty 60 yards,Blocked,,,,,,,,,
Penalty Block (1),6284866,10000,Dutta Corp vs Las Monjitas,Search Livestream,Unknown,Live,International Polo Club,Unknown,Unknown,2020,Group,March 08. 2020,USPA Gold Cup,Unknown,Dutta Corp,,Chukka 5,,,Mariano Obregon,,,,,,,,,,,,,,,,,,Penalty Block
Throw-in (26),6315513,20000,Dutta Corp vs Las Monjitas,Search Livestream,Unknown,Live,International Polo Club,Unknown,Unknown,2020,Group,March 08. 2020,USPA Gold Cup,Unknown,Las Monjitas,,Chukka 5,Throw-in,Las Monjitas win throw-in,David Stirling,,,,,,,,,,,,,,,,,,
Chukka Length (7),6554700,642333,Dutta Corp vs Las Monjitas,Search Livestream,Unknown,Live,International Polo Club,Unknown,Unknown,2020,Group,March 08. 2020,USPA Gold Cup,Unknown,Team,Chukka Length,Chukka 6,,,,,,,,,,,,,,,,,,,,,
Throw-in (27),6554700,20000,Dutta Corp vs Las Monjitas,Search Livestream,Unknown,Live,International Polo Club,Unknown,Unknown,2020,Group,March 08. 2020,USPA Gold Cup,Unknown,Dutta Corp,,Chukka 6,Throw-in,Dutta Corp win throw-in,Mariano Obregon,,,,,,,,,,,,,,,,,,
Foul (27),6570266,25000,Dutta Corp vs Las Monjitas,Search Livestream,Unknown,Live,International Polo Club,Unknown,Unknown,2020,Group,March 08. 2020,USPA Gold Cup,Unknown,Dutta Corp,,Chukka 6,,,Facundo Obregon,Foul,Defending Half,105;234,Right of Way,Penalty 30 yards,124;166,22;198,,,,,,,,,,,
Foul Received (26),6570300,25000,Dutta Corp vs Las Monjitas,Search Livestream,Unknown,Live,International Polo Club,Unknown,Unknown,2020,Group,March 08. 2020,USPA Gold Cup,Unknown,Las Monjitas,,Chukka 6,,,David Stirling,Foul Received,Attacking Half,37;76,Right of Way,Penalty 30 yards,,,,,,,,,,,,,
Penalty 30 yards (7),6623626,15000,Dutta Corp vs Las Monjitas,Search Livestream,Unknown,Live,International Polo Club,Unknown,Unknown,2020,Group,March 08. 2020,USPA Gold Cup,Unknown,Las Monjitas,,Chukka 6,,,Francisco Elizalde,,,,,,,,Penalty 30 yards,Wide,,,,,,,,,
Knock In (6),6648500,40000,Dutta Corp vs Las Monjitas,Search Livestream,Unknown,Live,International Polo Club,Unknown,Unknown,2020,Group,March 08. 2020,USPA Gold Cup,Unknown,Dutta Corp,,Chukka 6,Knock In,,Facundo Obregon,,,,,,,,,,,,,,,,,,
Shot At Goal (16),6728766,35000,Dutta Corp vs Las Monjitas,Search Livestream,Unknown,Live,International Polo Club,Unknown,Unknown,2020,Group,March 08. 2020,USPA Gold Cup,Unknown,Las Monjitas,,Chukka 6,,,Francisco Elizalde,,Attacking 60,123;57,,,,,,,Shot At Goal,Goal,,,,,,,
Goal Las Monjitas (7),6730900,35000,Dutta Corp vs Las Monjitas,Search Livestream,Unknown,Live,International Polo Club,Unknown,Unknown,2020,Group,March 08. 2020,USPA Gold Cup,Unknown,Las Monjitas,,Chukka 6,,,Francisco Elizalde,,Attacking 30,81;8,,,,,,,,,Goal Las Monjitas,,,,,,
Free Hit,6753233,20000,Dutta Corp vs Las Monjitas,Search Livestream,Unknown,Live,International Polo Club,Unknown,Unknown,2020,Group,March 08. 2020,USPA Gold Cup,Unknown,Las Monjitas,,Chukka 6,Free Hit,,Francisco Elizalde,,,,,,,,,,,,,,,,,,
Throw-in (28),6786661,20000,Dutta Corp vs Las Monjitas,Search Livestream,Unknown,Live,International Polo Club,Unknown,Unknown,2020,Group,March 08. 2020,USPA Gold Cup,Unknown,Las Monjitas,,Chukka 6,Throw-in,Las Monjitas win throw-in,Francisco Elizalde,,,,,,,,,,,,,,,,,,
Shot At Goal (17),6808066,35000,Dutta Corp vs Las Monjitas,Search Livestream,Unknown,Live,International Polo Club,Unknown,Unknown,2020,Group,March 08. 2020,USPA Gold Cup,Unknown,Las Monjitas,,Chukka 6,,,Francisco Elizalde,,Attacking 30,79;18,,,,,,,Shot At Goal,Goal,,,,,,,
Goal Las Monjitas (8),6808200,35000,Dutta Corp vs Las Monjitas,Search Livestream,Unknown,Live,International Polo Club,Unknown,Unknown,2020,Group,March 08. 2020,USPA Gold Cup,Unknown,Las Monjitas,,Chukka 6,,,Francisco Elizalde,,Attacking 30,75;6,,,,,,,,,Goal Las Monjitas,,,,,,
Assist (6),6824033,25000,Dutta Corp vs Las Monjitas,Search Livestream,Unknown,Live,International Polo Club,Unknown,Unknown,2020,Group,March 08. 2020,USPA Gold Cup,Unknown,Las Monjitas,,Chukka 6,,,David Stirling,,,,,,,,,,,,,,,,Successful,David Stirling,
Shot At Goal (18),6850866,35000,Dutta Corp vs Las Monjitas,Search Livestream,Unknown,Live,International Polo Club,Unknown,Unknown,2020,Group,March 08. 2020,USPA Gold Cup,Unknown,Las Monjitas,,Chukka 6,,,Francisco Elizalde,,Attacking 30,62;21,,,,,,,Shot At Goal,Goal,,,,,,,
Goal Las Monjitas (9),6853800,35000,Dutta Corp vs Las Monjitas,Search Livestream,Unknown,Live,International Polo Club,Unknown,Unknown,2020,Group,March 08. 2020,USPA Gold Cup,Unknown,Las Monjitas,,Chukka 6,,,Francisco Elizalde,,Attacking 30,80;4,,,,,,,,,Goal Las Monjitas,,,Goals,,,
Throw-in (29),6865200,20000,Dutta Corp vs Las Monjitas,Search Livestream,Unknown,Live,International Polo Club,Unknown,Unknown,2020,Group,March 08. 2020,USPA Gold Cup,Unknown,Las Monjitas,,Chukka 6,Throw-in,Las Monjitas win throw-in,Bautista Panelo,,,,,,,,,,,,,,,,,,
Assist (7),6869900,25000,Dutta Corp vs Las Monjitas,Search Livestream,Unknown,Live,International Polo Club,Unknown,Unknown,2020,Group,March 08. 2020,USPA Gold Cup,Unknown,Las Monjitas,,Chukka 6,,,Bautista Panelo,,,,,,,,,,,,,,,,Successful,Bautista Panelo,
Throw-in (30),6914166,20000,Dutta Corp vs Las Monjitas,Search Livestream,Unknown,Live,International Polo Club,Unknown,Unknown,2020,Group,March 08. 2020,USPA Gold Cup,Unknown,Las Monjitas,,Chukka 6,Throw-in,Las Monjitas win throw-in,Bautista Panelo,,,,,,,,,,,,,,,,,,
Foul (28),6922066,25000,Dutta Corp vs Las Monjitas,Search Livestream,Unknown,Live,International Polo Club,Unknown,Unknown,2020,Group,March 08. 2020,USPA Gold Cup,Unknown,Dutta Corp,,Chukka 6,,,Timmy Dutta,Foul,Defending 60,44;261,Crossing,Penalty 40 yards,130;245,14;201,,,,,,,,,,,
Foul Received (27),6922066,25000,Dutta Corp vs Las Monjitas,Search Livestream,Unknown,Live,International Polo Club,Unknown,Unknown,2020,Group,March 08. 2020,USPA Gold Cup,Unknown,Las Monjitas,,Chukka 6,,,Francisco Elizalde,Foul Received,Attacking 30,119;38,Crossing,Penalty 40 yards,,,,,,,,,,,,,
Goal Las Monjitas (10),6950833,35000,Dutta Corp vs Las Monjitas,Search Livestream,Unknown,Live,International Polo Club,Unknown,Unknown,2020,Group,March 08. 2020,USPA Gold Cup,Unknown,Las Monjitas,,Chukka 6,,,Francisco Elizalde,,Attacking 30,75;6,,,,,,,,,Goal Las Monjitas,,,,,,
Penalty 40 yards (1),6969200,15000,Dutta Corp vs Las Monjitas,Search Livestream,Unknown,Live,International Polo Club,Unknown,Unknown,2020,Group,March 08. 2020,USPA Gold Cup,Unknown,Las Monjitas,,Chukka 6,,,Francisco Elizalde,,,,,,,,Penalty 40 yards,Goal,,,,,,,,,
Throw-in (31),7003461,20000,Dutta Corp vs Las Monjitas,Search Livestream,Unknown,Live,International Polo Club,Unknown,Unknown,2020,Group,March 08. 2020,USPA Gold Cup,Unknown,Dutta Corp,,Chukka 6,Throw-in,Dutta Corp win throw-in,Lucaz Diaz Alberdi,,,,,,,,,,,,,,,,,,
Shot At Goal (19),7022166,35000,Dutta Corp vs Las Monjitas,Search Livestream,Unknown,Live,International Polo Club,Unknown,Unknown,2020,Group,March 08. 2020,USPA Gold Cup,Unknown,Dutta Corp,,Chukka 6,,,Mariano Obregon,,Attacking 30,78;26,,,,,,,Shot At Goal,Goal,,,,,,,
Goal Dutta Corp (18),7024366,35000,Dutta Corp vs Las Monjitas,Search Livestream,Unknown,Live,International Polo Club,Unknown,Unknown,2020,Group,March 08. 2020,USPA Gold Cup,Unknown,Dutta Corp,,Chukka 6,,,Mariano Obregon,,Attacking 30,76;3,,,,,,,,,Goal Dutta Corp,,,,,,
Shot At Goal (20),7077800,35000,Dutta Corp vs Las Monjitas,Search Livestream,Unknown,Live,International Polo Club,Unknown,Unknown,2020,Group,March 08. 2020,USPA Gold Cup,Unknown,Dutta Corp,,Chukka 6,,,Lucaz Diaz Alberdi,,Attacking 30,69;17,,,,,,,Shot At Goal,Goal,,,,,,,
Goal Dutta Corp (19),7079866,35000,Dutta Corp vs Las Monjitas,Search Livestream,Unknown,Live,International Polo Club,Unknown,Unknown,2020,Group,March 08. 2020,USPA Gold Cup,Unknown,Dutta Corp,,Chukka 6,,,Lucaz Diaz Alberdi,,Attacking 30,76;4,,,,,,,,,Goal Dutta Corp,,,,,,
Throw-in (32),7080500,20000,Dutta Corp vs Las Monjitas,Search Livestream,Unknown,Live,International Polo Club,Unknown,Unknown,2020,Group,March 08. 2020,USPA Gold Cup,Unknown,Dutta Corp,,Chukka 6,Throw-in,Dutta Corp win throw-in,Mariano Obregon,,,,,,,,,,,,,,,,,,