Name,Position,Duration,Assist,Assist Outcome,Camera Angle,Chukka,Chukka Length,Club,Game,Instant Replay Official,Match Date,Player,Search Event,Stage,Team,Third Umpire,Tournament,Umpire 1,Umpire 2,Year,Collision,Foul,Foul Outcome,Foul Type,General Field Area,Location,Umpire Focal,Umpire Trailing,Goal,Highlight Reel,Knock-in Player 2,Set Play,Penalties,Penalty Outcome,Shot At Goal,Shot At Goal Outcome,Throw-in Outcome,Penalty Block
Assist,782266,25000,Santiago Toccalino,Successful,Live,Chukka 1,Chukka Length,International Polo Club,Equuleus vs Patagones,Unknown,February 23. 2020,Santiago Toccalino,Search Live stream,Group,Patagones,Unknown,USPA Gold Cup,Unknown,Unknown,2020,,,,,,,,,,,,,,,,,,
Chukka Length,469000,21100,,,Live,Chukka 1,Chukka Length,International Polo Club,Equuleus vs Patagones,Unknown,February 23. 2020,,Search Livestream,Group,Team,Unknown,USPA Gold Cup,Unknown,Unknown,2020,,,,,,,,,,,,,,,,,,
Chukka Length (1),610523,708083,,,Live,Chukka 1,Chukka Length,International Polo Club,Equuleus vs Patagones,Unknown,February 23. 2020,,Search Live stream,Group,Team,Unknown,USPA Gold Cup,Unknown,Unknown,2020,,,,,,,,,,,,,,,,,,
Collision,488600,15000,,,Live,Chukka 1,Chukka Length,International Polo Club,Equuleus vs Patagones,Unknown,February 23. 2020,Joe Dimenna,Search Live stream,Group,Patagones,Unknown,USPA Gold Cup,Unknown,Unknown,2020,Collision,,,,,,,,,,,,,,,,,
Foul,479600,25000,,,Live,Chukka 1,Chukka Length,International Polo Club,Equuleus vs Patagones,Unknown,February 23. 2020,Joe Dimenna,Search Live stream,Group,Patagones,Unknown,USPA Gold Cup,Unknown,Unknown,2020,,Foul,Penalty 5B,Blocking,Attacking Half,135;125,131;113,110;142,,,,,,,,,,
Foul (1),1114533,25000,,,Live,Chukka 1,Chukka Length,International Polo Club,Equuleus vs Patagones,Unknown,February 23. 2020,Tomas Garcia del Rio,Search Live stream,Group,Patagones,Unknown,USPA Gold Cup,Unknown,Unknown,2020,,Foul,Penalty 40 yards,Reaching,Defending 60,66;251,54;252,53;85,,,,,,,,,,
Foul (2),1272033,25000,,,Live,Chukka 1,Chukka Length,International Polo Club,Equuleus vs Patagones,Unknown,February 23. 2020,Geronimo Obregon,Search Live stream,Group,Patagones,Unknown,USPA Gold Cup,Unknown,Unknown,2020,,Foul,Penalty 5B,Right of Way,Attacking 30,56;27,32;25,66;48,,,,,,,,,,
Foul Received,479600,25000,,,Live,Chukka 1,Chukka Length,International Polo Club,Equuleus vs Patagones,Unknown,February 23. 2020,Magoo Laprida,Search Live stream,Group,Equuleus,Unknown,USPA Gold Cup,Unknown,Unknown,2020,,Foul Received,Penalty 5B,Blocking,Defending Half,10;171,,,,,,,,,,,,
Foul Received (1),1114533,25000,,,Live,Chukka 1,Chukka Length,International Polo Club,Equuleus vs Patagones,Unknown,February 23. 2020,Magoo Laprida,Search Live stream,Group,Equuleus,Unknown,USPA Gold Cup,Unknown,Unknown,2020,,Foul Received,Penalty 40 yards,Turning,Attacking 60,87;51,,,,,,,,,,,,
Foul Received (2),1272033,25000,,,Live,Chukka 1,Chukka Length,International Polo Club,Equuleus vs Patagones,Unknown,February 23. 2020,Inaki Laprida,Search Live stream,Group,Equuleus,Unknown,USPA Gold Cup,Unknown,Unknown,2020,,Foul Received,Penalty 5B,Right of Way,Defending 30,96;279,,,,,,,,,,,,
Goal Equuleus,1164966,35000,,,Live,Chukka 1,Chukka Length,International Polo Club,Equuleus vs Patagones,Unknown,February 23. 2020,Mariano Gonzalez,Search Live stream,Group,Equuleus,Unknown,USPA Gold Cup,Unknown,Unknown,2020,,,,,,,,,Goal Equuleus,,,,,,,,,
Goal Patagones,767266,35000,,,Live,Chukka 1,Chukka Length,International Polo Club,Equuleus vs Patagones,Unknown,February 23. 2020,Tomas Garcia del Rio,Search Live stream,Group,Patagones,Unknown,USPA Gold Cup,Unknown,Unknown,2020,,,,,Attacking 30,71;7,,,Goal Patagones,,,,,,,,,
Goal Patagones (1),814133,35000,,,Live,Chukka 1,Chukka Length,International Polo Club,Equuleus vs Patagones,Unknown,February 23. 2020,Tomas Garcia del Rio,Search Live stream,Group,Patagones,Unknown,USPA Gold Cup,Unknown,Unknown,2020,,,,,Attacking 30,71;6,,,Goal Patagones,Goals,,,,,,,,
Goal Patagones (2),860966,35000,,,Live,Chukka 1,Chukka Length,International Polo Club,Equuleus vs Patagones,Unknown,February 23. 2020,Tomas Garcia del Rio,Search Live stream,Group,Patagones,Unknown,USPA Gold Cup,Unknown,Unknown,2020,,,,,Attacking 30,72;3,,,Goal Patagones,Goals,,,,,,,,
Injury Time,493700,116823,,,Live,Chukka 1,Injury Time,International Polo Club,Equuleus vs Patagones,Unknown,February 23. 2020,,Search Live stream,Group,Team,Unknown,USPA Gold Cup,Unknown,Unknown,2020,,,,,,,,,,,,,,,,,,
Knock In,695833,40000,,,Live,Chukka 1,Chukka Length,International Polo Club,Equuleus vs Patagones,Unknown,February 23. 2020,Mariano Gonzalez,Search Live stream,Group,Equuleus,Unknown,USPA Gold Cup,Unknown,Unknown,2020,,,,,,,,,,,Inaki Laprida,Knock In,,,,,,
Knock In (1),764466,40000,,,Live,Chukka 1,Chukka Length,International Polo Club,Equuleus vs Patagones,Unknown,February 23. 2020,Santiago Toccalino,Search Live stream,Group,Patagones,Unknown,USPA Gold Cup,Unknown,Unknown,2020,,,,,,,,,,,Tomas Garcia del Rio,Knock In,,,,,,
Knock In (2),1246966,40000,,,Live,Chukka 1,Chukka Length,International Polo Club,Equuleus vs Patagones,Unknown,February 23. 2020,Tomas Garcia del Rio,Search Live stream,Group,Patagones,Unknown,USPA Gold Cup,Unknown,Unknown,2020,,,,,,,,,,,Santiago Toccalino,Knock In,,,,,,
Penalty 5b,617691,30000,,,Live,Chukka 1,Chukka Length,International Polo Club,Equuleus vs Patagones,Unknown,February 23. 2020,Mariano Gonzalez,Search Live stream,Group,Equuleus,Unknown,USPA Gold Cup,Unknown,Unknown,2020,,,,,,,,,,,,Penalty 5b,,,,,,
Penalty 40 yards,1185000,15000,,,Live,Chukka 1,Chukka Length,International Polo Club,Equuleus vs Patagones,Unknown,February 23. 2020,Mariano Gonzalez,Search Live stream,Group,Equuleus,Unknown,USPA Gold Cup,Unknown,Unknown,2020,,,,,,,,,,,,,Penalty 40 yards,Goal,,,,
Shot At Goal,649133,35000,,,Live,Chukka 1,Chukka Length,International Polo Club,Equuleus vs Patagones,Unknown,February 23. 2020,Geronimo Obregon,Search Live stream,Group,Patagones,Unknown,USPA Gold Cup,Unknown,Unknown,2020,,,,,Attacking 30,55;18,,,,,,,,,Shot At Goal,Wide,,
Shot At Goal (1),713266,35000,,,Live,Chukka 1,Chukka Length,International Polo Club,Equuleus vs Patagones,Unknown,February 23. 2020,Magoo Laprida,Search Live stream,Group,Equuleus,Unknown,USPA Gold Cup,Unknown,Unknown,2020,,,,,Attacking Half,128;81,,,,,,,,,Shot At Goal,Wide,,
Shot At Goal (2),766000,35000,,,Live,Chukka 1,Chukka Length,International Polo Club,Equuleus vs Patagones,Unknown,February 23. 2020,Tomas Garcia del Rio,Search Live stream,Group,Patagones,Unknown,USPA Gold Cup,Unknown,Unknown,2020,,,,,Attacking 30,71;16,,,,,,,,,Shot At Goal,Goal,,
Shot At Goal (3),804533,35000,,,Live,Chukka 1,Chukka Length,International Polo Club,Equuleus vs Patagones,Unknown,February 23. 2020,Tomas Garcia del Rio,Search Live stream,Group,Patagones,Unknown,USPA Gold Cup,Unknown,Unknown,2020,,,,,Attacking Half,83;122,,,,,,,,,Shot At Goal,Goal,,
Shot At Goal (4),858391,35000,,,Live,Chukka 1,Chukka Length,International Polo Club,Equuleus vs Patagones,Unknown,February 23. 2020,Tomas Garcia del Rio,Search Live stream,Group,Patagones,Unknown,USPA Gold Cup,Unknown,Unknown,2020,,,,,Attacking 60,56;57,,,,,,,,,Shot At Goal,Goal,,
Shot At Goal (5),1201000,35000,,,Live,Chukka 1,Chukka Length,International Polo Club,Equuleus vs Patagones,Unknown,February 23. 2020,Magoo Laprida,Search Live stream,Group,Equuleus,Unknown,USPA Gold Cup,Unknown,Unknown,2020,,,,,Attacking 60,89;49,,,,,,,,,Shot At Goal,Wide,,
Throw-in,469000,20000,,,Live,Chukka 1,Chukka Length,International Polo Club,Equuleus vs Patagones,Unknown,February 23. 2020,Mariano Gonzalez,Search Live stream,Group,Equuleus,Unknown,USPA Gold Cup,Unknown,Unknown,2020,,,,,,,,,,,,Throw-in,,,,,Equuleus win throw-in,
Throw-in (1),825166,20000,,,Live,Chukka 1,Chukka Length,International Polo Club,Equuleus vs Patagones,Unknown,February 23. 2020,Tomas Garcia del Rio,Search Live stream,Group,Patagones,Unknown,USPA Gold Cup,Unknown,Unknown,2020,,,,,,,,,,,,Throw-in,,,,,Patagones win throw-in,
Throw-in (2),867892,20000,,,Live,Chukka 1,Chukka Length,International Polo Club,Equuleus vs Patagones,Unknown,February 23. 2020,Tomas Garcia del Rio,Search Live stream,Group,Patagones,Unknown,USPA Gold Cup,Unknown,Unknown,2020,,,,,,,,,,,,Throw-in,,,,,Patagones win throw-in,
Throw-in (3),1081333,20000,,,Live,Chukka 1,Chukka Length,International Polo Club,Equuleus vs Patagones,Unknown,February 23. 2020,Santiago Toccalino,Search Live stream,Group,Patagones,Unknown,USPA Gold Cup,Unknown,Unknown,2020,,,,,,,,,,,,Throw-in,,,,,Patagones win throw-in,
Throw-in (4),1215700,20000,,,Live,Chukka 1,Chukka Length,International Polo Club,Equuleus vs Patagones,Unknown,February 23. 2020,Magoo Laprida,Search Live stream,Group,Equuleus,Unknown,USPA Gold Cup,Unknown,Unknown,2020,,,,,,,,,,,,Throw-in,,,,,Equuleus win throw-in,
Assist (1),1528033,25000,Santiago Toccalino,Unsuccessful,Live,Chukka 2,Chukka Length,International Polo Club,Equuleus vs Patagones,Unknown,February 23. 2020,Santiago Toccalino,Search Live stream,Group,Patagones,Unknown,USPA Gold Cup,Unknown,Unknown,2020,,,,,,,,,,,,,,,,,,
Assist (2),1927200,25000,Santiago Toccalino,Successful,Live,Chukka 2,,International Polo Club,Equuleus vs Patagones,Unknown,February 23. 2020,Santiago Toccalino,Search Livestream,Group,Patagones,Unknown,USPA Gold Cup,Unknown,Unknown,2020,,,,,,,,,,,,,,,,,,
Assist (3),1977333,25000,Santiago Toccalino,Successful,Live,Chukka 2,,International Polo Club,Equuleus vs Patagones,Unknown,February 23. 2020,Santiago Toccalino,Search Livestream,Group,Patagones,Unknown,USPA Gold Cup,Unknown,Unknown,2020,,,,,,,,,,,,,,,,,,
Assist (4),2019033,25000,Geronimo Obregon,Successful,Live,Chukka 2,,International Polo Club,Equuleus vs Patagones,Unknown,February 23. 2020,Geronimo Obregon,Search Livestream,Group,Patagones,Unknown,USPA Gold Cup,Unknown,Unknown,2020,,,,,,,,,,,,,,,,,,
Chukka Length (2),1507866,570977,,,Live,Chukka 2,Chukka Length,International Polo Club,Equuleus vs Patagones,Unknown,February 23. 2020,,Search Livestream,Group,Team,Unknown,USPA Gold Cup,Unknown,Unknown,2020,,,,,,,,,,,,,,,,,,
Foul (3),1654600,25000,,,Live,Chukka 2,,International Polo Club,Equuleus vs Patagones,Unknown,February 23. 2020,Tomas Garcia del Rio,Search Livestream,Group,Patagones,Unknown,USPA Gold Cup,Unknown,Unknown,2020,,Foul,Penalty 60 yards,Blocking,Defending Half,114;166,116;171,85;136,,,,,,,,,,
Foul (4),1783116,25000,,,Live,Chukka 2,,International Polo Club,Equuleus vs Patagones,Unknown,February 23. 2020,Magoo Laprida,Search Livestream,Group,Equuleus,Unknown,USPA Gold Cup,Unknown,Unknown,2020,,Foul,Penalty 5B,Reaching,Attacking 60,66;63,39;42,60;72,,,,,,,,,,
Foul Received (3),1654600,25000,,,Live,Chukka 2,,International Polo Club,Equuleus vs Patagones,Unknown,February 23. 2020,Inaki Laprida,Search Livestream,Group,Equuleus,Unknown,USPA Gold Cup,Unknown,Unknown,2020,,Foul Received,Penalty 60 yards,Blocking,Attacking Half,33;135,,,,,,,,,,,,
Foul Received (4),1783116,25000,,,Live,Chukka 2,,International Polo Club,Equuleus vs Patagones,Unknown,February 23. 2020,Santiago Toccalino,Search Livestream,Group,Patagones,Unknown,USPA Gold Cup,Unknown,Unknown,2020,,Foul Received,Penalty 5B,Reaching,Defending 60,86;235,,,,,,,,,,,,
Goal Patagones (3),1597450,35000,,,Live,Chukka 2,,International Polo Club,Equuleus vs Patagones,Unknown,February 23. 2020,Santiago Toccalino,Search Livestream,Group,Patagones,Unknown,USPA Gold Cup,Unknown,Unknown,2020,,,,,Attacking 30,71;7,,,Goal Patagones,,,,,,,,,
Goal Patagones (4),1906683,35000,,,Live,Chukka 2,,International Polo Club,Equuleus vs Patagones,Unknown,February 23. 2020,Tomas Garcia del Rio,Search Livestream,Group,Patagones,Unknown,USPA Gold Cup,Unknown,Unknown,2020,,,,,Attacking 30,73;6,,,Goal Patagones,,,,,,,,,
Goal Patagones (5),1958433,35000,,,Live,Chukka 2,,International Polo Club,Equuleus vs Patagones,Unknown,February 23. 2020,Geronimo Obregon,Search Livestream,Group,Patagones,Unknown,USPA Gold Cup,Unknown,Unknown,2020,,,,,Attacking 30,71;6,,,Goal Patagones,,,,,,,,,
Goal Patagones (6),2004033,35000,,,Live,Chukka 2,,International Polo Club,Equuleus vs Patagones,Unknown,February 23. 2020,Tomas Garcia del Rio,Search Livestream,Group,Patagones,Unknown,USPA Gold Cup,Unknown,Unknown,2020,,,,,Attacking 30,76;4,,,Goal Patagones,,,,,,,,,
Knock In (3),1555566,40000,,,Live,Chukka 2,Chukka Length,International Polo Club,Equuleus vs Patagones,Unknown,February 23. 2020,Mariano Gonzalez,Search Live stream,Group,Equuleus,Unknown,USPA Gold Cup,Unknown,Unknown,2020,,,,,,,,,,,,Knock In,,,,,,
Knock In (4),1757766,40000,,,Live,Chukka 2,,International Polo Club,Equuleus vs Patagones,Unknown,February 23. 2020,,Search Livestream,Group,Patagones,Unknown,USPA Gold Cup,Unknown,Unknown,2020,,,,,,,,,,,Tomas Garcia del Rio,Knock In,,,,,,
Penalty 5b (1),1507866,30000,,,Live,Chukka 2,Chukka Length,International Polo Club,Equuleus vs Patagones,Unknown,February 23. 2020,Mariano Gonzalez,Search Live stream,Group,Equuleus,Unknown,USPA Gold Cup,Unknown,Unknown,2020,,,,,,,,,,,,Penalty 5b,,,,,,
Penalty 5b (2),1850800,30000,,,Live,Chukka 2,,International Polo Club,Equuleus vs Patagones,Unknown,February 23. 2020,Tomas Garcia del Rio,Search Livestream,Group,Patagones,Unknown,USPA Gold Cup,Unknown,Unknown,2020,,,,,,,,,,,,Penalty 5b,,,,,,
Penalty 60 yards (1),1732184,15000,,,Live,Chukka 2,,International Polo Club,Equuleus vs Patagones,Unknown,February 23. 2020,Mariano Gonzalez,Search Livestream,Group,Equuleus,Unknown,USPA Gold Cup,Unknown,Unknown,2020,,,,,,,,,,,,,Penalty 60 yards,Wide,,,,
Shot At Goal (6),1511500,35000,,,Live,Chukka 2,Chukka Length,International Polo Club,Equuleus vs Patagones,Unknown,February 23. 2020,Gonzalo Avendano,Search Live stream,Group,Patagones,Unknown,USPA Gold Cup,Unknown,Unknown,2020,,,,,Attacking 30,75;22,,,,,,,,,Shot At Goal,Wide,,
Shot At Goal (7),1535566,35000,,,Live,Chukka 2,Chukka Length,International Polo Club,Equuleus vs Patagones,Unknown,February 23. 2020,Geronimo Obregon,Search Live stream,Group,Patagones,Unknown,USPA Gold Cup,Unknown,Unknown,2020,,,,,Attacking 30,85;30,,,,,,,,,Shot At Goal,Short,,
Shot At Goal (8),1567300,35000,,,Live,Chukka 2,Chukka Length,International Polo Club,Equuleus vs Patagones,Unknown,February 23. 2020,Magoo Laprida,Search Live stream,Group,Equuleus,Unknown,USPA Gold Cup,Unknown,Unknown,2020,,,,,Attacking 60,46;53,,,,,,,,,Shot At Goal,Short,,
Shot At Goal (9),1593766,35000,,,Live,Chukka 2,,International Polo Club,Equuleus vs Patagones,Unknown,February 23. 2020,Santiago Toccalino,Search Livestream,Group,Patagones,Unknown,USPA Gold Cup,Unknown,Unknown,2020,,,,,Attacking 30,57;16,,,,,,,,,Shot At Goal,Goal,,
Shot At Goal (10),1905383,35000,,,Live,Chukka 2,,International Polo Club,Equuleus vs Patagones,Unknown,February 23. 2020,Tomas Garcia del Rio,Search Livestream,Group,Patagones,Unknown,USPA Gold Cup,Unknown,Unknown,2020,,,,,Attacking 30,76;15,,,,,,,,,Shot At Goal,Goal,,
Shot At Goal (11),1957483,35000,,,Live,Chukka 2,,International Polo Club,Equuleus vs Patagones,Unknown,February 23. 2020,Geronimo Obregon,Search Livestream,Group,Patagones,Unknown,USPA Gold Cup,Unknown,Unknown,2020,,,,,Attacking 30,66;12,,,,,,,,,Shot At Goal,Goal,,
Shot At Goal (12),2000600,35000,,,Live,Chukka 2,,International Polo Club,Equuleus vs Patagones,Unknown,February 23. 2020,Tomas Garcia del Rio,Search Livestream,Group,Patagones,Unknown,USPA Gold Cup,Unknown,Unknown,2020,,,,,Attacking 60,66;57,,,,,,,,,Shot At Goal,Goal,,
Throw-in (5),1652716,20000,,,Live,Chukka 2,,International Polo Club,Equuleus vs Patagones,Unknown,February 23. 2020,Inaki Laprida,Search Livestream,Group,Equuleus,Unknown,USPA Gold Cup,Unknown,Unknown,2020,,,,,,,,,,,,Throw-in,,,,,Equuleus win throw-in,
Throw-in (6),1966516,20000,,,Live,Chukka 2,,International Polo Club,Equuleus vs Patagones,Unknown,February 23. 2020,Tomas Garcia del Rio,Search Livestream,Group,Patagones,Unknown,USPA Gold Cup,Unknown,Unknown,2020,,,,,,,,,,,,Throw-in,,,,,Patagones win throw-in,
Throw-in (7),2014916,20000,,,Live,Chukka 2,,International Polo Club,Equuleus vs Patagones,Unknown,February 23. 2020,Geronimo Obregon,Search Livestream,Group,Patagones,Unknown,USPA Gold Cup,Unknown,Unknown,2020,,,,,,,,,,,,Throw-in,,,,,Patagones win throw-in,
Assist (5),2447033,25000,Tomas Garcia del Rio,Unsuccessful,Live,Chukka 3,,International Polo Club,Equuleus vs Patagones,Unknown,February 23. 2020,Tomas Garcia del Rio,Search Livestream,Group,Patagones,Unknown,USPA Gold Cup,Unknown,Unknown,2020,,,,,,,,,,,,,,,,,,
Assist (6),3036516,25000,Magoo Laprida,Successful,Live,Chukka 3,,International Polo Club,Equuleus vs Patagones,Unknown,February 23. 2020,Magoo Laprida,Search Livestream,Group,Equuleus,Unknown,USPA Gold Cup,Unknown,Unknown,2020,,,,,,,,,,,,,,,,,,
Assist (7),3088450,25000,Santiago Toccalino,Unsuccessful,Live,Chukka 3,,International Polo Club,Equuleus vs Patagones,Unknown,February 23. 2020,Santiago Toccalino,Search Livestream,Group,Patagones,Unknown,USPA Gold Cup,Unknown,Unknown,2020,,,,,,,,,,,,,,,,,,
Chukka Length (3),2292150,821958,,,Live,Chukka 3,Chukka Length,International Polo Club,Equuleus vs Patagones,Unknown,February 23. 2020,,Search Livestream,Group,Team,Unknown,USPA Gold Cup,Unknown,Unknown,2020,,,,,,,,,,,,,,,,,,
Foul (5),2341283,25000,,,Live,Chukka 3,,International Polo Club,Equuleus vs Patagones,Unknown,February 23. 2020,Inaki Laprida,Search Livestream,Group,Equuleus,Unknown,USPA Gold Cup,Unknown,Unknown,2020,,Foul,Penalty 5B,Dangerous Riding,Attacking Half,119;84,136;74,118;103,,,,,,,,,,
Foul (6),2503250,25000,,,Live,Chukka 3,,International Polo Club,Equuleus vs Patagones,Unknown,February 23. 2020,Mariano Gonzalez,Search Livestream,Group,Equuleus,Unknown,USPA Gold Cup,Unknown,Unknown,2020,,Foul,Penalty 5,Blocking,Attacking Half,138;121,109;56,145;84,,,,,,,,,,
Foul (7),2552578,25000,,,Live,Chukka 3,,International Polo Club,Equuleus vs Patagones,Unknown,February 23. 2020,Tomas Garcia del Rio,Search Livestream,Group,Patagones,Unknown,USPA Gold Cup,Unknown,Unknown,2020,,Foul,Penalty 5,Right of Way,Attacking Half,60;115,32;84,84;61,,,,,,,,,,
Foul (8),2642366,25000,,,Live,Chukka 3,,International Polo Club,Equuleus vs Patagones,Unknown,February 23. 2020,Tomas Garcia del Rio,Search Livestream,Group,Patagones,Unknown,USPA Gold Cup,Unknown,Unknown,2020,,Foul,Penalty 40 yards,Right of Way,Defending 60,13;251,37;227,50;193,,,,,,,,,,
Foul (9),2914133,25000,,,Live,Chukka 3,,International Polo Club,Equuleus vs Patagones,Unknown,February 23. 2020,Santiago Toccalino,Search Livestream,Group,Patagones,Unknown,USPA Gold Cup,Unknown,Unknown,2020,,Foul,Penalty 1,Cross/High Hook,Defending 30,66;275,51;248,100;234,,,,,,,,,,
Foul Received (5),2341283,25000,,,Live,Chukka 3,,International Polo Club,Equuleus vs Patagones,Unknown,February 23. 2020,Santiago Toccalino,Search Livestream,Group,Patagones,Unknown,USPA Gold Cup,Unknown,Unknown,2020,,Foul Received,Penalty 5B,Dangerous Riding,Defending Half,25;217,,,,,,,,,,,,
Foul Received (6),2503250,25000,,,Live,Chukka 3,,International Polo Club,Equuleus vs Patagones,Unknown,February 23. 2020,Gonzalo Avendano,Search Livestream,Group,Patagones,Unknown,USPA Gold Cup,Unknown,Unknown,2020,,Foul Received,Penalty 5,Blocking,Defending Half,7;180,,,,,,,,,,,,
Foul Received (7),2552578,25000,,,Live,Chukka 3,,International Polo Club,Equuleus vs Patagones,Unknown,February 23. 2020,Mariano Gonzalez,Search Livestream,Group,Equuleus,Unknown,USPA Gold Cup,Unknown,Unknown,2020,,Foul Received,Penalty 5,Right of Way,Defending Half,91;194,,,,,,,,,,,,
Foul Received (8),2642366,25000,,,Live,Chukka 3,,International Polo Club,Equuleus vs Patagones,Unknown,February 23. 2020,Mariano Gonzalez,Search Livestream,Group,Equuleus,Unknown,USPA Gold Cup,Unknown,Unknown,2020,,Foul Received,Penalty 40 yards,Right of Way,Attacking 60,129;61,,,,,,,,,,,,
Foul Received (9),2914133,25000,,,Live,Chukka 3,,International Polo Club,Equuleus vs Patagones,Unknown,February 23. 2020,Magoo Laprida,Search Livestream,Group,Equuleus,Unknown,USPA Gold Cup,Unknown,Unknown,2020,,Foul Received,Penalty 1,Cross/High Hook,Attacking 30,87;20,,,,,,,,,,,,
Free Hit (1),2319150,20000,,,Live,Chukka 3,,International Polo Club,Equuleus vs Patagones,Unknown,February 23. 2020,Mariano Gonzalez,Search Livestream,Group,Equuleus,Unknown,USPA Gold Cup,Unknown,Unknown,2020,,,,,,,,,,,,Free Hit,,,,,,
Goal Equuleus (1),2690883,35000,,,Live,Chukka 3,,International Polo Club,Equuleus vs Patagones,Unknown,February 23. 2020,Mariano Gonzalez,Search Livestream,Group,Equuleus,Unknown,USPA Gold Cup,Unknown,Unknown,2020,,,,,,,,,Goal Equuleus,,,,,,,,,
Goal Equuleus (2),2827516,35000,,,Live,Chukka 3,,International Polo Club,Equuleus vs Patagones,Unknown,February 23. 2020,Inaki Laprida,Search Livestream,Group,Equuleus,Unknown,USPA Gold Cup,Unknown,Unknown,2020,,,,,Attacking 30,71;4,,,Goal Equuleus,Goals,,,,,,,,
Goal Equuleus (3),2896883,35000,,,Live,Chukka 3,,International Polo Club,Equuleus vs Patagones,Unknown,February 23. 2020,Magoo Laprida,Search Livestream,Group,Equuleus,Unknown,USPA Gold Cup,Unknown,Unknown,2020,,,,,,,,,Goal Equuleus,,,,,,,,,
Goal Equuleus (4),3017716,35000,,,Live,Chukka 3,,International Polo Club,Equuleus vs Patagones,Unknown,February 23. 2020,Inaki Laprida,Search Livestream,Group,Equuleus,Unknown,USPA Gold Cup,Unknown,Unknown,2020,,,,,Attacking 30,69;6,,,Goal Equuleus,,,,,,,,,
Knock In (5),2485276,40000,,,Live,Chukka 3,,International Polo Club,Equuleus vs Patagones,Unknown,February 23. 2020,Mariano Gonzalez,Search Livestream,Group,Equuleus,Unknown,USPA Gold Cup,Unknown,Unknown,2020,,,,,,,,,,,Inaki Laprida,Knock In,,,,,,
Non Call (1),2889050,20000,,,Live,Chukka 3,,International Polo Club,Equuleus vs Patagones,Unknown,February 23. 2020,,Search Livestream,Group,Team,Unknown,USPA Gold Cup,Unknown,Unknown,2020,,Non Call,,Right of Way,,,,,,,,,,,,,,
Penalty 1 (1),2921883,10000,,,Live,Chukka 3,,International Polo Club,Equuleus vs Patagones,Unknown,February 23. 2020,Magoo Laprida,Search Livestream,Group,Equuleus,Unknown,USPA Gold Cup,Unknown,Unknown,2020,,,,,,,,,,,,,Penalty 1,Goal,,,,
Penalty 5 (1),2545933,30000,,,Live,Chukka 3,,International Polo Club,Equuleus vs Patagones,Unknown,February 23. 2020,Tomas Garcia del Rio,Search Livestream,Group,Patagones,Unknown,USPA Gold Cup,Unknown,Unknown,2020,,,,,,,,,,,,Penalty 5,,,,,,
Penalty 5 (2),2634716,30000,,,Live,Chukka 3,,International Polo Club,Equuleus vs Patagones,Unknown,February 23. 2020,Mariano Gonzalez,Search Livestream,Group,Equuleus,Unknown,USPA Gold Cup,Unknown,Unknown,2020,,,,,,,,,,,,Penalty 5,,,,,,
Penalty 5b (3),2450526,30000,,,Live,Chukka 3,,International Polo Club,Equuleus vs Patagones,Unknown,February 23. 2020,Tomas Garcia del Rio,Search Livestream,Group,Patagones,Unknown,USPA Gold Cup,Unknown,Unknown,2020,,,,,,,,,,,,Penalty 5b,,,,,,
Penalty 5b (4),3025950,30000,,,Live,Chukka 3,,International Polo Club,Equuleus vs Patagones,Unknown,February 23. 2020,Mariano Gonzalez,Search Livestream,Group,Equuleus,Unknown,USPA Gold Cup,Unknown,Unknown,2020,,,,,,,,,,,,Penalty 5b,,,,,,
Penalty 40 yards (1),2705700,15000,,,Live,Chukka 3,,International Polo Club,Equuleus vs Patagones,Unknown,February 23. 2020,Mariano Gonzalez,Search Livestream,Group,Equuleus,Unknown,USPA Gold Cup,Unknown,Unknown,2020,,,,,,,,,,,,,Penalty 40 yards,Goal,,,,
Shot At Goal (13),2429644,35000,,,Live,Chukka 3,,International Polo Club,Equuleus vs Patagones,Unknown,February 23. 2020,Santiago Toccalino,Search Livestream,Group,Patagones,Unknown,USPA Gold Cup,Unknown,Unknown,2020,,,,,Attacking Half,66;80,,,,,,,,,Shot At Goal,Wide,,
Shot At Goal (14),2756050,35000,,,Live,Chukka 3,,International Polo Club,Equuleus vs Patagones,Unknown,February 23. 2020,Geronimo Obregon,Search Livestream,Group,Patagones,Unknown,USPA Gold Cup,Unknown,Unknown,2020,,,,,Attacking 60,108;66,,,,,,,,,Shot At Goal,Miss Hit,,
Shot At Goal (15),2820583,35000,,,Live,Chukka 3,,International Polo Club,Equuleus vs Patagones,Unknown,February 23. 2020,Inaki Laprida,Search Livestream,Group,Equuleus,Unknown,USPA Gold Cup,Unknown,Unknown,2020,,,,,Attacking Half,101;86,,,,,,,,,Shot At Goal,Goal,,
Shot At Goal (16),3013200,35000,,,Live,Chukka 3,,International Polo Club,Equuleus vs Patagones,Unknown,February 23. 2020,Inaki Laprida,Search Livestream,Group,Equuleus,Unknown,USPA Gold Cup,Unknown,Unknown,2020,,,,,Attacking 60,71;54,,,,,,,,,Shot At Goal,Goal,,
Shot At Goal (17),3070616,35000,,,Live,Chukka 3,,International Polo Club,Equuleus vs Patagones,Unknown,February 23. 2020,Geronimo Obregon,Search Livestream,Group,Patagones,Unknown,USPA Gold Cup,Unknown,Unknown,2020,,,,,Attacking 30,105;9,,,,,,,,,Shot At Goal,Wide,,
Throw-in (8),2287516,20000,,,Live,Chukka 3,,International Polo Club,Equuleus vs Patagones,Unknown,February 23. 2020,Santiago Toccalino,Search Livestream,Group,Patagones,Unknown,USPA Gold Cup,Unknown,Unknown,2020,,,,,,,,,,,,Throw-in,,,,,Patagones win throw-in,
Throw-in (9),2738866,20000,,,Live,Chukka 3,,International Polo Club,Equuleus vs Patagones,Unknown,February 23. 2020,Inaki Laprida,Search Livestream,Group,Equuleus,Unknown,USPA Gold Cup,Unknown,Unknown,2020,,,,,,,,,,,,Throw-in,,,,,Equuleus win throw-in,
Throw-in (10),2880583,20000,,,Live,Chukka 3,,International Polo Club,Equuleus vs Patagones,Unknown,February 23. 2020,Inaki Laprida,Search Livestream,Group,Equuleus,Unknown,USPA Gold Cup,Unknown,Unknown,2020,,,,,,,,,,,,Throw-in,,,,,Equuleus win throw-in,
Throw-in (11),3072650,20000,,,Live,Chukka 3,,International Polo Club,Equuleus vs Patagones,Unknown,February 23. 2020,Geronimo Obregon,Search Livestream,Group,Patagones,Unknown,USPA Gold Cup,Unknown,Unknown,2020,,,,,,,,,,,,Throw-in,,,,,Patagones win throw-in,
Assist,3764333,25000,Santiago Toccalino,Unsuccessful,Live,Chukka 4,,International Polo Club,Equuleus vs Patagones,Unknown,February 23. 2020,Santiago Toccalino,Search Live stream,Group,Patagones,Unknown,USPA Gold Cup,Unknown,Unknown,2020,,,,,,,,,,,,,,,,,,
Assist (1),3857366,25000,Inaki Laprida,Unsuccessful,Live,Chukka 4,,International Polo Club,Equuleus vs Patagones,Unknown,February 23. 2020,Inaki Laprida,Search Live stream,Group,Equuleus,Unknown,USPA Gold Cup,Unknown,Unknown,2020,,,,,,,,,,,,,,,,,,
Assist (2),4191700,25000,Tomas Garcia del Rio,Successful,Live,Chukka 4,,International Polo Club,Equuleus vs Patagones,Unknown,February 23. 2020,Tomas Garcia del Rio,Search Live stream,Group,Patagones,Unknown,USPA Gold Cup,Unknown,Unknown,2020,,,,,,,,,,,,,,,,,,
Chukka Length (4),3697116,608427,,,Live,Chukka 4,Chukka Length,International Polo Club,Equuleus vs Patagones,Unknown,February 23. 2020,,Search Livestream,Group,Team,Unknown,USPA Gold Cup,Unknown,Unknown,2020,,,,,,,,,,,,,,,,,,
Foul,3718033,25000,,,Live,Chukka 4,,International Polo Club,Equuleus vs Patagones,Unknown,February 23. 2020,Inaki Laprida,Search Live stream,Group,Equuleus,Unknown,USPA Gold Cup,Unknown,Unknown,2020,,Foul,Penalty 5,Riding Into Shot,Attacking 30,17;33,35;34,50;61,,,,,,,,,,
Foul (1),3913100,25000,,,Live,Chukka 4,,International Polo Club,Equuleus vs Patagones,Unknown,February 23. 2020,Gonzalo Avendano,Search Live stream,Group,Patagones,Unknown,USPA Gold Cup,Unknown,Unknown,2020,,Foul,Penalty 5,Right of Way,Attacking Half,19;130,21;159,48;113,,,,,,,,,,
Foul (2),3959400,25000,,,Live,Chukka 4,,International Polo Club,Equuleus vs Patagones,Unknown,February 23. 2020,Tomas Garcia del Rio,Search Live stream,Group,Patagones,Unknown,USPA Gold Cup,Unknown,Unknown,2020,,Foul,Penalty 60 yards,Crossing,Defending Half,94;199,119;188,64;131,,,,,,,,,,
Foul (3),4275500,25000,,,Live,Chukka 4,,International Polo Club,Equuleus vs Patagones,Unknown,February 23. 2020,Santiago Toccalino,Search Live stream,Group,Patagones,Unknown,USPA Gold Cup,Unknown,Unknown,2020,,Foul,Penalty 5,Right of Way,Attacking Half,115;127,69;158,122;139,,,,,,,,,,
Foul Received,3718033,25000,,,Live,Chukka 4,,International Polo Club,Equuleus vs Patagones,Unknown,February 23. 2020,Santiago Toccalino,Search Live stream,Group,Patagones,Unknown,USPA Gold Cup,Unknown,Unknown,2020,,Foul Received,Penalty 5,Riding Into Shot,Defending 60,126;268,,,,,,,,,,,,
Foul Received (1),3913100,25000,,,Live,Chukka 4,,International Polo Club,Equuleus vs Patagones,Unknown,February 23. 2020,Mariano Gonzalez,Search Live stream,Group,Equuleus,Unknown,USPA Gold Cup,Unknown,Unknown,2020,,Foul Received,Penalty 5,Right of Way,Defending Half,123;168,,,,,,,,,,,,
Foul Received (2),3959400,25000,,,Live,Chukka 4,,International Polo Club,Equuleus vs Patagones,Unknown,February 23. 2020,Magoo Laprida,Search Live stream,Group,Equuleus,Unknown,USPA Gold Cup,Unknown,Unknown,2020,,Foul Received,Penalty 60 yards,Crossing,Attacking Half,57;108,,,,,,,,,,,,
Foul Received (3),4275500,25000,,,Live,Chukka 4,,International Polo Club,Equuleus vs Patagones,Unknown,February 23. 2020,Mariano Gonzalez,Search Live stream,Group,Equuleus,Unknown,USPA Gold Cup,Unknown,Unknown,2020,,Foul Received,Penalty 5,Right of Way,Defending Half,26;168,,,,,,,,,,,,
Free Hit,4160366,20000,,,Live,Chukka 4,,International Polo Club,Equuleus vs Patagones,Unknown,February 23. 2020,Mariano Gonzalez,Search Live stream,Group,Equuleus,Unknown,USPA Gold Cup,Unknown,Unknown,2020,,,,,,,,,,,,Free Hit,,,,,,
Goal Equuleus,4067933,35000,,,Live,Chukka 4,,International Polo Club,Equuleus vs Patagones,Unknown,February 23. 2020,Magoo Laprida,Search Live stream,Group,Equuleus,Unknown,USPA Gold Cup,Unknown,Unknown,2020,,,,,Attacking 30,71;6,,,Goal Equuleus,,,,,,,,,
Goal Patagones,4176200,35000,,,Live,Chukka 4,,International Polo Club,Equuleus vs Patagones,Unknown,February 23. 2020,Geronimo Obregon,Search Live stream,Group,Patagones,Unknown,USPA Gold Cup,Unknown,Unknown,2020,,,,,Attacking 30,71;6,,,Goal Patagones,,,,,,,,,
Knock In,3695000,40000,,,Live,Chukka 4,,International Polo Club,Equuleus vs Patagones,Unknown,February 23. 2020,Mariano Gonzalez,Search Live stream,Group,Equuleus,Unknown,USPA Gold Cup,Unknown,Unknown,2020,,,,,,,,,,,Magoo Laprida,Knock In,,,,,,
Knock In (1),3797500,40000,,,Live,Chukka 4,,International Polo Club,Equuleus vs Patagones,Unknown,February 23. 2020,Mariano Gonzalez,Search Live stream,Group,Equuleus,Unknown,USPA Gold Cup,Unknown,Unknown,2020,,,,,,,,,,,Inaki Laprida,Knock In,,,,,,
Knock In (2),3887400,40000,,,Live,Chukka 4,,International Polo Club,Equuleus vs Patagones,Unknown,February 23. 2020,Tomas Garcia del Rio,Search Live stream,Group,Patagones,Unknown,USPA Gold Cup,Unknown,Unknown,2020,,,,,,,,,,,Gonzalo Avendano,Knock In,,,,,,
Knock In (3),4061618,40000,,,Live,Chukka 4,,International Polo Club,Equuleus vs Patagones,Unknown,February 23. 2020,Tomas Garcia del Rio,Search Live stream,Group,Patagones,Unknown,USPA Gold Cup,Unknown,Unknown,2020,,,,,,,,,,,Santiago Toccalino,Knock In,,,,,,
Penalty 5,3754473,30000,,,Live,Chukka 4,,International Polo Club,Equuleus vs Patagones,Unknown,February 23. 2020,Tomas Garcia del Rio,Search Live stream,Group,Patagones,Unknown,USPA Gold Cup,Unknown,Unknown,2020,,,,,,,,,,,,Penalty 5,,,,,,
Penalty 5 (1),3960706,30000,,,Live,Chukka 4,,International Polo Club,Equuleus vs Patagones,Unknown,February 23. 2020,Mariano Gonzalez,Search Live stream,Group,Equuleus,Unknown,USPA Gold Cup,Unknown,Unknown,2020,,,,,,,,,,,,Penalty 5,,,,,,
Penalty 60 yards,4034900,15000,,,Live,Chukka 4,,International Polo Club,Equuleus vs Patagones,Unknown,February 23. 2020,Mariano Gonzalez,Search Live stream,Group,Equuleus,Unknown,USPA Gold Cup,Unknown,Unknown,2020,,,,,,,,,,,,,Penalty 60 yards,Wide,,,,
Shot At Goal,3695233,35000,,,Live,Chukka 4,,International Polo Club,Equuleus vs Patagones,Unknown,February 23. 2020,Magoo Laprida,Search Live stream,Group,Equuleus,Unknown,USPA Gold Cup,Unknown,Unknown,2020,,,,,Attacking 60,77;39,,,,,,,,,Shot At Goal,Short,,
Shot At Goal (1),3748166,35000,,,Live,Chukka 4,,International Polo Club,Equuleus vs Patagones,Unknown,February 23. 2020,Tomas Garcia del Rio,Search Live stream,Group,Patagones,Unknown,USPA Gold Cup,Unknown,Unknown,2020,,,,,Attacking 60,23;57,,,,,,,,,Shot At Goal,Wide,,
Shot At Goal (2),3835966,35000,,,Live,Chukka 4,,International Polo Club,Equuleus vs Patagones,Unknown,February 23. 2020,Mariano Gonzalez,Search Live stream,Group,Equuleus,Unknown,USPA Gold Cup,Unknown,Unknown,2020,,,,,Attacking Half,82;76,,,,,,,,,Shot At Goal,Wide,,
Shot At Goal (3),3877866,35000,,,Live,Chukka 4,,International Polo Club,Equuleus vs Patagones,Unknown,February 23. 2020,Inaki Laprida,Search Live stream,Group,Equuleus,Unknown,USPA Gold Cup,Unknown,Unknown,2020,,,,,Attacking Half,53;76,,,,,,,,,Shot At Goal,Short,,
Shot At Goal (4),4065633,35000,,,Live,Chukka 4,,International Polo Club,Equuleus vs Patagones,Unknown,February 23. 2020,Magoo Laprida,Search Live stream,Group,Equuleus,Unknown,USPA Gold Cup,Unknown,Unknown,2020,,,,,Attacking 30,100;31,,,,,,,,,Shot At Goal,Goal,,
Shot At Goal (5),4145766,35000,,,Live,Chukka 4,,International Polo Club,Equuleus vs Patagones,Unknown,February 23. 2020,Magoo Laprida,Search Live stream,Group,Equuleus,Unknown,USPA Gold Cup,Unknown,Unknown,2020,,,,,Attacking 60,46;39,,,,,,,,,Shot At Goal,Blocked,,
Shot At Goal (6),4174133,35000,,,Live,Chukka 4,,International Polo Club,Equuleus vs Patagones,Unknown,February 23. 2020,Geronimo Obregon,Search Live stream,Group,Patagones,Unknown,USPA Gold Cup,Unknown,Unknown,2020,,,,,Attacking 30,87;27,,,,,,,,,Shot At Goal,Goal,,
Shot At Goal (7),4216633,35000,,,Live,Chukka 4,,International Polo Club,Equuleus vs Patagones,Unknown,February 23. 2020,Gonzalo Avendano,Search Live stream,Group,Patagones,Unknown,USPA Gold Cup,Unknown,Unknown,2020,,,,,Attacking 60,87;44,,,,,,,,,Shot At Goal,Miss Hit,,
Shot At Goal (8),4224266,35000,,,Live,Chukka 4,,International Polo Club,Equuleus vs Patagones,Unknown,February 23. 2020,Geronimo Obregon,Search Live stream,Group,Patagones,Unknown,USPA Gold Cup,Unknown,Unknown,2020,,,,,Attacking 30,50;38,,,,,,,,,Shot At Goal,Blocked,,
Shot Block,4174633,10000,,,Live,Chukka 4,,International Polo Club,Equuleus vs Patagones,Unknown,February 23. 2020,Gonzalo Avendano,Search Live stream,Group,Patagones,Unknown,USPA Gold Cup,Unknown,Unknown,2020,,,,,,,,,,,,,,,,,,Shot Block
Shot Block (1),4253066,10000,,,Live,Chukka 4,,International Polo Club,Equuleus vs Patagones,Unknown,February 23. 2020,Mariano Gonzalez,Search Live stream,Group,Equuleus,Unknown,USPA Gold Cup,Unknown,Unknown,2020,,,,,,,,,,,,,,,,,,Shot Block
Throw-in,4126366,20000,,,Live,Chukka 4,,International Polo Club,Equuleus vs Patagones,Unknown,February 23. 2020,Inaki Laprida,Search Live stream,Group,Equuleus,Unknown,USPA Gold Cup,Unknown,Unknown,2020,,,,,,,,,,,,Throw-in,,,,,Equuleus win throw-in,
Throw-in (1),4231366,20000,,,Live,Chukka 4,,International Polo Club,Equuleus vs Patagones,Unknown,February 23. 2020,Gonzalo Avendano,Search Live stream,Group,Patagones,Unknown,USPA Gold Cup,Unknown,Unknown,2020,,,,,,,,,,,,Throw-in,,,,,Patagones win throw-in,
Assist (3),4976066,25000,Inaki Laprida,Unsuccessful,Live,Chukka 5,,International Polo Club,Equuleus vs Patagones,Unknown,February 23. 2020,Inaki Laprida,Search Live stream,Group,Equuleus,Unknown,USPA Gold Cup,Unknown,Unknown,2020,,,,,,,,,,,,,,,,,,
Assist (4),5363766,25000,Geronimo Obregon,Successful,Live,Chukka 5,,International Polo Club,Equuleus vs Patagones,Unknown,February 23. 2020,Geronimo Obregon,Search Live stream,Group,Patagones,Unknown,USPA Gold Cup,Unknown,Unknown,2020,,,,,,,,,,,,,,,,,,
Chukka Length (5),4660150,854733,,,Live,Chukka 5,Chukka Length,International Polo Club,Equuleus vs Patagones,Unknown,February 23. 2020,,Search Livestream,Group,Team,Unknown,USPA Gold Cup,Unknown,Unknown,2020,,,,,,,,,,,,,,,,,,
Foul (4),4685166,25000,,,Live,Chukka 5,,International Polo Club,Equuleus vs Patagones,Unknown,February 23. 2020,Magoo Laprida,Search Live stream,Group,Equuleus,Unknown,USPA Gold Cup,Unknown,Unknown,2020,,Foul,Penalty 5,Improper Procedure,Attacking 30,143;17,146;25,93;62,,,,,,,,,,
Foul (5),4777900,25000,,,Live,Chukka 5,,International Polo Club,Equuleus vs Patagones,Unknown,February 23. 2020,Geronimo Obregon,Search Live stream,Group,Patagones,Unknown,USPA Gold Cup,Unknown,Unknown,2020,,Foul,Penalty 5,Right of Way,Attacking Half,39;130,61;203,110;183,,,,,,,,,,
Foul (6),4842033,25000,,,Live,Chukka 5,,International Polo Club,Equuleus vs Patagones,Unknown,February 23. 2020,Geronimo Obregon,Search Live stream,Group,Patagones,Unknown,USPA Gold Cup,Unknown,Unknown,2020,,Foul,Penalty 5,Cross/High Hook,Attacking 60,55;75,30;92,78;126,,,,,,,,,,
Foul (7),5091733,25000,,,Live,Chukka 5,,International Polo Club,Equuleus vs Patagones,Unknown,February 23. 2020,Inaki Laprida,Search Live stream,Group,Equuleus,Unknown,USPA Gold Cup,Unknown,Unknown,2020,,Foul,Penalty 40 yards,Turning,Defending 60,86;262,36;57,105;106,,,,,,,,,,
Foul (8),5266500,25000,,,Live,Chukka 5,,International Polo Club,Equuleus vs Patagones,Unknown,February 23. 2020,Magoo Laprida,Search Live stream,Group,Equuleus,Unknown,USPA Gold Cup,Unknown,Unknown,2020,,Foul,Penalty 5,Right of Way,Attacking Half,114;133,69;116,93;174,,,,,,,,,,
Foul (9),5414400,25000,,,Live,Chukka 5,,International Polo Club,Equuleus vs Patagones,Unknown,February 23. 2020,Gonzalo Avendano,Search Live stream,Group,Patagones,Unknown,USPA Gold Cup,Unknown,Unknown,2020,,Foul,Penalty 5,Crossing,Attacking Half,89;126,46;131,91;102,,,,,,,,,,
Foul Received (4),4685166,25000,,,Live,Chukka 5,,International Polo Club,Equuleus vs Patagones,Unknown,February 23. 2020,Tomas Garcia del Rio,Search Live stream,Group,Patagones,Unknown,USPA Gold Cup,Unknown,Unknown,2020,,Foul Received,Penalty 5,Improper Procedure,Defending 30,5;283,,,,,,,,,,,,
Foul Received (5),4777900,25000,,,Live,Chukka 5,,International Polo Club,Equuleus vs Patagones,Unknown,February 23. 2020,Tomas Garcia del Rio,Search Live stream,Group,Patagones,Unknown,USPA Gold Cup,Unknown,Unknown,2020,,Foul Received,Penalty 5,Right of Way,Defending Half,113;167,,,,,,,,,,,,
Foul Received (6),4842033,25000,,,Live,Chukka 5,,International Polo Club,Equuleus vs Patagones,Unknown,February 23. 2020,Magoo Laprida,Search Live stream,Group,Equuleus,Unknown,USPA Gold Cup,Unknown,Unknown,2020,,Foul Received,Penalty 5,Cross/High Hook,Defending Half,96;229,,,,,,,,,,,,
Foul Received (7),5091733,25000,,,Live,Chukka 5,,International Polo Club,Equuleus vs Patagones,Unknown,February 23. 2020,Santiago Toccalino,Search Live stream,Group,Patagones,Unknown,USPA Gold Cup,Unknown,Unknown,2020,,Foul Received,Penalty 40 yards,Turning,Attacking 30,55;38,,,,,,,,,,,,
Foul Received (8),5266500,25000,,,Live,Chukka 5,,International Polo Club,Equuleus vs Patagones,Unknown,February 23. 2020,Geronimo Obregon,Search Live stream,Group,Patagones,Unknown,USPA Gold Cup,Unknown,Unknown,2020,,Foul Received,Penalty 5,Right of Way,Defending Half,21;167,,,,,,,,,,,,
Foul Received (9),5414400,25000,,,Live,Chukka 5,,International Polo Club,Equuleus vs Patagones,Unknown,February 23. 2020,Mariano Gonzalez,Search Live stream,Group,Equuleus,Unknown,USPA Gold Cup,Unknown,Unknown,2020,,Foul Received,Penalty 5,Crossing,Defending Half,61;174,,,,,,,,,,,,
Goal Patagones (1),5212366,35000,,,Live,Chukka 5,,International Polo Club,Equuleus vs Patagones,Unknown,February 23. 2020,Tomas Garcia del Rio,Search Live stream,Group,Patagones,Unknown,USPA Gold Cup,Unknown,Unknown,2020,,,,,,,,,Goal Patagones,,,,,,,,,
Goal Patagones (2),5311633,35000,,,Live,Chukka 5,,International Polo Club,Equuleus vs Patagones,Unknown,February 23. 2020,Santiago Toccalino,Search Live stream,Group,Patagones,Unknown,USPA Gold Cup,Unknown,Unknown,2020,,,,,Attacking 30,71;4,,,Goal Patagones,,,,,,,,,
Goal Patagones (3),5357533,35000,,,Live,Chukka 5,,International Polo Club,Equuleus vs Patagones,Unknown,February 23. 2020,Santiago Toccalino,Search Live stream,Group,Patagones,Unknown,USPA Gold Cup,Unknown,Unknown,2020,,,,,Attacking 30,71;8,,,Goal Patagones,Goals,,,,,,,,
Goal Patagones (4),5465500,35000,,,Live,Chukka 5,,International Polo Club,Equuleus vs Patagones,Unknown,February 23. 2020,Tomas Garcia del Rio,Search Live stream,Group,Patagones,Unknown,USPA Gold Cup,Unknown,Unknown,2020,,,,,Attacking 30,76;7,,,Goal Patagones,,,,,,,,,
Knock In (4),4769466,40000,,,Live,Chukka 5,,International Polo Club,Equuleus vs Patagones,Unknown,February 23. 2020,Tomas Garcia del Rio,Search Live stream,Group,Patagones,Unknown,USPA Gold Cup,Unknown,Unknown,2020,,,,,,,,,,,Santiago Toccalino,Knock In,,,,,,
Knock In (5),5079600,40000,,,Live,Chukka 5,,International Polo Club,Equuleus vs Patagones,Unknown,February 23. 2020,Tomas Garcia del Rio,Search Live stream,Group,Patagones,Unknown,USPA Gold Cup,Unknown,Unknown,2020,,,,,,,,,,,Geronimo Obregon,Knock In,,,,,,
Non Call,4915933,20000,,,Live,Chukka 5,,International Polo Club,Equuleus vs Patagones,Unknown,February 23. 2020,,Search Live stream,Group,Team,Unknown,USPA Gold Cup,Unknown,Unknown,2020,,Non Call,,Right of Way,,,,,,,,,,,,,,
Non Call (1),5323200,20000,,,Live,Chukka 5,,International Polo Club,Equuleus vs Patagones,Unknown,February 23. 2020,,Search Live stream,Group,Team,Unknown,USPA Gold Cup,Unknown,Unknown,2020,,Non Call,,Dangerous Riding,,,,,,,,,,,,,,
Penalty 5 (2),4655733,30000,,,Live,Chukka 5,,International Polo Club,Equuleus vs Patagones,Unknown,February 23. 2020,Tomas Garcia del Rio,Search Live stream,Group,Patagones,Unknown,USPA Gold Cup,Unknown,Unknown,2020,,,,,,,,,,,,Penalty 5,,,,,,
Penalty 5 (3),4719566,30000,,,Live,Chukka 5,,International Polo Club,Equuleus vs Patagones,Unknown,February 23. 2020,Tomas Garcia del Rio,Search Live stream,Group,Patagones,Unknown,USPA Gold Cup,Unknown,Unknown,2020,,,,,,,,,,,,Penalty 5,,,,,,
Penalty 5 (4),4830128,30000,,,Live,Chukka 5,,International Polo Club,Equuleus vs Patagones,Unknown,February 23. 2020,Mariano Gonzalez,Search Live stream,Group,Equuleus,Unknown,USPA Gold Cup,Unknown,Unknown,2020,,,,,,,,,,,,Penalty 5,,,,,,
Penalty 5 (5),4897366,30000,,,Live,Chukka 5,,International Polo Club,Equuleus vs Patagones,Unknown,February 23. 2020,Mariano Gonzalez,Search Live stream,Group,Equuleus,Unknown,USPA Gold Cup,Unknown,Unknown,2020,,,,,,,,,,,,Penalty 5,,,,,,
Penalty 5 (6),5321700,30000,,,Live,Chukka 5,,International Polo Club,Equuleus vs Patagones,Unknown,February 23. 2020,Tomas Garcia del Rio,Search Live stream,Group,Patagones,Unknown,USPA Gold Cup,Unknown,Unknown,2020,,,,,,,,,,,,Penalty 5,,,,,,
Penalty 5 (7),5462000,30000,,,Live,Chukka 5,,International Polo Club,Equuleus vs Patagones,Unknown,February 23. 2020,Mariano Gonzalez,Search Live stream,Group,Equuleus,Unknown,USPA Gold Cup,Unknown,Unknown,2020,,,,,,,,,,,,Penalty 5,,,,,,
Penalty 40 yards,5227433,15000,,,Live,Chukka 5,,International Polo Club,Equuleus vs Patagones,Unknown,February 23. 2020,Tomas Garcia del Rio,Search Live stream,Group,Patagones,Unknown,USPA Gold Cup,Unknown,Unknown,2020,,,,,,,,,,,,,Penalty 40 yards,Goal,,,,
Shot At Goal (9),4720900,35000,,,Live,Chukka 5,,International Polo Club,Equuleus vs Patagones,Unknown,February 23. 2020,Magoo Laprida,Search Live stream,Group,Equuleus,Unknown,USPA Gold Cup,Unknown,Unknown,2020,,,,,Attacking 60,145;65,,,,,,,,,Shot At Goal,Wide,,
Shot At Goal (10),4957833,35000,,,Live,Chukka 5,,International Polo Club,Equuleus vs Patagones,Unknown,February 23. 2020,Mariano Gonzalez,Search Live stream,Group,Equuleus,Unknown,USPA Gold Cup,Unknown,Unknown,2020,,,,,Attacking 30,54;18,,,,,,,,,Shot At Goal,Wide,,
Shot At Goal (11),5310000,35000,,,Live,Chukka 5,,International Polo Club,Equuleus vs Patagones,Unknown,February 23. 2020,Santiago Toccalino,Search Live stream,Group,Patagones,Unknown,USPA Gold Cup,Unknown,Unknown,2020,,,,,Attacking 30,69;15,,,,,,,,,Shot At Goal,Goal,,
Shot At Goal (12),5356300,35000,,,Live,Chukka 5,,International Polo Club,Equuleus vs Patagones,Unknown,February 23. 2020,Santiago Toccalino,Search Live stream,Group,Patagones,Unknown,USPA Gold Cup,Unknown,Unknown,2020,,,,,Attacking 30,64;17,,,,,,,,,Shot At Goal,Goal,,
Shot At Goal (13),5463366,35000,,,Live,Chukka 5,,International Polo Club,Equuleus vs Patagones,Unknown,February 23. 2020,Tomas Garcia del Rio,Search Live stream,Group,Patagones,Unknown,USPA Gold Cup,Unknown,Unknown,2020,,,,,Attacking 30,73;33,,,,,,,,,Shot At Goal,Goal,,
Throw-in (2),5265933,20000,,,Live,Chukka 5,,International Polo Club,Equuleus vs Patagones,Unknown,February 23. 2020,Tomas Garcia del Rio,Search Live stream,Group,Patagones,Unknown,USPA Gold Cup,Unknown,Unknown,2020,,,,,,,,,,,,Throw-in,,,,,Patagones win throw-in,
Throw-in (3),5364966,20000,,,Live,Chukka 5,,International Polo Club,Equuleus vs Patagones,Unknown,February 23. 2020,Geronimo Obregon,Search Live stream,Group,Patagones,Unknown,USPA Gold Cup,Unknown,Unknown,2020,,,,,,,,,,,,Throw-in,,,,,Patagones win throw-in,
Throw-in (4),5415933,20000,,,Live,Chukka 5,,International Polo Club,Equuleus vs Patagones,Unknown,February 23. 2020,Gonzalo Avendano,Search Live stream,Group,Patagones,Unknown,USPA Gold Cup,Unknown,Unknown,2020,,,,,,,,,,,,Throw-in,,,,,Patagones win throw-in,
Assist (5),5784300,25000,Santiago Toccalino,Successful,Live,Chukka 6,,International Polo Club,Equuleus vs Patagones,Unknown,February 23. 2020,Santiago Toccalino,Search Live stream,Group,Patagones,Unknown,USPA Gold Cup,Unknown,Unknown,2020,,,,,,,,,,,,,,,,,,
Assist (6),6085933,25000,Mariano Gonzalez,Unsuccessful,Live,Chukka 6,,International Polo Club,Equuleus vs Patagones,Unknown,February 23. 2020,Mariano Gonzalez,Search Live stream,Group,Equuleus,Unknown,USPA Gold Cup,Unknown,Unknown,2020,,,,,,,,,,,,,,,,,,
Chukka Length (6),5689916,479057,,,Live,Chukka 6,Chukka Length,International Polo Club,Equuleus vs Patagones,Unknown,February 23. 2020,,Search Livestream,Group,Team,Unknown,USPA Gold Cup,Unknown,Unknown,2020,,,,,,,,,,,,,,,,,,
Foul (10),5878566,25000,,,Live,Chukka 6,,International Polo Club,Equuleus vs Patagones,Unknown,February 23. 2020,Inaki Laprida,Search Live stream,Group,Equuleus,Unknown,USPA Gold Cup,Unknown,Unknown,2020,,Foul,Penalty 60 yards,Right of Way,Defending Half,118;211,114;185,92;201,,,,,,,,,,
Foul Received (10),5878566,25000,,,Live,Chukka 6,,International Polo Club,Equuleus vs Patagones,Unknown,February 23. 2020,Geronimo Obregon,Search Live stream,Group,Patagones,Unknown,USPA Gold Cup,Unknown,Unknown,2020,,Foul Received,Penalty 60 yards,Right of Way,Attacking Half,28;99,,,,,,,,,,,,
Free Hit (1),5745300,20000,,,Live,Chukka 6,,International Polo Club,Equuleus vs Patagones,Unknown,February 23. 2020,Mariano Gonzalez,Search Live stream,Group,Equuleus,Unknown,USPA Gold Cup,Unknown,Unknown,2020,,,,,,,,,,,,Free Hit,,,,,,
Free Hit (2),6073900,20000,,,Live,Chukka 6,,International Polo Club,Equuleus vs Patagones,Unknown,February 23. 2020,Tomas Garcia del Rio,Search Live stream,Group,Patagones,Unknown,USPA Gold Cup,Unknown,Unknown,2020,,,,,,,,,,,,Free Hit,,,,,,
Goal Equuleus (1),6127600,35000,,,Live,Chukka 6,,International Polo Club,Equuleus vs Patagones,Unknown,February 23. 2020,Magoo Laprida,Search Live stream,Group,Equuleus,Unknown,USPA Gold Cup,Unknown,Unknown,2020,,,,,Attacking 30,72;6,,,Goal Equuleus,,,,,,,,,
Goal Patagones (5),5763900,35000,,,Live,Chukka 6,,International Polo Club,Equuleus vs Patagones,Unknown,February 23. 2020,Geronimo Obregon,Search Live stream,Group,Patagones,Unknown,USPA Gold Cup,Unknown,Unknown,2020,,,,,Attacking 30,70;6,,,Goal Patagones,Goals,,,,,,,,
Knock In (6),6039133,40000,,,Live,Chukka 6,,International Polo Club,Equuleus vs Patagones,Unknown,February 23. 2020,Mariano Gonzalez,Search Live stream,Group,Equuleus,Unknown,USPA Gold Cup,Unknown,Unknown,2020,,,,,,,,,,,Inaki Laprida,Knock In,,,,,,
Knock In (7),6117333,40000,,,Live,Chukka 6,,International Polo Club,Equuleus vs Patagones,Unknown,February 23. 2020,Tomas Garcia del Rio,Search Live stream,Group,Patagones,Unknown,USPA Gold Cup,Unknown,Unknown,2020,,,,,,,,,,,,Knock In,,,,,,
Penalty 60 yards (1),6015185,15000,,,Live,Chukka 6,,International Polo Club,Equuleus vs Patagones,Unknown,February 23. 2020,Santiago Toccalino,Search Live stream,Group,Patagones,Unknown,USPA Gold Cup,Unknown,Unknown,2020,,,,,,,,,,,,,Penalty 60 yards,Wide,,,,
Shot At Goal (14),5728166,35000,,,Live,Chukka 6,,International Polo Club,Equuleus vs Patagones,Unknown,February 23. 2020,Mariano Gonzalez,Search Live stream,Group,Equuleus,Unknown,USPA Gold Cup,Unknown,Unknown,2020,,,,,Attacking 60,123;48,,,,,,,,,Shot At Goal,Blocked,,
Shot At Goal (15),5760366,35000,,,Live,Chukka 6,,International Polo Club,Equuleus vs Patagones,Unknown,February 23. 2020,Geronimo Obregon,Search Live stream,Group,Patagones,Unknown,USPA Gold Cup,Unknown,Unknown,2020,,,,,Attacking 30,60;15,,,,,,,,,Shot At Goal,Goal,,
Shot At Goal (16),6073733,35000,,,Live,Chukka 6,,International Polo Club,Equuleus vs Patagones,Unknown,February 23. 2020,Magoo Laprida,Search Live stream,Group,Equuleus,Unknown,USPA Gold Cup,Unknown,Unknown,2020,,,,,Attacking 30,104;21,,,,,,,,,Shot At Goal,Wide,,
Shot At Goal (17),6113600,35000,,,Live,Chukka 6,,International Polo Club,Equuleus vs Patagones,Unknown,February 23. 2020,Mariano Gonzalez,Search Live stream,Group,Equuleus,Unknown,USPA Gold Cup,Unknown,Unknown,2020,,,,,Attacking 30,64;21,,,,,,,,,Shot At Goal,Miss Hit,,
Shot At Goal (18),6126700,35000,,,Live,Chukka 6,,International Polo Club,Equuleus vs Patagones,Unknown,February 23. 2020,Magoo Laprida,Search Live stream,Group,Equuleus,Unknown,USPA Gold Cup,Unknown,Unknown,2020,,,,,Attacking 30,70;15,,,,,,,,,Shot At Goal,Goal,,
Shot Block (2),5755033,10000,,,Live,Chukka 6,,International Polo Club,Equuleus vs Patagones,Unknown,February 23. 2020,Gonzalo Avendano,Search Live stream,Group,Patagones,Unknown,USPA Gold Cup,Unknown,Unknown,2020,,,,,,,,,,,,,,,,,,Shot Block
Throw-in (5),5688866,20000,,,Live,Chukka 6,,International Polo Club,Equuleus vs Patagones,Unknown,February 23. 2020,Magoo Laprida,Search Live stream,Group,Equuleus,Unknown,USPA Gold Cup,Unknown,Unknown,2020,,,,,,,,,,,,Throw-in,,,,,Equuleus win throw-in,
Throw-in (6),5819666,20000,,,Live,Chukka 6,,International Polo Club,Equuleus vs Patagones,Unknown,February 23. 2020,Geronimo Obregon,Search Live stream,Group,Patagones,Unknown,USPA Gold Cup,Unknown,Unknown,2020,,,,,,,,,,,,Throw-in,,,,,Patagones win throw-in,