Name,Position,Duration,Search Event,Camera Angle,Year,Chukka,Shot At Goal,Shot At Goal Outcome,Location,General Field Area,Player,Team,Game,Club,Instant Replay Official,Match Date,Stage,Third Umpire,Tournament,Umpire 1,Umpire 2,Goal,Highlight Reel,Set Play,Throw-in Outcome,Chukka Length,Assist Outcome,Assist,Foul,Foul Type,Foul Outcome,Umpire Focal,Umpire Trailing,Penalties,Penalty Outcome,Knock-in Player 2,Penalty Block,Collision
Shot At Goal,566,35000,Search Livestream,Live`,2020,Chukka 1,Shot At Goal,Goal,79;13,Attacking 30,Jeff Hall,La Indiana,La Indiana vs Stable Door Polo,International Polo Club,Kevin Fawcett,January 29. 2020,Semi-Finals,Horton Schwartz,Ylvisaker Cup,George Olivas,Hector Galindo,,,,,,,,,,,,,,,,,
Goal La Indiana,1800,35000,Search Livestream,Live`,2020,Chukka 1,,,,,Jeff Hall,La Indiana,La Indiana vs Stable Door Polo,International Polo Club,Kevin Fawcett,January 29. 2020,Semi-Finals,Horton Schwartz,Ylvisaker Cup,George Olivas,Hector Galindo,Goal La Indiana,Goals,,,,,,,,,,,,,,,
Throw-in,6600,20000,Search Livestream,Live`,2020,Chukka 1,,,,,Facundo Obregon,La Indiana,La Indiana vs Stable Door Polo,International Polo Club,Kevin Fawcett,January 29. 2020,Semi-Finals,Horton Schwartz,Ylvisaker Cup,George Olivas,Hector Galindo,,,Throw-in,La Indiana win throw-in,,,,,,,,,,,,,
Chukka Length,9600,505861,Search Livestream,Live`,2020,Chukka 1,,,,,,Team,La Indiana vs Stable Door Polo,International Polo Club,Kevin Fawcett,January 29. 2020,Semi-Finals,Horton Schwartz,Ylvisaker Cup,George Olivas,Hector Galindo,,,,,Chukka Length,,,,,,,,,,,,
Game Length,9600,5994021,Search Livestream,Live`,2020,,,,,,,Team,Lockton vs Archangel/Granite Bay,Empire Polo Club,Unknown,January 26  2020,Group,Unknown,Sportsmanship Cup,Unknown,Unknown,,,,,Game Length,,,,,,,,,,,,
Assist,16800,25000,Search Livestream,Live`,2020,Chukka 1,,,,,Facundo Obregon,La Indiana,La Indiana vs Stable Door Polo,International Polo Club,Kevin Fawcett,January 29. 2020,Semi-Finals,Horton Schwartz,Ylvisaker Cup,George Olivas,Hector Galindo,,,,,,Successful,Facundo Obregon,,,,,,,,,,
Foul,54033,25000,Search Livestream,Live`,2020,Chukka 1,,,78;138,Attacking Half,Jeff Hall,La Indiana,La Indiana vs Stable Door Polo,International Polo Club,Kevin Fawcett,January 29. 2020,Semi-Finals,Horton Schwartz,Ylvisaker Cup,George Olivas,Hector Galindo,,,,,,,,Foul,Right of Way,Penalty 5,78;149,139;151,,,,,
Foul Received,54033,25000,Search Livestream,Live`,2020,Chukka 1,,,45;165,Defending Half,Matias Magrini,Stable Door Polo,La Indiana vs Stable Door Polo,International Polo Club,Kevin Fawcett,January 29. 2020,Semi-Finals,Horton Schwartz,Ylvisaker Cup,George Olivas,Hector Galindo,,,,,,,,Foul Received,Right of Way,Penalty 5,,,,,,,
Throw-in (1),60400,20000,Search Livestream,Live`,2020,Chukka 1,,,,,Jeff Hall,La Indiana,La Indiana vs Stable Door Polo,International Polo Club,Kevin Fawcett,January 29. 2020,Semi-Finals,Horton Schwartz,Ylvisaker Cup,George Olivas,Hector Galindo,,,Throw-in,La Indiana win throw-in,,,,,,,,,,,,,
Shot At Goal (1),79766,35000,Search Livestream,Live`,2020,Chukka 1,Shot At Goal,Goal,78;21,Attacking 30,Facundo Obregon,La Indiana,La Indiana vs Stable Door Polo,International Polo Club,Kevin Fawcett,January 29. 2020,Semi-Finals,Horton Schwartz,Ylvisaker Cup,George Olivas,Hector Galindo,,,,,,,,,,,,,,,,,
Goal La Indiana (1),81333,35000,Search Livestream,Live`,2020,Chukka 1,,,,,Facundo Obregon,La Indiana,La Indiana vs Stable Door Polo,International Polo Club,Kevin Fawcett,January 29. 2020,Semi-Finals,Horton Schwartz,Ylvisaker Cup,George Olivas,Hector Galindo,Goal La Indiana,,,,,,,,,,,,,,,,
Penalty 5,87000,30000,Search Livestream,Live`,2020,Chukka 1,,,,,Unknown,Stable Door Polo,La Indiana vs Stable Door Polo,International Polo Club,Kevin Fawcett,January 29. 2020,Semi-Finals,Horton Schwartz,Ylvisaker Cup,George Olivas,Hector Galindo,,,Penalty 5,,,,,,,,,,,,,,
Assist (1),96333,25000,Search Livestream,Live`,2020,Chukka 1,,,,,Jeff Hall,La Indiana,La Indiana vs Stable Door Polo,International Polo Club,Kevin Fawcett,January 29. 2020,Semi-Finals,Horton Schwartz,Ylvisaker Cup,George Olivas,Hector Galindo,,,,,,Successful,Jeff Hall,,,,,,,,,,
Throw-in (2),141466,20000,Search Livestream,Live`,2020,Chukka 1,,,,,Santino Magrini,Stable Door Polo,La Indiana vs Stable Door Polo,International Polo Club,Kevin Fawcett,January 29. 2020,Semi-Finals,Horton Schwartz,Ylvisaker Cup,George Olivas,Hector Galindo,,,Throw-in,Stable Door Polo win throw-in,,,,,,,,,,,,,
Shot At Goal (2),149800,35000,Search Livestream,Live`,2020,Chukka 1,Shot At Goal,Wide,126;36,Attacking 30,Matias Magrini,Stable Door Polo,La Indiana vs Stable Door Polo,International Polo Club,Kevin Fawcett,January 29. 2020,Semi-Finals,Horton Schwartz,Ylvisaker Cup,George Olivas,Hector Galindo,,,,,,,,,,,,,,,,,
Shot At Goal (3),192233,35000,Search Livestream,Live`,2020,Chukka 1,Shot At Goal,,86;26,Attacking 30,Matias Magrini,Stable Door Polo,La Indiana vs Stable Door Polo,International Polo Club,Kevin Fawcett,January 29. 2020,Semi-Finals,Horton Schwartz,Ylvisaker Cup,George Olivas,Hector Galindo,,,,,,,,,,,,,,,,,
Goal Stable Door Polo,193933,35000,Search Livestream,Live`,2020,Chukka 1,,,,,Matias Magrini,Stable Door Polo,La Indiana vs Stable Door Polo,International Polo Club,Kevin Fawcett,January 29. 2020,Semi-Finals,Horton Schwartz,Ylvisaker Cup,George Olivas,Hector Galindo,Goal Stable Door Polo,,,,,,,,,,,,,,,,
Knock In,196500,40000,Search Livestream,Live`,2020,Chukka 1,,,,,Espeban Panelo,La Indiana,La Indiana vs Stable Door Polo,International Polo Club,Kevin Fawcett,January 29. 2020,Semi-Finals,Horton Schwartz,Ylvisaker Cup,George Olivas,Hector Galindo,,,Knock In,,,,,,,,,,,,,,
Non Call,203166,20000,Search Livestream,Live`,2020,Chukka 1,,,,,,Team,La Indiana vs Stable Door Polo,International Polo Club,Kevin Fawcett,January 29. 2020,Semi-Finals,Horton Schwartz,Ylvisaker Cup,George Olivas,Hector Galindo,,,,,,,,Non Call,Right of Way,,,,,,,,
Assist (2),208933,25000,Search Livestream,Live`,2020,Chukka 1,,,,,Santino Magrini,Stable Door Polo,La Indiana vs Stable Door Polo,International Polo Club,Kevin Fawcett,January 29. 2020,Semi-Finals,Horton Schwartz,Ylvisaker Cup,George Olivas,Hector Galindo,,,,,,Successful,Robert Orthwein,,,,,,,,,,
Throw-in (3),256498,20000,Search Livestream,Live`,2020,Chukka 1,,,,,Matias Magrini,Stable Door Polo,La Indiana vs Stable Door Polo,International Polo Club,Kevin Fawcett,January 29. 2020,Semi-Finals,Horton Schwartz,Ylvisaker Cup,George Olivas,Hector Galindo,,,Throw-in,Stable Door Polo win throw-in,,,,,,,,,,,,,
Shot At Goal (4),271666,35000,Search Livestream,Live`,2020,Chukka 1,Shot At Goal,Goal,72;21,Attacking 30,Jeff Hall,La Indiana,La Indiana vs Stable Door Polo,International Polo Club,Kevin Fawcett,January 29. 2020,Semi-Finals,Horton Schwartz,Ylvisaker Cup,George Olivas,Hector Galindo,,,,,,,,,,,,,,,,,
Goal La Indiana (2),273366,35000,Search Livestream,Live`,2020,Chukka 1,,,,,Jeff Hall,La Indiana,La Indiana vs Stable Door Polo,International Polo Club,Kevin Fawcett,January 29. 2020,Semi-Finals,Horton Schwartz,Ylvisaker Cup,George Olivas,Hector Galindo,Goal La Indiana,,,,,,,,,,,,,,,,
Assist (3),288366,25000,Search Livestream,Live`,2020,Chukka 1,,,,,Espeban Panelo,La Indiana,La Indiana vs Stable Door Polo,International Polo Club,Kevin Fawcett,January 29. 2020,Semi-Finals,Horton Schwartz,Ylvisaker Cup,George Olivas,Hector Galindo,,,,,,Successful,Espeban Panelo,,,,,,,,,,
Throw-in (4),341933,20000,Search Livestream,Live`,2020,Chukka 1,,,,,Henry Porter,Stable Door Polo,La Indiana vs Stable Door Polo,International Polo Club,Kevin Fawcett,January 29. 2020,Semi-Finals,Horton Schwartz,Ylvisaker Cup,George Olivas,Hector Galindo,,,Throw-in,Stable Door Polo win throw-in,,,,,,,,,,,,,
Foul (1),348233,25000,Search Livestream,Live`,2020,Chukka 1,,,143;180,Defending Half,Espeban Panelo,La Indiana,La Indiana vs Stable Door Polo,International Polo Club,Kevin Fawcett,January 29. 2020,Semi-Finals,Horton Schwartz,Ylvisaker Cup,George Olivas,Hector Galindo,,,,,,,,Foul,Right of Way,Penalty 5,126;203,63;195,,,,,
Foul Received (1),348233,25000,Search Livestream,Live`,2020,Chukka 1,,,3;130,Attacking Half,Robert Orthwein,Stable Door Polo,La Indiana vs Stable Door Polo,International Polo Club,Kevin Fawcett,January 29. 2020,Semi-Finals,Horton Schwartz,Ylvisaker Cup,George Olivas,Hector Galindo,,,,,,,,Foul Received,Right of Way,Penalty 5,,,,,,,
Penalty 5 (1),401233,30000,Search Livestream,Live`,2020,Chukka 1,,,,,Matias Magrini,Stable Door Polo,La Indiana vs Stable Door Polo,International Polo Club,Kevin Fawcett,January 29. 2020,Semi-Finals,Horton Schwartz,Ylvisaker Cup,George Olivas,Hector Galindo,,,Penalty 5,,,,,,,,,,,,,,
Shot At Goal (5),448966,35000,Search Livestream,Live`,2020,Chukka 1,Shot At Goal,Miss Hit,68;20,Attacking 30,Santino Magrini,Stable Door Polo,La Indiana vs Stable Door Polo,International Polo Club,Kevin Fawcett,January 29. 2020,Semi-Finals,Horton Schwartz,Ylvisaker Cup,George Olivas,Hector Galindo,,,,,,,,,,,,,,,,,
Shot At Goal (6),451833,35000,Search Livestream,Live`,2020,Chukka 1,Shot At Goal,Goal,66;25,Attacking 30,Robert Orthwein,Stable Door Polo,La Indiana vs Stable Door Polo,International Polo Club,Kevin Fawcett,January 29. 2020,Semi-Finals,Horton Schwartz,Ylvisaker Cup,George Olivas,Hector Galindo,,,,,,,,,,,,,,,,,
Goal Stable Door Polo (1),453866,35000,Search Livestream,Live`,2020,Chukka 1,,,,,Robert Orthwein,Stable Door Polo,La Indiana vs Stable Door Polo,International Polo Club,Kevin Fawcett,January 29. 2020,Semi-Finals,Horton Schwartz,Ylvisaker Cup,George Olivas,Hector Galindo,Goal Stable Door Polo,,,,,,,,,,,,,,,,
Throw-in (5),687100,20000,Search Livestream,Live`,2020,Chukka 2,,,,,Santino Magrini,Stable Door Polo,La Indiana vs Stable Door Polo,International Polo Club,Kevin Fawcett,January 29. 2020,Semi-Finals,Horton Schwartz,Ylvisaker Cup,George Olivas,Hector Galindo,,,Throw-in,Stable Door Polo win throw-in,,,,,,,,,,,,,
Chukka Length (1),690133,805500,Search Livestream,Live`,2020,Chukka 2,,,,,,Team,La Indiana vs Stable Door Polo,International Polo Club,Kevin Fawcett,January 29. 2020,Semi-Finals,Horton Schwartz,Ylvisaker Cup,George Olivas,Hector Galindo,,,,,Chukka Length,,,,,,,,,,,,
Shot At Goal (7),713266,35000,Search Livestream,Live`,2020,Chukka 2,Shot At Goal,Wide,89;18,Attacking 30,Matias Magrini,Stable Door Polo,La Indiana vs Stable Door Polo,International Polo Club,Kevin Fawcett,January 29. 2020,Semi-Finals,Horton Schwartz,Ylvisaker Cup,George Olivas,Hector Galindo,,,,,,,,,,,,,,,,,
Knock In (1),756866,40000,Search Livestream,Live`,2020,Chukka 2,,,,,Espeban Panelo,La Indiana,La Indiana vs Stable Door Polo,International Polo Club,Kevin Fawcett,January 29. 2020,Semi-Finals,Horton Schwartz,Ylvisaker Cup,George Olivas,Hector Galindo,,,Knock In,,,,,,,,,,,,,,
Shot At Goal (8),792466,35000,Search Livestream,Live`,2020,Chukka 2,Shot At Goal,Miss Hit,88;15,Attacking 30,Henry Porter,Stable Door Polo,La Indiana vs Stable Door Polo,International Polo Club,Kevin Fawcett,January 29. 2020,Semi-Finals,Horton Schwartz,Ylvisaker Cup,George Olivas,Hector Galindo,,,,,,,,,,,,,,,,,
Free Hit,795961,20000,Search Livestream,Live`,2020,Chukka 2,,,,,Espeban Panelo,La Indiana,La Indiana vs Stable Door Polo,International Polo Club,Kevin Fawcett,January 29. 2020,Semi-Finals,Horton Schwartz,Ylvisaker Cup,George Olivas,Hector Galindo,,,Free Hit,,,,,,,,,,,,,,
Assist (4),806087,25000,Search Livestream,Live`,2020,Chukka 2,,,,,Matias Magrini,Stable Door Polo,La Indiana vs Stable Door Polo,International Polo Club,Kevin Fawcett,January 29. 2020,Semi-Finals,Horton Schwartz,Ylvisaker Cup,George Olivas,Hector Galindo,,,,,,Unsuccessful,Matias Magrini,,,,,,,,,,
Foul Received (2),824200,25000,Search Livestream,Live`,2020,Chukka 2,,,73;181,Defending Half,Facundo Obregon,La Indiana,La Indiana vs Stable Door Polo,International Polo Club,Kevin Fawcett,January 29. 2020,Semi-Finals,Horton Schwartz,Ylvisaker Cup,George Olivas,Hector Galindo,,,,,,,,Foul Received,Blocking,Penalty 60 yards,,,,,,,
Foul (2),824200,25000,Search Livestream,Live`,2020,Chukka 2,,,75;125,Attacking Half,Santino Magrini,Stable Door Polo,La Indiana vs Stable Door Polo,International Polo Club,Kevin Fawcett,January 29. 2020,Semi-Finals,Horton Schwartz,Ylvisaker Cup,George Olivas,Hector Galindo,,,,,,,,Foul,Blocking,Penalty 60 yards,98;68,95;7,,,,,
Yellow Card,874466,10000,Search Livestream,Live`,2020,Chukka 2,,,,,Santino Magrini,Stable Door Polo,La Indiana vs Stable Door Polo,International Polo Club,Kevin Fawcett,January 29. 2020,Semi-Finals,Horton Schwartz,Ylvisaker Cup,George Olivas,Hector Galindo,,,,,,,,Yellow Card,Blocking,Penalty 60 yards,,,,,,,
Penalty 60 yards,959800,15000,Search Livestream,Live`,2020,Chukka 2,,,,,Jeff Hall,La Indiana,La Indiana vs Stable Door Polo,International Polo Club,Kevin Fawcett,January 29. 2020,Semi-Finals,Horton Schwartz,Ylvisaker Cup,George Olivas,Hector Galindo,,,,,,,,,,,,,Penalty 60 yards,Wide,,,
Foul Received (3),973666,25000,Search Livestream,Live`,2020,Chukka 2,,,50;35,Attacking 30,Jeff Hall,La Indiana,La Indiana vs Stable Door Polo,International Polo Club,Kevin Fawcett,January 29. 2020,Semi-Finals,Horton Schwartz,Ylvisaker Cup,George Olivas,Hector Galindo,,,,,,,,Foul Received,Dangerous Riding,Penalty 60 yards,,,,,,,
Foul (3),973666,25000,Search Livestream,Live`,2020,Chukka 2,,,112;267,Defending 30,Santino Magrini,Stable Door Polo,La Indiana vs Stable Door Polo,International Polo Club,Kevin Fawcett,January 29. 2020,Semi-Finals,Horton Schwartz,Ylvisaker Cup,George Olivas,Hector Galindo,,,,,,,,Foul,Dangerous Riding,Penalty 60 yards,112;295,21;248,,,,,
Knock In (2),979766,40000,Search Livestream,Live`,2020,Chukka 2,,,,,Matias Magrini,Stable Door Polo,La Indiana vs Stable Door Polo,International Polo Club,Kevin Fawcett,January 29. 2020,Semi-Finals,Horton Schwartz,Ylvisaker Cup,George Olivas,Hector Galindo,,,Knock In,,,,,,,,,,,,,,
Penalty 60 yards (1),1032927,15000,Search Livestream,Live`,2020,Chukka 2,,,,,Jeff Hall,La Indiana,La Indiana vs Stable Door Polo,International Polo Club,Kevin Fawcett,January 29. 2020,Semi-Finals,Horton Schwartz,Ylvisaker Cup,George Olivas,Hector Galindo,,,,,,,,,,,,,Penalty 60 yards,Wide,,,
Shot At Goal (9),1051533,35000,Search Livestream,Live`,2020,Chukka 2,Shot At Goal,Wide,97;92,Attacking Half,Robert Orthwein,Stable Door Polo,La Indiana vs Stable Door Polo,International Polo Club,Kevin Fawcett,January 29. 2020,Semi-Finals,Horton Schwartz,Ylvisaker Cup,George Olivas,Hector Galindo,,,,,,,,,,,,,,,,,
Knock In (3),1058300,40000,Search Livestream,Live`,2020,Chukka 2,,,,,Matias Magrini,Stable Door Polo,La Indiana vs Stable Door Polo,International Polo Club,Kevin Fawcett,January 29. 2020,Semi-Finals,Horton Schwartz,Ylvisaker Cup,George Olivas,Hector Galindo,,,Knock In,,,,,,,,,,,,Robert Orthwein,,
Assist (5),1069666,25000,Search Livestream,Live`,2020,Chukka 2,,,,,Santino Magrini,Stable Door Polo,La Indiana vs Stable Door Polo,International Polo Club,Kevin Fawcett,January 29. 2020,Semi-Finals,Horton Schwartz,Ylvisaker Cup,George Olivas,Hector Galindo,,,,,,Unsuccessful,Robert Orthwein,,,,,,,,,,
Knock In (4),1100566,40000,Search Livestream,Live`,2020,Chukka 2,,,,,Espeban Panelo,La Indiana,La Indiana vs Stable Door Polo,International Polo Club,Kevin Fawcett,January 29. 2020,Semi-Finals,Horton Schwartz,Ylvisaker Cup,George Olivas,Hector Galindo,,,Knock In,,,,,,,,,,,,Jeff Hall,,
Foul (4),1115366,25000,Search Livestream,Live`,2020,Chukka 2,,,127;142,Attacking Half,Facundo Obregon,La Indiana,La Indiana vs Stable Door Polo,International Polo Club,Kevin Fawcett,January 29. 2020,Semi-Finals,Horton Schwartz,Ylvisaker Cup,George Olivas,Hector Galindo,,,,,,,,Foul,Riding Into Shot,Penalty 5,60;153,127;181,,,,,
Foul Received (4),1115366,25000,Search Livestream,Live`,2020,Chukka 2,,,35;165,Defending Half,Santino Magrini,Stable Door Polo,La Indiana vs Stable Door Polo,International Polo Club,Kevin Fawcett,January 29. 2020,Semi-Finals,Horton Schwartz,Ylvisaker Cup,George Olivas,Hector Galindo,,,,,,,,Foul Received,Riding Into Shot,Penalty 5,,,,,,,
Penalty 5 (2),1143266,30000,Search Livestream,Live`,2020,Chukka 2,,,,,Matias Magrini,Stable Door Polo,La Indiana vs Stable Door Polo,International Polo Club,Kevin Fawcett,January 29. 2020,Semi-Finals,Horton Schwartz,Ylvisaker Cup,George Olivas,Hector Galindo,,,Penalty 5,,,,,,,,,,,,,,
Shot At Goal (10),1187300,35000,Search Livestream,Live`,2020,Chukka 2,Shot At Goal,Deflected,95;17,Attacking 30,Henry Porter,Stable Door Polo,La Indiana vs Stable Door Polo,International Polo Club,Kevin Fawcett,January 29. 2020,Semi-Finals,Horton Schwartz,Ylvisaker Cup,George Olivas,Hector Galindo,,,,,,,,,,,,,,,,,
Assist (6),1202300,25000,Search Livestream,Live`,2020,Chukka 2,,,,,Santino Magrini,Stable Door Polo,La Indiana vs Stable Door Polo,International Polo Club,Kevin Fawcett,January 29. 2020,Semi-Finals,Horton Schwartz,Ylvisaker Cup,George Olivas,Hector Galindo,,,,,,Unsuccessful,Robert Orthwein,,,,,,,,,,
Free Hit (1),1206166,20000,Search Livestream,Live`,2020,Chukka 2,,,,,Santino Magrini,Stable Door Polo,La Indiana vs Stable Door Polo,International Polo Club,Kevin Fawcett,January 29. 2020,Semi-Finals,Horton Schwartz,Ylvisaker Cup,George Olivas,Hector Galindo,,,Free Hit,,,,,,,,,,,,,,
Safety 60,1273766,15000,Search Livestream,Live`,2020,Chukka 2,,,,,Santino Magrini,Stable Door Polo,La Indiana vs Stable Door Polo,International Polo Club,Kevin Fawcett,January 29. 2020,Semi-Finals,Horton Schwartz,Ylvisaker Cup,George Olivas,Hector Galindo,,,,,,,,,,,,,Safety 60,Deflected,,,
Safety 60 (1),1317033,15000,Search Livestream,Live`,2020,Chukka 2,,,,,Santino Magrini,Stable Door Polo,La Indiana vs Stable Door Polo,International Polo Club,Kevin Fawcett,January 29. 2020,Semi-Finals,Horton Schwartz,Ylvisaker Cup,George Olivas,Hector Galindo,,,,,,,,,,,,,Safety 60,Wide,,,
Knock In (5),1341966,40000,Search Livestream,Live`,2020,Chukka 2,,,,,Espeban Panelo,La Indiana,La Indiana vs Stable Door Polo,International Polo Club,Kevin Fawcett,January 29. 2020,Semi-Finals,Horton Schwartz,Ylvisaker Cup,George Olivas,Hector Galindo,,,Knock In,,,,,,,,,,,,Jeff Hall,,
Foul Received (5),1361633,25000,Search Livestream,Live`,2020,Chukka 2,,,69;18,Attacking 30,Espeban Panelo,La Indiana,La Indiana vs Stable Door Polo,International Polo Club,Kevin Fawcett,January 29. 2020,Semi-Finals,Horton Schwartz,Ylvisaker Cup,George Olivas,Hector Galindo,,,,,,,,Foul Received,Blocking,Penalty 1,,,,,,,
Foul (5),1362733,25000,Search Livestream,Live`,2020,Chukka 2,,,77;274,Defending 30,Henry Porter,Stable Door Polo,La Indiana vs Stable Door Polo,International Polo Club,Kevin Fawcett,January 29. 2020,Semi-Finals,Horton Schwartz,Ylvisaker Cup,George Olivas,Hector Galindo,,,,,,,,Foul,Blocking,Penalty 1,49;239,135;252,,,,,
Goal La Indiana (3),1383200,35000,Search Livestream,Live`,2020,Chukka 2,,,,,Espeban Panelo,La Indiana,La Indiana vs Stable Door Polo,International Polo Club,Kevin Fawcett,January 29. 2020,Semi-Finals,Horton Schwartz,Ylvisaker Cup,George Olivas,Hector Galindo,Goal La Indiana,,,,,,,,,,,,,,,,
Penalty 1,1391480,10000,Search Livestream,Live`,2020,Chukka 2,,,,,Espeban Panelo,La Indiana,La Indiana vs Stable Door Polo,International Polo Club,Kevin Fawcett,January 29. 2020,Semi-Finals,Horton Schwartz,Ylvisaker Cup,George Olivas,Hector Galindo,,,,,,,,,,,,,Penalty 1,Goal,,,
Shot At Goal (11),1420900,35000,Search Livestream,Live`,2020,Chukka 2,Shot At Goal,Blocked,127;52,Attacking 60,Espeban Panelo,La Indiana,La Indiana vs Stable Door Polo,International Polo Club,Kevin Fawcett,January 29. 2020,Semi-Finals,Horton Schwartz,Ylvisaker Cup,George Olivas,Hector Galindo,,,,,,,,,,,,,,,,,
Penalty 5b,1440333,30000,Search Livestream,Live`,2020,Chukka 2,,,,,Facundo Obregon,La Indiana,La Indiana vs Stable Door Polo,International Polo Club,Kevin Fawcett,January 29. 2020,Semi-Finals,Horton Schwartz,Ylvisaker Cup,George Olivas,Hector Galindo,,,Penalty 5b,,,,,,,,,,,,,,
Shot At Goal (12),1448366,35000,Search Livestream,Live`,2020,Chukka 2,Shot At Goal,Wide,116;26,Attacking 30,Espeban Panelo,La Indiana,La Indiana vs Stable Door Polo,International Polo Club,Kevin Fawcett,January 29. 2020,Semi-Finals,Horton Schwartz,Ylvisaker Cup,George Olivas,Hector Galindo,,,,,,,,,,,,,,,,,
Shot Block,1448600,10000,Search Livestream,Live`,2020,Chukka 2,,,,,Matias Magrini,Stable Door Polo,La Indiana vs Stable Door Polo,International Polo Club,Kevin Fawcett,January 29. 2020,Semi-Finals,Horton Schwartz,Ylvisaker Cup,George Olivas,Hector Galindo,,,,,,,,,,,,,,,,Shot Block,
Knock In (6),1684666,40000,Search Livestream,Live`,2020,Chukka 3,,,,,Matias Magrini,Stable Door Polo,La Indiana vs Stable Door Polo,International Polo Club,Kevin Fawcett,January 29. 2020,Semi-Finals,Horton Schwartz,Ylvisaker Cup,George Olivas,Hector Galindo,,,Knock In,,,,,,,,,,,,Robert Orthwein,,
Chukka Length (2),1687333,245133,Search Livestream,Live`,2020,Chukka 3,,,,,,Team,La Indiana vs Stable Door Polo,International Polo Club,Kevin Fawcett,January 29. 2020,Semi-Finals,Horton Schwartz,Ylvisaker Cup,George Olivas,Hector Galindo,,,,,Chukka Length,,,,,,,,,,,,
Non Call (1),1769400,20000,Search Livestream,Live`,2020,Chukka 3,,,,,,Team,La Indiana vs Stable Door Polo,International Polo Club,Kevin Fawcett,January 29. 2020,Semi-Finals,Horton Schwartz,Ylvisaker Cup,George Olivas,Hector Galindo,,,,,,,,Non Call,Riding Into Shot,,,,,,,,
Foul Received (6),1798833,25000,Search Livestream,Live`,2020,Chukka 3,,,32;121,Attacking Half,Facundo Obregon,La Indiana,La Indiana vs Stable Door Polo,International Polo Club,Kevin Fawcett,January 29. 2020,Semi-Finals,Horton Schwartz,Ylvisaker Cup,George Olivas,Hector Galindo,,,,,,,,Foul Received,Blocking,Penalty 60 yards,,,,,,,
Foul (6),1798833,25000,Search Livestream,Live`,2020,Chukka 3,,,128;179,Defending Half,Santino Magrini,Stable Door Polo,La Indiana vs Stable Door Polo,International Polo Club,Kevin Fawcett,January 29. 2020,Semi-Finals,Horton Schwartz,Ylvisaker Cup,George Olivas,Hector Galindo,,,,,,,,Foul,Blocking,Penalty 60 yards,119;179,80;154,,,,,
Penalty 60 yards (2),1874766,15000,Search Livestream,Live`,2020,Chukka 3,,,,,Facundo Obregon,La Indiana,La Indiana vs Stable Door Polo,International Polo Club,Kevin Fawcett,January 29. 2020,Semi-Finals,Horton Schwartz,Ylvisaker Cup,George Olivas,Hector Galindo,,,,,,,,,,,,,Penalty 60 yards,Wide,,,
Knock In (7),1894433,40000,Search Livestream,Live`,2020,Chukka 3,,,,,Matias Magrini,Stable Door Polo,La Indiana vs Stable Door Polo,International Polo Club,Kevin Fawcett,January 29. 2020,Semi-Finals,Horton Schwartz,Ylvisaker Cup,George Olivas,Hector Galindo,,,Knock In,,,,,,,,,,,,Robert Orthwein,,
Collision,1925966,15000,Search Livestream,Live`,2020,Chukka 3,,,,,Espeban Panelo,La Indiana,La Indiana vs Stable Door Polo,International Polo Club,Kevin Fawcett,January 29. 2020,Semi-Finals,Horton Schwartz,Ylvisaker Cup,George Olivas,Hector Galindo,,,,,,,,,,,,,,,,,Collision
Injury Time,1932466,388033,Search Livestream,Live`,2020,Chukka 3,,,,,,Team,La Indiana vs Stable Door Polo,International Polo Club,Kevin Fawcett,January 29. 2020,Semi-Finals,Horton Schwartz,Ylvisaker Cup,George Olivas,Hector Galindo,,,,,Injury Time,,,,,,,,,,,,
Shot At Goal (13),2310666,35000,Search Livestream,Live`,2020,Chukka 3,Shot At Goal,Goal,76;7,Attacking 30,Santino Magrini,Stable Door Polo,La Indiana vs Stable Door Polo,International Polo Club,Kevin Fawcett,January 29. 2020,Semi-Finals,Horton Schwartz,Ylvisaker Cup,George Olivas,Hector Galindo,,,,,,,,,,,,,,,,,
Goal Stable Door Polo (2),2312466,35000,Search Livestream,Live`,2020,Chukka 3,,,,,Santino Magrini,Stable Door Polo,La Indiana vs Stable Door Polo,International Polo Club,Kevin Fawcett,January 29. 2020,Semi-Finals,Horton Schwartz,Ylvisaker Cup,George Olivas,Hector Galindo,Goal Stable Door Polo,,,,,,,,,,,,,,,,
Throw-in (6),2317300,20000,Search Livestream,Live`,2020,Chukka 3,,,,,Michael Bickford,La Indiana,La Indiana vs Stable Door Polo,International Polo Club,Kevin Fawcett,January 29. 2020,Semi-Finals,Horton Schwartz,Ylvisaker Cup,George Olivas,Hector Galindo,,,Throw-in,La Indiana win throw-in,,,,,,,,,,,,,
Chukka Length (3),2320500,387304,Search Livestream,Live`,2020,Chukka 3,,,,,,Team,La Indiana vs Stable Door Polo,International Polo Club,Kevin Fawcett,January 29. 2020,Semi-Finals,Horton Schwartz,Ylvisaker Cup,George Olivas,Hector Galindo,,,,,Chukka Length,,,,,,,,,,,,
Assist (7),2327466,25000,Search Livestream,Live`,2020,Chukka 3,,,,,Henry Porter,Stable Door Polo,La Indiana vs Stable Door Polo,International Polo Club,Kevin Fawcett,January 29. 2020,Semi-Finals,Horton Schwartz,Ylvisaker Cup,George Olivas,Hector Galindo,,,,,,Successful,Henry Porter,,,,,,,,,,
Throw-in (7),2369433,20000,Search Livestream,Live`,2020,Chukka 3,,,,,Jeff Hall,La Indiana,La Indiana vs Stable Door Polo,International Polo Club,Kevin Fawcett,January 29. 2020,Semi-Finals,Horton Schwartz,Ylvisaker Cup,George Olivas,Hector Galindo,,,Throw-in,La Indiana win throw-in,,,,,,,,,,,,,
Shot At Goal (14),2371033,35000,Search Livestream,Live`,2020,Chukka 3,Shot At Goal,Deflected,105;61,Attacking 60,Robert Orthwein,Stable Door Polo,La Indiana vs Stable Door Polo,International Polo Club,Kevin Fawcett,January 29. 2020,Semi-Finals,Horton Schwartz,Ylvisaker Cup,George Olivas,Hector Galindo,,,,,,,,,,,,,,,,,
Non Call (2),2373000,20000,Search Livestream,Live`,2020,Chukka 3,,,,,,Team,La Indiana vs Stable Door Polo,International Polo Club,Kevin Fawcett,January 29. 2020,Semi-Finals,Horton Schwartz,Ylvisaker Cup,George Olivas,Hector Galindo,,,,,,,,Non Call,Right of Way,,,,,,,,
Safety 60 (2),2458891,15000,Search Livestream,Live`,2020,Chukka 3,,,,,Santino Magrini,Stable Door Polo,La Indiana vs Stable Door Polo,International Polo Club,Kevin Fawcett,January 29. 2020,Semi-Finals,Horton Schwartz,Ylvisaker Cup,George Olivas,Hector Galindo,,,,,,,,,,,,,Safety 60,Blocked,,,
Penalty Block,2466233,10000,Search Livestream,Live`,2020,Chukka 3,,,,,Jeff Hall,La Indiana,La Indiana vs Stable Door Polo,International Polo Club,Kevin Fawcett,January 29. 2020,Semi-Finals,Horton Schwartz,Ylvisaker Cup,George Olivas,Hector Galindo,,,,,,,,,,,,,,,,Penalty Block,
Foul (7),2497466,25000,Search Livestream,Live`,2020,Chukka 3,,,9;207,Defending Half,Michael Bickford,La Indiana,La Indiana vs Stable Door Polo,International Polo Club,Kevin Fawcett,January 29. 2020,Semi-Finals,Horton Schwartz,Ylvisaker Cup,George Olivas,Hector Galindo,,,,,,,,Foul,Dangerous Use of Mallet,Penalty 5,20;216,114;212,,,,,
Foul Received (7),2503533,25000,Search Livestream,Live`,2020,Chukka 3,,,134;81,Attacking Half,Matias Magrini,Stable Door Polo,La Indiana vs Stable Door Polo,International Polo Club,Kevin Fawcett,January 29. 2020,Semi-Finals,Horton Schwartz,Ylvisaker Cup,George Olivas,Hector Galindo,,,,,,,,Foul Received,Dangerous Use of Mallet,Penalty 5,,,,,,,
Shot At Goal (15),2506400,35000,Search Livestream,Live`,2020,Chukka 3,Shot At Goal,Wide,89;25,Attacking 30,Henry Porter,Stable Door Polo,La Indiana vs Stable Door Polo,International Polo Club,Kevin Fawcett,January 29. 2020,Semi-Finals,Horton Schwartz,Ylvisaker Cup,George Olivas,Hector Galindo,,,,,,,,,,,,,,,,,
Assist (8),2524366,25000,Search Livestream,Live`,2020,Chukka 3,,,,,Matias Magrini,Stable Door Polo,La Indiana vs Stable Door Polo,International Polo Club,Kevin Fawcett,January 29. 2020,Semi-Finals,Horton Schwartz,Ylvisaker Cup,George Olivas,Hector Galindo,,,,,,Unsuccessful,Matias Magrini,,,,,,,,,,
Penalty 5 (3),2528366,30000,Search Livestream,Live`,2020,Chukka 3,,,,,Matias Magrini,Stable Door Polo,La Indiana vs Stable Door Polo,International Polo Club,Kevin Fawcett,January 29. 2020,Semi-Finals,Horton Schwartz,Ylvisaker Cup,George Olivas,Hector Galindo,,,Penalty 5,,,,,,,,,,,,,,
Knock In (8),2554166,40000,Search Livestream,Live`,2020,Chukka 3,,,,,Espeban Panelo,La Indiana,La Indiana vs Stable Door Polo,International Polo Club,Kevin Fawcett,January 29. 2020,Semi-Finals,Horton Schwartz,Ylvisaker Cup,George Olivas,Hector Galindo,,,Knock In,,,,,,,,,,,,Jeff Hall,,
Free Hit (2),2600833,20000,Search Livestream,Live`,2020,Chukka 3,,,,,Matias Magrini,Stable Door Polo,La Indiana vs Stable Door Polo,International Polo Club,Kevin Fawcett,January 29. 2020,Semi-Finals,Horton Schwartz,Ylvisaker Cup,George Olivas,Hector Galindo,,,Free Hit,,,,,,,,,,,,,,
Shot At Goal (16),2646266,35000,Search Livestream,Live`,2020,Chukka 3,Shot At Goal,Goal,69;24,Attacking 30,Facundo Obregon,La Indiana,La Indiana vs Stable Door Polo,International Polo Club,Kevin Fawcett,January 29. 2020,Semi-Finals,Horton Schwartz,Ylvisaker Cup,George Olivas,Hector Galindo,,,,,,,,,,,,,,,,,
Goal La Indiana (4),2647466,35000,Search Livestream,Live`,2020,Chukka 3,,,,,Facundo Obregon,La Indiana,La Indiana vs Stable Door Polo,International Polo Club,Kevin Fawcett,January 29. 2020,Semi-Finals,Horton Schwartz,Ylvisaker Cup,George Olivas,Hector Galindo,Goal La Indiana,,,,,,,,,,,,,,,,
Shot At Goal (17),3224733,35000,Search Livestream,Live`,2020,Chukka 4,Shot At Goal,Blocked,113;29,Attacking 30,Jeff Hall,La Indiana,La Indiana vs Stable Door Polo,International Polo Club,Kevin Fawcett,January 29. 2020,Semi-Finals,Horton Schwartz,Ylvisaker Cup,George Olivas,Hector Galindo,,,,,,,,,,,,,,,,,
Throw-in (8),3239100,20000,Search Livestream,Live`,2020,Chukka 4,,,,,Jeff Hall,La Indiana,La Indiana vs Stable Door Polo,International Polo Club,Kevin Fawcett,January 29. 2020,Semi-Finals,Horton Schwartz,Ylvisaker Cup,George Olivas,Hector Galindo,,,Throw-in,La Indiana win throw-in,,,,,,,,,,,,,
Shot At Goal (18),3240366,35000,Search Livestream,Live`,2020,Chukka 4,Shot At Goal,Wide,76;45,Attacking 60,Espeban Panelo,La Indiana,La Indiana vs Stable Door Polo,International Polo Club,Kevin Fawcett,January 29. 2020,Semi-Finals,Horton Schwartz,Ylvisaker Cup,George Olivas,Hector Galindo,,,,,,,,,,,,,,,,,
Chukka Length (4),3243466,491833,Search Livestream,Live`,2020,Chukka 4,,,,,,Team,Lockton vs Archangel/Granite Bay,Empire Polo Club,Unknown,January 26  2020,Group,Unknown,Sportsmanship Cup,Unknown,Unknown,,,,,Chukka Length,,,,,,,,,,,,
Shot Block (1),3252433,10000,Search Livestream,Live`,2020,Chukka 4,,,,,Matias Magrini,Stable Door Polo,La Indiana vs Stable Door Polo,International Polo Club,Kevin Fawcett,January 29. 2020,Semi-Finals,Horton Schwartz,Ylvisaker Cup,George Olivas,Hector Galindo,,,,,,,,,,,,,,,,Shot Block,
Knock In (9),3280166,40000,Search Livestream,Live`,2020,Chukka 4,,,,,Matias Magrini,Stable Door Polo,La Indiana vs Stable Door Polo,International Polo Club,Kevin Fawcett,January 29. 2020,Semi-Finals,Horton Schwartz,Ylvisaker Cup,George Olivas,Hector Galindo,,,Knock In,,,,,,,,,,,,,,
Foul Received (8),3341833,25000,Search Livestream,Live`,2020,Chukka 4,,,118;53,Attacking 60,Jeff Hall,La Indiana,La Indiana vs Stable Door Polo,International Polo Club,Kevin Fawcett,January 29. 2020,Semi-Finals,Horton Schwartz,Ylvisaker Cup,George Olivas,Hector Galindo,,,,,,,,Foul Received,Right of Way,Penalty 30 yards,,,,,,,
Foul (8),3341833,25000,Search Livestream,Live`,2020,Chukka 4,,,42;266,Defending 30,Santino Magrini,Stable Door Polo,La Indiana vs Stable Door Polo,International Polo Club,Kevin Fawcett,January 29. 2020,Semi-Finals,Horton Schwartz,Ylvisaker Cup,George Olivas,Hector Galindo,,,,,,,,Foul,Right of Way,Penalty 30 yards,27;174,132;242,,,,,
Goal La Indiana (5),3399800,35000,Search Livestream,Live`,2020,Chukka 4,,,,,Facundo Obregon,La Indiana,La Indiana vs Stable Door Polo,International Polo Club,Kevin Fawcett,January 29. 2020,Semi-Finals,Horton Schwartz,Ylvisaker Cup,George Olivas,Hector Galindo,Goal La Indiana,,,,,,,,,,,,,,,,
Penalty 30 yards,3417691,15000,Search Livestream,Live`,2020,Chukka 4,,,,,Facundo Obregon,La Indiana,La Indiana vs Stable Door Polo,International Polo Club,Kevin Fawcett,January 29. 2020,Semi-Finals,Horton Schwartz,Ylvisaker Cup,George Olivas,Hector Galindo,,,,,,,,,,,,,Penalty 30 yards,Goal,,,
Throw-in (9),3449366,20000,Search Livestream,Live`,2020,Chukka 4,,,,,Henry Porter,Stable Door Polo,La Indiana vs Stable Door Polo,International Polo Club,Kevin Fawcett,January 29. 2020,Semi-Finals,Horton Schwartz,Ylvisaker Cup,George Olivas,Hector Galindo,,,Throw-in,Stable Door Polo win throw-in,,,,,,,,,,,,,
Foul (9),3486666,25000,Search Livestream,Live`,2020,Chukka 4,,,134;157,Defending Half,Espeban Panelo,La Indiana,La Indiana vs Stable Door Polo,International Polo Club,Kevin Fawcett,January 29. 2020,Semi-Finals,Horton Schwartz,Ylvisaker Cup,George Olivas,Hector Galindo,,,,,,,,Foul,Blocking,Penalty 60 yards,41;170,132;190,,,,,
Foul Received (9),3486666,25000,Search Livestream,Live`,2020,Chukka 4,,,123;144,Attacking Half,Matias Magrini,Stable Door Polo,La Indiana vs Stable Door Polo,International Polo Club,Kevin Fawcett,January 29. 2020,Semi-Finals,Horton Schwartz,Ylvisaker Cup,George Olivas,Hector Galindo,,,,,,,,Foul Received,Blocking,Penalty 60 yards,,,,,,,
Goal Stable Door Polo (3),3536066,35000,Search Livestream,Live`,2020,Chukka 4,,,,,Santino Magrini,Stable Door Polo,La Indiana vs Stable Door Polo,International Polo Club,Kevin Fawcett,January 29. 2020,Semi-Finals,Horton Schwartz,Ylvisaker Cup,George Olivas,Hector Galindo,Goal Stable Door Polo,,,,,,,,,,,,,,,,
Penalty 60 yards (3),3554300,15000,Search Livestream,Live`,2020,Chukka 4,,,,,Santino Magrini,Stable Door Polo,La Indiana vs Stable Door Polo,International Polo Club,Kevin Fawcett,January 29. 2020,Semi-Finals,Horton Schwartz,Ylvisaker Cup,George Olivas,Hector Galindo,,,,,,,,,,,,,Penalty 60 yards,Goal,,,
Throw-in (10),3584833,20000,Search Livestream,Live`,2020,Chukka 4,,,,,Henry Porter,Stable Door Polo,La Indiana vs Stable Door Polo,International Polo Club,Kevin Fawcett,January 29. 2020,Semi-Finals,Horton Schwartz,Ylvisaker Cup,George Olivas,Hector Galindo,,,Throw-in,Stable Door Polo win throw-in,,,,,,,,,,,,,
Non Call (3),3594233,20000,Search Livestream,Live`,2020,Chukka 4,,,,,,Team,La Indiana vs Stable Door Polo,International Polo Club,Kevin Fawcett,January 29. 2020,Semi-Finals,Horton Schwartz,Ylvisaker Cup,George Olivas,Hector Galindo,,,,,,,,Non Call,Reaching,,,,,,,,
Foul Received (10),3674666,25000,Search Livestream,Live`,2020,Chukka 4,,,57;290,Defending 30,Facundo Obregon,La Indiana,La Indiana vs Stable Door Polo,International Polo Club,Kevin Fawcett,January 29. 2020,Semi-Finals,Horton Schwartz,Ylvisaker Cup,George Olivas,Hector Galindo,,,,,,,,Foul Received,Dangerous Use of Mallet,Penalty 40 yards,,,,,,,
Foul (10),3674666,25000,Search Livestream,Live`,2020,Chukka 4,,,84;25,Attacking 30,Robert Orthwein,Stable Door Polo,La Indiana vs Stable Door Polo,International Polo Club,Kevin Fawcett,January 29. 2020,Semi-Finals,Horton Schwartz,Ylvisaker Cup,George Olivas,Hector Galindo,,,,,,,,Foul,Dangerous Use of Mallet,Penalty 40 yards,94;30,16;49,,,,,
Yellow Card (1),3724600,10000,Search Livestream,Live`,2020,Chukka 4,,,,,Matias Magrini,Stable Door Polo,La Indiana vs Stable Door Polo,International Polo Club,Kevin Fawcett,January 29. 2020,Semi-Finals,Horton Schwartz,Ylvisaker Cup,George Olivas,Hector Galindo,,,,,,,,Yellow Card,Technical,Penalty 40 yards,,,,,,,
Yellow Card (2),3725166,10000,Search Livestream,Live`,2020,Chukka 4,,,,,Matias Magrini,Stable Door Polo,La Indiana vs Stable Door Polo,International Polo Club,Kevin Fawcett,January 29. 2020,Semi-Finals,Horton Schwartz,Ylvisaker Cup,George Olivas,Hector Galindo,,,,,,,,Yellow Card,Technical,Penalty 40 yards,,,,,,,
Injury Time (1),3735300,185106,Search Livestream,Live`,2020,Chukka 4,,,,,,Team,Lockton vs Archangel/Granite Bay,Empire Polo Club,Unknown,January 26  2020,Group,Unknown,Sportsmanship Cup,Unknown,Unknown,,,,,Injury Time,,,,,,,,,,,,
Goal La Indiana (6),3900133,35000,Search Livestream,Live`,2020,Chukka 4,,,,,Facundo Obregon,La Indiana,La Indiana vs Stable Door Polo,International Polo Club,Kevin Fawcett,January 29. 2020,Semi-Finals,Horton Schwartz,Ylvisaker Cup,George Olivas,Hector Galindo,Goal La Indiana,,,,,,,,,,,,,,,,
Penalty 40 yards,3916933,15000,Search Livestream,Live`,2020,Chukka 4,,,,,Facundo Obregon,La Indiana,La Indiana vs Stable Door Polo,International Polo Club,Kevin Fawcett,January 29. 2020,Semi-Finals,Horton Schwartz,Ylvisaker Cup,George Olivas,Hector Galindo,,,,,,,,,,,,,Penalty 40 yards,Goal,,,
Chukka Length (5),3920406,147218,Search Livestream,Live`,2020,Chukka 4,,,,,,Team,Lockton vs Archangel/Granite Bay,Empire Polo Club,Unknown,January 26  2020,Group,Unknown,Sportsmanship Cup,Unknown,Unknown,,,,,Chukka Length,,,,,,,,,,,,
Throw-in (11),3950266,20000,Search Livestream,Live`,2020,Chukka 4,,,,,Henry Porter,Stable Door Polo,La Indiana vs Stable Door Polo,International Polo Club,Kevin Fawcett,January 29. 2020,Semi-Finals,Horton Schwartz,Ylvisaker Cup,George Olivas,Hector Galindo,,,Throw-in,Stable Door Polo win throw-in,,,,,,,,,,,,,
Shot At Goal (19),3954000,35000,Search Livestream,Live`,2020,Chukka 4,Shot At Goal,Wide,59;76,Attacking Half,Michael Bickford,La Indiana,La Indiana vs Stable Door Polo,International Polo Club,Kevin Fawcett,January 29. 2020,Semi-Finals,Horton Schwartz,Ylvisaker Cup,George Olivas,Hector Galindo,,,,,,,,,,,,,,,,,
Knock In (10),4001933,40000,Search Livestream,Live`,2020,Chukka 4,,,,,Santino Magrini,Stable Door Polo,La Indiana vs Stable Door Polo,International Polo Club,Kevin Fawcett,January 29. 2020,Semi-Finals,Horton Schwartz,Ylvisaker Cup,George Olivas,Hector Galindo,,,Knock In,,,,,,,,,,,,,,
Foul (11),4041466,25000,Search Livestream,Live`,2020,Chukka 4,,,50;33,Attacking 30,Jeff Hall,La Indiana,La Indiana vs Stable Door Polo,International Polo Club,Kevin Fawcett,January 29. 2020,Semi-Finals,Horton Schwartz,Ylvisaker Cup,George Olivas,Hector Galindo,,,,,,,,Foul,Right of Way,Penalty 5B,51;99,99;97,,,,,
Foul Received (11),4042466,25000,Search Livestream,Live`,2020,Chukka 4,,,98;272,Defending 30,Henry Porter,Stable Door Polo,La Indiana vs Stable Door Polo,International Polo Club,Kevin Fawcett,January 29. 2020,Semi-Finals,Horton Schwartz,Ylvisaker Cup,George Olivas,Hector Galindo,,,,,,,,Foul Received,Right of Way,Penalty 5B,,,,,,,
Penalty 5b (1),4379933,30000,Search Livestream,Live`,2020,Chukka 5,,,,,Matias Magrini,Stable Door Polo,La Indiana vs Stable Door Polo,International Polo Club,Kevin Fawcett,January 29. 2020,Semi-Finals,Horton Schwartz,Ylvisaker Cup,George Olivas,Hector Galindo,,,Penalty 5b,,,,,,,,,,,,,,
Chukka Length (6),4383300,617579,Search Livestream,Live`,2020,Chukka 5,,,,,,Team,Lockton vs Archangel/Granite Bay,Empire Polo Club,Unknown,January 26  2020,Group,Unknown,Sportsmanship Cup,Unknown,Unknown,,,,,Chukka Length,,,,,,,,,,,,
Shot At Goal (20),4389600,35000,Search Livestream,Live`,2020,Chukka 5,Shot At Goal,Goal,71;26,Attacking 30,Santino Magrini,Stable Door Polo,La Indiana vs Stable Door Polo,International Polo Club,Kevin Fawcett,January 29. 2020,Semi-Finals,Horton Schwartz,Ylvisaker Cup,George Olivas,Hector Galindo,,,,,,,,,,,,,,,,,
Goal Stable Door Polo (4),4392766,35000,Search Livestream,Live`,2020,Chukka 5,,,,,Santino Magrini,Stable Door Polo,La Indiana vs Stable Door Polo,International Polo Club,Kevin Fawcett,January 29. 2020,Semi-Finals,Horton Schwartz,Ylvisaker Cup,George Olivas,Hector Galindo,Goal Stable Door Polo,,,,,,,,,,,,,,,,
Assist (9),4407766,25000,Search Livestream,Live`,2020,Chukka 5,,,,,Matias Magrini,Stable Door Polo,La Indiana vs Stable Door Polo,International Polo Club,Kevin Fawcett,January 29. 2020,Semi-Finals,Horton Schwartz,Ylvisaker Cup,George Olivas,Hector Galindo,,,,,,Successful,Matias Magrini,,,,,,,,,,
Throw-in (12),4446733,20000,Search Livestream,Live`,2020,Chukka 5,,,,,Santino Magrini,Stable Door Polo,La Indiana vs Stable Door Polo,International Polo Club,Kevin Fawcett,January 29. 2020,Semi-Finals,Horton Schwartz,Ylvisaker Cup,George Olivas,Hector Galindo,,,Throw-in,Stable Door Polo win throw-in,,,,,,,,,,,,,
Foul Received (12),4476666,25000,Search Livestream,Live`,2020,Chukka 5,,,43;66,Attacking 60,Matias Magrini,Stable Door Polo,La Indiana vs Stable Door Polo,International Polo Club,Kevin Fawcett,January 29. 2020,Semi-Finals,Horton Schwartz,Ylvisaker Cup,George Olivas,Hector Galindo,,,,,,,,Foul Received,Dangerous Riding,Penalty 60 yards,,,,,,,
Foul (12),4478533,25000,Search Livestream,Live`,2020,Chukka 5,,,115;231,Defending 60,Sterling Giannico,La Indiana,La Indiana vs Stable Door Polo,International Polo Club,Kevin Fawcett,January 29. 2020,Semi-Finals,Horton Schwartz,Ylvisaker Cup,George Olivas,Hector Galindo,,,,,,,,Foul,Dangerous Riding,Penalty 60 yards,51;195,132;204,,,,,
Goal Stable Door Polo (5),4545166,35000,Search Livestream,Live`,2020,Chukka 5,,,,,Santino Magrini,Stable Door Polo,La Indiana vs Stable Door Polo,International Polo Club,Kevin Fawcett,January 29. 2020,Semi-Finals,Horton Schwartz,Ylvisaker Cup,George Olivas,Hector Galindo,Goal Stable Door Polo,,,,,,,,,,,,,,,,
Penalty 60 yards (4),4563433,15000,Search Livestream,Live`,2020,Chukka 5,,,,,Santino Magrini,Stable Door Polo,La Indiana vs Stable Door Polo,International Polo Club,Kevin Fawcett,January 29. 2020,Semi-Finals,Horton Schwartz,Ylvisaker Cup,George Olivas,Hector Galindo,,,,,,,,,,,,,Penalty 60 yards,Goal,,,
Shot At Goal (21),4577300,35000,Search Livestream,Live`,2020,Chukka 5,Shot At Goal,Wide,117;70,Attacking 60,Henry Porter,Stable Door Polo,La Indiana vs Stable Door Polo,International Polo Club,Kevin Fawcett,January 29. 2020,Semi-Finals,Horton Schwartz,Ylvisaker Cup,George Olivas,Hector Galindo,,,,,,,,,,,,,,,,,
Throw-in (13),4591500,20000,Search Livestream,Live`,2020,Chukka 5,,,,,Henry Porter,Stable Door Polo,La Indiana vs Stable Door Polo,International Polo Club,Kevin Fawcett,January 29. 2020,Semi-Finals,Horton Schwartz,Ylvisaker Cup,George Olivas,Hector Galindo,,,Throw-in,Stable Door Polo win throw-in,,,,,,,,,,,,,
Knock In (11),4628600,40000,Search Livestream,Live`,2020,Chukka 5,,,,,Sterling Giannico,La Indiana,La Indiana vs Stable Door Polo,International Polo Club,Kevin Fawcett,January 29. 2020,Semi-Finals,Horton Schwartz,Ylvisaker Cup,George Olivas,Hector Galindo,,,Knock In,,,,,,,,,,,,Facundo Obregon,,
Shot At Goal (22),4631066,35000,Search Livestream,Live`,2020,Chukka 5,Shot At Goal,Wide,126;35,Attacking 30,Michael Bickford,La Indiana,La Indiana vs Stable Door Polo,International Polo Club,Kevin Fawcett,January 29. 2020,Semi-Finals,Horton Schwartz,Ylvisaker Cup,George Olivas,Hector Galindo,,,,,,,,,,,,,,,,,
Assist (10),4647866,25000,Search Livestream,Live`,2020,Chukka 5,,,,,Jeff Hall,La Indiana,La Indiana vs Stable Door Polo,International Polo Club,Kevin Fawcett,January 29. 2020,Semi-Finals,Horton Schwartz,Ylvisaker Cup,George Olivas,Hector Galindo,,,,,,Unsuccessful,Jeff Hall,,,,,,,,,,
Knock In (12),4677766,40000,Search Livestream,Live`,2020,Chukka 5,,,,,Matias Magrini,Stable Door Polo,La Indiana vs Stable Door Polo,International Polo Club,Kevin Fawcett,January 29. 2020,Semi-Finals,Horton Schwartz,Ylvisaker Cup,George Olivas,Hector Galindo,,,Knock In,,,,,,,,,,,,,,
Foul Received (13),4710166,25000,Search Livestream,Live`,2020,Chukka 5,,,123;175,Defending Half,Michael Bickford,La Indiana,La Indiana vs Stable Door Polo,International Polo Club,Kevin Fawcett,January 29. 2020,Semi-Finals,Horton Schwartz,Ylvisaker Cup,George Olivas,Hector Galindo,,,,,,,,Foul Received,Dangerous Riding,Penalty 5B,,,,,,,
Foul (13),4710166,25000,Search Livestream,Live`,2020,Chukka 5,,,16;125,Attacking Half,Robert Orthwein,Stable Door Polo,La Indiana vs Stable Door Polo,International Polo Club,Kevin Fawcett,January 29. 2020,Semi-Finals,Horton Schwartz,Ylvisaker Cup,George Olivas,Hector Galindo,,,,,,,,Foul,Dangerous Riding,Penalty 5B,19;103,124;108,,,,,
Shot At Goal (23),4778266,35000,Search Livestream,Live`,2020,Chukka 5,Shot At Goal,Goal,71;83,Attacking Half,Facundo Obregon,La Indiana,La Indiana vs Stable Door Polo,International Polo Club,Kevin Fawcett,January 29. 2020,Semi-Finals,Horton Schwartz,Ylvisaker Cup,George Olivas,Hector Galindo,,,,,,,,,,,,,,,,,
Goal La Indiana (7),4783666,35000,Search Livestream,Live`,2020,Chukka 5,,,,,Facundo Obregon,La Indiana,La Indiana vs Stable Door Polo,International Polo Club,Kevin Fawcett,January 29. 2020,Semi-Finals,Horton Schwartz,Ylvisaker Cup,George Olivas,Hector Galindo,Goal La Indiana,Goals,,,,,,,,,,,,,,,
Penalty 5b (2),4797800,30000,Search Livestream,Live`,2020,Chukka 5,,,,,Sterling Giannico,La Indiana,La Indiana vs Stable Door Polo,International Polo Club,Kevin Fawcett,January 29. 2020,Semi-Finals,Horton Schwartz,Ylvisaker Cup,George Olivas,Hector Galindo,,,Penalty 5b,,,,,,,,,,,,,,
Assist (11),4798666,25000,Search Livestream,Live`,2020,Chukka 5,,,,,Sterling Giannico,La Indiana,La Indiana vs Stable Door Polo,International Polo Club,Kevin Fawcett,January 29. 2020,Semi-Finals,Horton Schwartz,Ylvisaker Cup,George Olivas,Hector Galindo,,,,,,Successful,Espeban Panelo,,,,,,,,,,
Shot At Goal (25),4815233,35000,Search Livestream,Live`,2020,Chukka 5,Shot At Goal,Blocked,145;72,Attacking 60,Facundo Obregon,La Indiana,La Indiana vs Stable Door Polo,International Polo Club,Kevin Fawcett,January 29. 2020,Semi-Finals,Horton Schwartz,Ylvisaker Cup,George Olivas,Hector Galindo,,,,,,,,,,,,,,,,,
Shot At Goal (24),4829233,35000,Search Livestream,Live`,2020,Chukka 5,Shot At Goal,Goal,84;20,Attacking 30,Facundo Obregon,La Indiana,La Indiana vs Stable Door Polo,International Polo Club,Kevin Fawcett,January 29. 2020,Semi-Finals,Horton Schwartz,Ylvisaker Cup,George Olivas,Hector Galindo,,,,,,,,,,,,,,,,,
Goal La Indiana (8),4831900,35000,Search Livestream,Live`,2020,Chukka 5,,,,,Facundo Obregon,La Indiana,La Indiana vs Stable Door Polo,International Polo Club,Kevin Fawcett,January 29. 2020,Semi-Finals,Horton Schwartz,Ylvisaker Cup,George Olivas,Hector Galindo,Goal La Indiana,,,,,,,,,,,,,,,,
Throw-in (14),4836133,20000,Search Livestream,Live`,2020,Chukka 5,,,,,Unknown,La Indiana,La Indiana vs Stable Door Polo,International Polo Club,Kevin Fawcett,January 29. 2020,Semi-Finals,Horton Schwartz,Ylvisaker Cup,George Olivas,Hector Galindo,,,Throw-in,La Indiana win throw-in,,,,,,,,,,,,,
Shot Block (2),4843933,10000,Search Livestream,Live`,2020,Chukka 5,,,,,Santino Magrini,Stable Door Polo,La Indiana vs Stable Door Polo,International Polo Club,Kevin Fawcett,January 29. 2020,Semi-Finals,Horton Schwartz,Ylvisaker Cup,George Olivas,Hector Galindo,,,,,,,,,,,,,,,,Shot Block,
Shot At Goal (26),4875100,35000,Search Livestream,Live`,2020,Chukka 5,Shot At Goal,Wide,57;70,Attacking 60,Facundo Obregon,La Indiana,La Indiana vs Stable Door Polo,International Polo Club,Kevin Fawcett,January 29. 2020,Semi-Finals,Horton Schwartz,Ylvisaker Cup,George Olivas,Hector Galindo,,,,,,,,,,,,,,,,,
Throw-in (15),4886233,20000,Search Livestream,Live`,2020,Chukka 5,,,,,Facundo Obregon,La Indiana,La Indiana vs Stable Door Polo,International Polo Club,Kevin Fawcett,January 29. 2020,Semi-Finals,Horton Schwartz,Ylvisaker Cup,George Olivas,Hector Galindo,,,Throw-in,La Indiana win throw-in,,,,,,,,,,,,,
Knock In (13),4923066,40000,Search Livestream,Live`,2020,Chukka 5,,,,,Matias Magrini,Stable Door Polo,La Indiana vs Stable Door Polo,International Polo Club,Kevin Fawcett,January 29. 2020,Semi-Finals,Horton Schwartz,Ylvisaker Cup,George Olivas,Hector Galindo,,,Knock In,,,,,,,,,,,,,,
Free Hit (3),4950533,20000,Search Livestream,Live`,2020,Chukka 5,,,,,Jeff Hall,La Indiana,La Indiana vs Stable Door Polo,International Polo Club,Kevin Fawcett,January 29. 2020,Semi-Finals,Horton Schwartz,Ylvisaker Cup,George Olivas,Hector Galindo,,,Free Hit,,,,,,,,,,,,,,
Shot At Goal (27),5176066,35000,Search Livestream,Live`,2020,Chukka 6,Shot At Goal,Goal,76;16,Attacking 30,Santino Magrini,Stable Door Polo,La Indiana vs Stable Door Polo,International Polo Club,Kevin Fawcett,January 29. 2020,Semi-Finals,Horton Schwartz,Ylvisaker Cup,George Olivas,Hector Galindo,,,,,,,,,,,,,,,,,
Goal Stable Door Polo (6),5177000,35000,Search Livestream,Live`,2020,Chukka 6,,,,,Santino Magrini,Stable Door Polo,La Indiana vs Stable Door Polo,International Polo Club,Kevin Fawcett,January 29. 2020,Semi-Finals,Horton Schwartz,Ylvisaker Cup,George Olivas,Hector Galindo,Goal Stable Door Polo,Goals,,,,,,,,,,,,,,,
Throw-in (16),5180900,20000,Search Livestream,Live`,2020,Chukka 6,,,,,Henry Porter,Stable Door Polo,La Indiana vs Stable Door Polo,International Polo Club,Kevin Fawcett,January 29. 2020,Semi-Finals,Horton Schwartz,Ylvisaker Cup,George Olivas,Hector Galindo,,,Throw-in,Stable Door Polo win throw-in,,,,,,,,,,,,,
Chukka Length (7),5183633,817766,Search Livestream,Live`,2020,Chukka 6,,,,,,Team,Lockton vs Archangel/Granite Bay,Empire Polo Club,Unknown,January 26  2020,Group,Unknown,Sportsmanship Cup,Unknown,Unknown,,,,,Chukka Length,,,,,,,,,,,,
Assist (12),5192000,25000,Search Livestream,Live`,2020,Chukka 6,,,,,Matias Magrini,Stable Door Polo,La Indiana vs Stable Door Polo,International Polo Club,Kevin Fawcett,January 29. 2020,Semi-Finals,Horton Schwartz,Ylvisaker Cup,George Olivas,Hector Galindo,,,,,,Successful,Matias Magrini,,,,,,,,,,
Throw-in (17),5231213,20000,Search Livestream,Live`,2020,Chukka 6,,,,,Sterling Giannico,La Indiana,La Indiana vs Stable Door Polo,International Polo Club,Kevin Fawcett,January 29. 2020,Semi-Finals,Horton Schwartz,Ylvisaker Cup,George Olivas,Hector Galindo,,,Throw-in,La Indiana win throw-in,,,,,,,,,,,,,
Non Call (4),5277300,20000,Search Livestream,Live`,2020,Chukka 6,,,,,,Team,La Indiana vs Stable Door Polo,International Polo Club,Kevin Fawcett,January 29. 2020,Semi-Finals,Horton Schwartz,Ylvisaker Cup,George Olivas,Hector Galindo,,,,,,,,Non Call,Right of Way,,,,,,,,
Foul Received (14),5294466,25000,Search Livestream,Live`,2020,Chukka 6,,,137;193,Defending Half,Matias Magrini,Stable Door Polo,La Indiana vs Stable Door Polo,International Polo Club,Kevin Fawcett,January 29. 2020,Semi-Finals,Horton Schwartz,Ylvisaker Cup,George Olivas,Hector Galindo,,,,,,,,Foul Received,Riding Into Shot,Penalty 5,,,,,,,
Foul (14),5294466,25000,Search Livestream,Live`,2020,Chukka 6,,,23;107,Attacking Half,Sterling Giannico,La Indiana,La Indiana vs Stable Door Polo,International Polo Club,Kevin Fawcett,January 29. 2020,Semi-Finals,Horton Schwartz,Ylvisaker Cup,George Olivas,Hector Galindo,,,,,,,,Foul,Riding Into Shot,Penalty 5,9;130,96;112,,,,,
Shot At Goal (28),5319866,35000,Search Livestream,Live`,2020,Chukka 6,Shot At Goal,Miss Hit,78;27,Attacking 30,Santino Magrini,Stable Door Polo,La Indiana vs Stable Door Polo,International Polo Club,Kevin Fawcett,January 29. 2020,Semi-Finals,Horton Schwartz,Ylvisaker Cup,George Olivas,Hector Galindo,,,,,,,,,,,,,,,,,
Penalty 5 (4),5330600,30000,Search Livestream,Live`,2020,Chukka 6,,,,,Matias Magrini,Stable Door Polo,La Indiana vs Stable Door Polo,International Polo Club,Kevin Fawcett,January 29. 2020,Semi-Finals,Horton Schwartz,Ylvisaker Cup,George Olivas,Hector Galindo,,,Penalty 5,,,,,,,,,,,,,,
Foul Received (15),5344066,25000,Search Livestream,Live`,2020,Chukka 6,,,144;34,Attacking 30,Robert Orthwein,Stable Door Polo,La Indiana vs Stable Door Polo,International Polo Club,Kevin Fawcett,January 29. 2020,Semi-Finals,Horton Schwartz,Ylvisaker Cup,George Olivas,Hector Galindo,,,,,,,,Foul Received,Right of Way,Penalty 60 yards,,,,,,,
Foul (15),5344066,25000,Search Livestream,Live`,2020,Chukka 6,,,3;258,Defending 60,Sterling Giannico,La Indiana,La Indiana vs Stable Door Polo,International Polo Club,Kevin Fawcett,January 29. 2020,Semi-Finals,Horton Schwartz,Ylvisaker Cup,George Olivas,Hector Galindo,,,,,,,,Foul,Right of Way,Penalty 60 yards,2;240,103;248,,,,,
Penalty 60 yards (5),5429333,15000,Search Livestream,Live`,2020,Chukka 6,,,,,Santino Magrini,Stable Door Polo,La Indiana vs Stable Door Polo,International Polo Club,Kevin Fawcett,January 29. 2020,Semi-Finals,Horton Schwartz,Ylvisaker Cup,George Olivas,Hector Galindo,,,,,,,,,,,,,Penalty 60 yards,Wide,,,
Foul (16),5457400,25000,Search Livestream,Live`,2020,Chukka 6,,,10;108,Attacking Half,Matias Magrini,Stable Door Polo,La Indiana vs Stable Door Polo,International Polo Club,Kevin Fawcett,January 29. 2020,Semi-Finals,Horton Schwartz,Ylvisaker Cup,George Olivas,Hector Galindo,,,,,,,,Foul,Crossing,Penalty 5B,28;86,26;18,,,,,
Foul Received (16),5457400,25000,Search Livestream,Live`,2020,Chukka 6,,,137;184,Defending Half,Sterling Giannico,La Indiana,La Indiana vs Stable Door Polo,International Polo Club,Kevin Fawcett,January 29. 2020,Semi-Finals,Horton Schwartz,Ylvisaker Cup,George Olivas,Hector Galindo,,,,,,,,Foul Received,Crossing,Penalty 5B,,,,,,,
Knock In (14),5458500,40000,Search Livestream,Live`,2020,Chukka 6,,,,,Sterling Giannico,La Indiana,La Indiana vs Stable Door Polo,International Polo Club,Kevin Fawcett,January 29. 2020,Semi-Finals,Horton Schwartz,Ylvisaker Cup,George Olivas,Hector Galindo,,,Knock In,,,,,,,,,,,,,,
Shot At Goal (29),5529578,35000,Search Livestream,Live`,2020,Chukka 6,Shot At Goal,Goal,72;16,Attacking 30,Facundo Obregon,La Indiana,La Indiana vs Stable Door Polo,International Polo Club,Kevin Fawcett,January 29. 2020,Semi-Finals,Horton Schwartz,Ylvisaker Cup,George Olivas,Hector Galindo,,,,,,,,,,,,,,,,,
Goal La Indiana (9),5530033,35000,Search Livestream,Live`,2020,Chukka 6,,,,,Facundo Obregon,La Indiana,La Indiana vs Stable Door Polo,International Polo Club,Kevin Fawcett,January 29. 2020,Semi-Finals,Horton Schwartz,Ylvisaker Cup,George Olivas,Hector Galindo,Goal La Indiana,,,,,,,,,,,,,,,,
Penalty 5b (3),5530733,30000,Search Livestream,Live`,2020,Chukka 6,,,,,Sterling Giannico,La Indiana,La Indiana vs Stable Door Polo,International Polo Club,Kevin Fawcett,January 29. 2020,Semi-Finals,Horton Schwartz,Ylvisaker Cup,George Olivas,Hector Galindo,,,Penalty 5b,,,,,,,,,,,,,,
Assist (13),5545033,25000,Search Livestream,Live`,2020,Chukka 6,,,,,Sterling Giannico,La Indiana,La Indiana vs Stable Door Polo,International Polo Club,Kevin Fawcett,January 29. 2020,Semi-Finals,Horton Schwartz,Ylvisaker Cup,George Olivas,Hector Galindo,,,,,,Successful,Espeban Panelo,,,,,,,,,,
Yellow Card (3),5585433,10000,Search Livestream,Live`,2020,Chukka 6,,,,,Santino Magrini,Stable Door Polo,La Indiana vs Stable Door Polo,International Polo Club,Kevin Fawcett,January 29. 2020,Semi-Finals,Horton Schwartz,Ylvisaker Cup,George Olivas,Hector Galindo,,,,,,,,Yellow Card,Technical,Penalty 5B,,,,,,,
Shot At Goal (30),5600300,35000,Search Livestream,Live`,2020,Chukka 6,Shot At Goal,Goal,87;27,Attacking 30,Jeff Hall,La Indiana,La Indiana vs Stable Door Polo,International Polo Club,Kevin Fawcett,January 29. 2020,Semi-Finals,Horton Schwartz,Ylvisaker Cup,George Olivas,Hector Galindo,,,,,,,,,,,,,,,,,
Goal La Indiana (10),5601733,35000,Search Livestream,Live`,2020,Chukka 6,,,,,Jeff Hall,La Indiana,La Indiana vs Stable Door Polo,International Polo Club,Kevin Fawcett,January 29. 2020,Semi-Finals,Horton Schwartz,Ylvisaker Cup,George Olivas,Hector Galindo,Goal La Indiana,,,,,,,,,,,,,,,,
Assist (14),5616733,25000,Search Livestream,Live`,2020,Chukka 6,,,,,Sterling Giannico,La Indiana,La Indiana vs Stable Door Polo,International Polo Club,Kevin Fawcett,January 29. 2020,Semi-Finals,Horton Schwartz,Ylvisaker Cup,George Olivas,Hector Galindo,,,,,,Successful,Espeban Panelo,,,,,,,,,,
Penalty 5b (4),5620400,30000,Search Livestream,Live`,2020,Chukka 6,,,,,Sterling Giannico,La Indiana,La Indiana vs Stable Door Polo,International Polo Club,Kevin Fawcett,January 29. 2020,Semi-Finals,Horton Schwartz,Ylvisaker Cup,George Olivas,Hector Galindo,,,Penalty 5b,,,,,,,,,,,,,,
Shot At Goal (31),5640000,35000,Search Livestream,Live`,2020,Chukka 6,Shot At Goal,Wide,23;79,Attacking Half,Henry Porter,Stable Door Polo,La Indiana vs Stable Door Polo,International Polo Club,Kevin Fawcett,January 29. 2020,Semi-Finals,Horton Schwartz,Ylvisaker Cup,George Olivas,Hector Galindo,,,,,,,,,,,,,,,,,
Throw-in (18),5657524,20000,Search Livestream,Live`,2020,Chukka 6,,,,,Henry Porter,Stable Door Polo,La Indiana vs Stable Door Polo,International Polo Club,Kevin Fawcett,January 29. 2020,Semi-Finals,Horton Schwartz,Ylvisaker Cup,George Olivas,Hector Galindo,,,Throw-in,Stable Door Polo win throw-in,,,,,,,,,,,,,
Knock In (15),5689166,40000,Search Livestream,Live`,2020,Chukka 6,,,,,Jeff Hall,La Indiana,La Indiana vs Stable Door Polo,International Polo Club,Kevin Fawcett,January 29. 2020,Semi-Finals,Horton Schwartz,Ylvisaker Cup,George Olivas,Hector Galindo,,,Knock In,,,,,,,,,,,,Espeban Panelo,,
Foul (17),5698100,25000,Search Livestream,Live`,2020,Chukka 6,,,143;194,Defending Half,Jeff Hall,La Indiana,La Indiana vs Stable Door Polo,International Polo Club,Kevin Fawcett,January 29. 2020,Semi-Finals,Horton Schwartz,Ylvisaker Cup,George Olivas,Hector Galindo,,,,,,,,Foul,Riding Into Shot,Penalty 40 yards,124;179,54;230,,,,,
Foul Received (17),5698100,25000,Search Livestream,Live`,2020,Chukka 6,,,17;115,Attacking Half,Sterling Giannico,La Indiana,La Indiana vs Stable Door Polo,International Polo Club,Kevin Fawcett,January 29. 2020,Semi-Finals,Horton Schwartz,Ylvisaker Cup,George Olivas,Hector Galindo,,,,,,,,Foul Received,Riding Into Shot,Penalty 40 yards,,,,,,,
Penalty 40 yards (1),5754566,15000,Search Livestream,Live`,2020,Chukka 6,,,,,Matias Magrini,Stable Door Polo,La Indiana vs Stable Door Polo,International Polo Club,Kevin Fawcett,January 29. 2020,Semi-Finals,Horton Schwartz,Ylvisaker Cup,George Olivas,Hector Galindo,,,,,,,,,,,,,Penalty 40 yards,Wide,,,
Knock In (16),5781600,40000,Search Livestream,Live`,2020,Chukka 6,,,,,Sterling Giannico,La Indiana,La Indiana vs Stable Door Polo,International Polo Club,Kevin Fawcett,January 29. 2020,Semi-Finals,Horton Schwartz,Ylvisaker Cup,George Olivas,Hector Galindo,,,Knock In,,,,,,,,,,,,Facundo Obregon,,
Foul (18),5793966,25000,Search Livestream,Live`,2020,Chukka 6,,,7;57,Attacking 60,Matias Magrini,Stable Door Polo,La Indiana vs Stable Door Polo,International Polo Club,Kevin Fawcett,January 29. 2020,Semi-Finals,Horton Schwartz,Ylvisaker Cup,George Olivas,Hector Galindo,,,,,,,,Foul,Right of Way,Penalty 5,26;118,87;48,,,,,
Foul Received (18),5793966,25000,Search Livestream,Live`,2020,Chukka 6,,,146;254,Defending 60,Sterling Giannico,La Indiana,La Indiana vs Stable Door Polo,International Polo Club,Kevin Fawcett,January 29. 2020,Semi-Finals,Horton Schwartz,Ylvisaker Cup,George Olivas,Hector Galindo,,,,,,,,Foul Received,Right of Way,Penalty 5,,,,,,,
Shot At Goal (32),5810300,35000,Search Livestream,Live`,2020,Chukka 6,Shot At Goal,Wide,5;85,Attacking Half,Matias Magrini,Stable Door Polo,La Indiana vs Stable Door Polo,International Polo Club,Kevin Fawcett,January 29. 2020,Semi-Finals,Horton Schwartz,Ylvisaker Cup,George Olivas,Hector Galindo,,,,,,,,,,,,,,,,,
Penalty 5 (5),5827983,30000,Search Livestream,Live`,2020,Chukka 6,,,,,Sterling Giannico,La Indiana,La Indiana vs Stable Door Polo,International Polo Club,Kevin Fawcett,January 29. 2020,Semi-Finals,Horton Schwartz,Ylvisaker Cup,George Olivas,Hector Galindo,,,Penalty 5,,,,,,,,,,,,,,
Knock In (17),5856700,40000,Search Livestream,Live`,2020,Chukka 6,,,,,Sterling Giannico,La Indiana,La Indiana vs Stable Door Polo,International Polo Club,Kevin Fawcett,January 29. 2020,Semi-Finals,Horton Schwartz,Ylvisaker Cup,George Olivas,Hector Galindo,,,Knock In,,,,,,,,,,,,Facundo Obregon,,
Foul (19),5893700,25000,Search Livestream,Live`,2020,Chukka 6,,,14;161,Defending Half,Facundo Obregon,La Indiana,La Indiana vs Stable Door Polo,International Polo Club,Kevin Fawcett,January 29. 2020,Semi-Finals,Horton Schwartz,Ylvisaker Cup,George Olivas,Hector Galindo,,,,,,,,Foul,Right of Way,Penalty 60 yards,129;79,51;68,,,,,
Foul Received (19),5893700,25000,Search Livestream,Live`,2020,Chukka 6,,,135;130,Attacking Half,Matias Magrini,Stable Door Polo,La Indiana vs Stable Door Polo,International Polo Club,Kevin Fawcett,January 29. 2020,Semi-Finals,Horton Schwartz,Ylvisaker Cup,George Olivas,Hector Galindo,,,,,,,,Foul Received,Right of Way,Penalty 60 yards,,,,,,,
Penalty 60 yards (6),5957000,15000,Search Livestream,Live`,2020,Chukka 6,,,,,Santino Magrini,Stable Door Polo,La Indiana vs Stable Door Polo,International Polo Club,Kevin Fawcett,January 29. 2020,Semi-Finals,Horton Schwartz,Ylvisaker Cup,George Olivas,Hector Galindo,,,,,,,,,,,,,Penalty 60 yards,Wide,,,
Knock In (18),5975500,40000,Search Livestream,Live`,2020,Chukka 6,,,,,Sterling Giannico,La Indiana,La Indiana vs Stable Door Polo,International Polo Club,Kevin Fawcett,January 29. 2020,Semi-Finals,Horton Schwartz,Ylvisaker Cup,George Olivas,Hector Galindo,,,Knock In,,,,,,,,,,,,,,