Name,Position,Duration,Chukka,Team,Player,Foul,Foul Type,Foul Outcome,Goal,Set Play,General Field Area,Location,Assist,Assist Outcome,Camera Angle,Chukka Length,Club,Game,Highlight Reel,Instant Replay Official,Knock-in Player 2,Match Date,Penalties,Penalty Outcome,Search Event,Shot At Goal,Shot At Goal Outcome,Stage,Third Umpire,Throw-in Outcome,Tournament,Umpire 1,Umpire 2,Umpire Focal,Umpire Trailing,Year,Penalty Block
Shot At Goal,265633,35000,Chukka 1,Pilot,Facundo Pieres,,,,,,Attacking 30,63;21,,,Live,,International Polo Club,La Indiana vs Pilot,,Ronnie Hayes,,February 19. 2020,,,Search Livestream,Shot At Goal,Goal,Semi-Final,Martin,,C.V. Whitney Cup,Horton Schwartz,Kimo Huddleston,,,2020,
Goal Pilot,266400,35000,Chukka 1,Pilot,Facundo Pieres,,,,Goal Pilot,,Attacking 30,71;3,,,Live,,International Polo Club,La Indiana vs Pilot,Goals,Ronnie Hayes,,February 19. 2020,,,Search Livestream,,,Semi-Final,Martin,,C.V. Whitney Cup,Horton Schwartz,Kimo Huddleston,,,2020,
Throw-in,276833,20000,Chukka 1,Pilot,Facundo Pieres,,,,,Throw-in,,,,,Live,,International Polo Club,La Indiana vs Pilot,,Ronnie Hayes,,February 19. 2020,,,Search Livestream,,,Semi-Final,Martin,Pilot win throw-in,C.V. Whitney Cup,Horton Schwartz,Kimo Huddleston,,,2020,
Game Length,276833,6727530,,Team,,,,,,,,,,,Live,Game Length,International Polo Club,La Indiana vs Pilot,,Ronnie Hayes,,February 19. 2020,,,Search Livestream,,,Semi-Final,Martin,,C.V. Whitney Cup,Horton Schwartz,Kimo Huddleston,,,2020,
Chukka Length,280966,631700,Chukka 1,Team,,,,,,,,,,,Live,Chukka Length,International Polo Club,La Indiana vs Pilot,,Ronnie Hayes,,February 19. 2020,,,Search Livestream,,,Semi-Final,Martin,,C.V. Whitney Cup,Horton Schwartz,Kimo Huddleston,,,2020,
Throw-in (1),324691,20000,Chukka 1,La Indiana,Santiago Gomez Romero,,,,,Throw-in,,,,,Live,,International Polo Club,La Indiana vs Pilot,,Ronnie Hayes,,February 19. 2020,,,Search Livestream,,,Semi-Final,Martin,La Indiana win throw-in,C.V. Whitney Cup,Horton Schwartz,Kimo Huddleston,,,2020,
Foul,392433,25000,Chukka 1,Pilot,Lucas Escobar,Foul,Right of Way,Penalty 30 yards,,,Defending 60,85;267,,,Live,,International Polo Club,La Indiana vs Pilot,,Ronnie Hayes,,February 19. 2020,,,Search Livestream,,,Semi-Final,Martin,,C.V. Whitney Cup,Horton Schwartz,Kimo Huddleston,34;247,75;236,2020,
Foul Received,392433,25000,Chukka 1,La Indiana,Santiago Gomez Romero,Foul Received,Right of Way,Penalty 30 yards,,,Attacking 30,71;31,,,Live,,International Polo Club,La Indiana vs Pilot,,Ronnie Hayes,,February 19. 2020,,,Search Livestream,,,Semi-Final,Martin,,C.V. Whitney Cup,Horton Schwartz,Kimo Huddleston,,,2020,
Goal La Indiana,433533,35000,Chukka 1,La Indiana,Jeff Hall,,,,Goal La Indiana,,,,,,Live,,International Polo Club,La Indiana vs Pilot,,Ronnie Hayes,,February 19. 2020,,,Search Livestream,,,Semi-Final,Martin,,C.V. Whitney Cup,Horton Schwartz,Kimo Huddleston,,,2020,
Penalty 30 yards,449100,15000,Chukka 1,La Indiana,Jeff Hall,,,,,,,,,,Live,,International Polo Club,La Indiana vs Pilot,,Ronnie Hayes,,February 19. 2020,Penalty 30 yards,Goal,Search Livestream,,,Semi-Final,Martin,,C.V. Whitney Cup,Horton Schwartz,Kimo Huddleston,,,2020,
Throw-in (2),484000,20000,Chukka 1,Pilot,Facundo Pieres,,,,,Throw-in,,,,,Live,,International Polo Club,La Indiana vs Pilot,,Ronnie Hayes,,February 19. 2020,,,Search Livestream,,,Semi-Final,Martin,Pilot win throw-in,C.V. Whitney Cup,Horton Schwartz,Kimo Huddleston,,,2020,
Foul (1),520066,25000,Chukka 1,La Indiana,Jeff Hall,Foul,Crossing,Penalty 5,,,Attacking 30,82;17,,,Live,,International Polo Club,La Indiana vs Pilot,,Ronnie Hayes,,February 19. 2020,,,Search Livestream,,,Semi-Final,Martin,,C.V. Whitney Cup,Horton Schwartz,Kimo Huddleston,46;42,92;49,2020,
Foul Received (1),520066,25000,Chukka 1,Pilot,Facundo Pieres,Foul Received,Crossing,Penalty 5,,,Defending 30,66;279,,,Live,,International Polo Club,La Indiana vs Pilot,,Ronnie Hayes,,February 19. 2020,,,Search Livestream,,,Semi-Final,Martin,,C.V. Whitney Cup,Horton Schwartz,Kimo Huddleston,,,2020,
Shot At Goal (1),559466,35000,Chukka 1,Pilot,Gonzalito Pieres,,,,,,Attacking 30,75;30,,,Live,,International Polo Club,La Indiana vs Pilot,,Ronnie Hayes,,February 19. 2020,,,Search Livestream,Shot At Goal,Goal,Semi-Final,Martin,,C.V. Whitney Cup,Horton Schwartz,Kimo Huddleston,,,2020,
Goal Pilot (1),560766,35000,Chukka 1,Pilot,Gonzalito Pieres,,,,Goal Pilot,,Attacking 30,73;3,,,Live,,International Polo Club,La Indiana vs Pilot,,Ronnie Hayes,,February 19. 2020,,,Search Livestream,,,Semi-Final,Martin,,C.V. Whitney Cup,Horton Schwartz,Kimo Huddleston,,,2020,
Penalty 5,565100,30000,Chukka 1,Pilot,Facundo Pieres,,,,,Penalty 5,,,,,Live,,International Polo Club,La Indiana vs Pilot,,Ronnie Hayes,,February 19. 2020,,,Search Livestream,,,Semi-Final,Martin,,C.V. Whitney Cup,Horton Schwartz,Kimo Huddleston,,,2020,
Assist,573033,25000,Chukka 1,Pilot,Facundo Pieres,,,,,,,,Facundo Pieres,Successful,Live,,International Polo Club,La Indiana vs Pilot,,Ronnie Hayes,,February 19. 2020,,,Search Livestream,,,Semi-Final,Martin,,C.V. Whitney Cup,Horton Schwartz,Kimo Huddleston,,,2020,
Throw-in (3),617933,20000,Chukka 1,La Indiana,Santiago Gomez Romero,,,,,Throw-in,,,,,Live,,International Polo Club,La Indiana vs Pilot,,Ronnie Hayes,,February 19. 2020,,,Search Livestream,,,Semi-Final,Martin,La Indiana win throw-in,C.V. Whitney Cup,Horton Schwartz,Kimo Huddleston,,,2020,
Foul (2),618733,25000,Chukka 1,La Indiana,Polito Pieres,Foul,Dangerous Riding,Penalty 5,,,Attacking Half,34;115,,,Live,,International Polo Club,La Indiana vs Pilot,,Ronnie Hayes,,February 19. 2020,,,Search Livestream,,,Semi-Final,Martin,,C.V. Whitney Cup,Horton Schwartz,Kimo Huddleston,19;118,76;122,2020,
Foul Received (2),618733,25000,Chukka 1,Pilot,Gonzalito Pieres,Foul Received,Dangerous Riding,Penalty 5,,,Defending Half,116;183,,,Live,,International Polo Club,La Indiana vs Pilot,,Ronnie Hayes,,February 19. 2020,,,Search Livestream,,,Semi-Final,Martin,,C.V. Whitney Cup,Horton Schwartz,Kimo Huddleston,,,2020,
Shot At Goal (2),656400,35000,Chukka 1,Pilot,Facundo Pieres,,,,,,Attacking 30,84;15,,,Live,,International Polo Club,La Indiana vs Pilot,,Ronnie Hayes,,February 19. 2020,,,Search Livestream,Shot At Goal,Goal,Semi-Final,Martin,,C.V. Whitney Cup,Horton Schwartz,Kimo Huddleston,,,2020,
Goal Pilot (2),657733,35000,Chukka 1,Pilot,Facundo Pieres,,,,Goal Pilot,,Attacking 30,76;4,,,Live,,International Polo Club,La Indiana vs Pilot,Goals,Ronnie Hayes,,February 19. 2020,,,Search Livestream,,,Semi-Final,Martin,,C.V. Whitney Cup,Horton Schwartz,Kimo Huddleston,,,2020,
Penalty 5 (1),661166,30000,Chukka 1,Pilot,Facundo Pieres,,,,,Penalty 5,,,,,Live,,International Polo Club,La Indiana vs Pilot,,Ronnie Hayes,,February 19. 2020,,,Search Livestream,,,Semi-Final,Martin,,C.V. Whitney Cup,Horton Schwartz,Kimo Huddleston,,,2020,
Throw-in (4),708766,20000,Chukka 1,La Indiana,Jeff Hall,,,,,Throw-in,,,,,Live,,International Polo Club,La Indiana vs Pilot,,Ronnie Hayes,,February 19. 2020,,,Search Livestream,,,Semi-Final,Martin,La Indiana win throw-in,C.V. Whitney Cup,Horton Schwartz,Kimo Huddleston,,,2020,
Foul (3),709633,25000,Chukka 1,La Indiana,Polito Pieres,Foul,Right of Way,Penalty 5,,,Attacking Half,141;133,,,Live,,International Polo Club,La Indiana vs Pilot,,Ronnie Hayes,,February 19. 2020,,,Search Livestream,,,Semi-Final,Martin,,C.V. Whitney Cup,Horton Schwartz,Kimo Huddleston,99;120,132;159,2020,
Foul Received (3),709633,25000,Chukka 1,Pilot,Facundo Pieres,Foul Received,Right of Way,Penalty 5,,,Defending Half,8;174,,,Live,,International Polo Club,La Indiana vs Pilot,,Ronnie Hayes,,February 19. 2020,,,Search Livestream,,,Semi-Final,Martin,,C.V. Whitney Cup,Horton Schwartz,Kimo Huddleston,,,2020,
Shot At Goal (3),733033,35000,Chukka 1,Pilot,Facundo Pieres,,,,,,Attacking 30,109;38,,,Live,,International Polo Club,La Indiana vs Pilot,,Ronnie Hayes,,February 19. 2020,,,Search Livestream,Shot At Goal,Miss Hit,Semi-Final,Martin,,C.V. Whitney Cup,Horton Schwartz,Kimo Huddleston,,,2020,
Penalty 5 (2),743900,30000,Chukka 1,Pilot,Facundo Pieres,,,,,Penalty 5,,,,,Live,,International Polo Club,La Indiana vs Pilot,,Ronnie Hayes,,February 19. 2020,,,Search Livestream,,,Semi-Final,Martin,,C.V. Whitney Cup,Horton Schwartz,Kimo Huddleston,,,2020,
Shot At Goal (4),754933,35000,Chukka 1,La Indiana,Santiago Gomez Romero,,,,,,Attacking 60,93;56,,,Live,,International Polo Club,La Indiana vs Pilot,,Ronnie Hayes,,February 19. 2020,,,Search Livestream,Shot At Goal,Short,Semi-Final,Martin,,C.V. Whitney Cup,Horton Schwartz,Kimo Huddleston,,,2020,
Shot At Goal (5),765166,35000,Chukka 1,La Indiana,Michael Bickford,,,,,,Attacking 30,53;12,,,Live,,International Polo Club,La Indiana vs Pilot,,Ronnie Hayes,,February 19. 2020,,,Search Livestream,Shot At Goal,Goal,Semi-Final,Martin,,C.V. Whitney Cup,Horton Schwartz,Kimo Huddleston,,,2020,
Goal La Indiana (1),766966,35000,Chukka 1,La Indiana,Michael Bickford,,,,Goal La Indiana,,Attacking 30,71;4,,,Live,,International Polo Club,La Indiana vs Pilot,,Ronnie Hayes,,February 19. 2020,,,Search Livestream,,,Semi-Final,Martin,,C.V. Whitney Cup,Horton Schwartz,Kimo Huddleston,,,2020,
Throw-in (5),824500,20000,Chukka 1,Pilot,Facundo Pieres,,,,,Throw-in,,,,,Live,,International Polo Club,La Indiana vs Pilot,,Ronnie Hayes,,February 19. 2020,,,Search Livestream,,,Semi-Final,Martin,Pilot win throw-in,C.V. Whitney Cup,Horton Schwartz,Kimo Huddleston,,,2020,
Foul (4),834133,25000,Chukka 1,La Indiana,Santiago Gomez Romero,Foul,Crossing,Penalty 30 yards,,,Defending 60,60;242,,,Live,,International Polo Club,La Indiana vs Pilot,,Ronnie Hayes,,February 19. 2020,,,Search Livestream,,,Semi-Final,Martin,,C.V. Whitney Cup,Horton Schwartz,Kimo Huddleston,44;213,107;249,2020,
Foul Received (4),834133,25000,Chukka 1,Pilot,Curtis Pilot,Foul Received,Crossing,Penalty 30 yards,,,Attacking 60,87;47,,,Live,,International Polo Club,La Indiana vs Pilot,,Ronnie Hayes,,February 19. 2020,,,Search Livestream,,,Semi-Final,Martin,,C.V. Whitney Cup,Horton Schwartz,Kimo Huddleston,,,2020,
Goal Pilot (3),1057300,35000,Chukka 2,Pilot,Facundo Pieres,,,,Goal Pilot,,,,,,Live,,International Polo Club,La Indiana vs Pilot,,Ronnie Hayes,,February 19. 2020,,,Search Livestream,,,Semi-Final,Martin,,C.V. Whitney Cup,Horton Schwartz,Kimo Huddleston,,,2020,
Penalty 30 yards (1),1073833,15000,Chukka 2,Pilot,Facundo Pieres,,,,,,,,,,Live,,International Polo Club,La Indiana vs Pilot,,Ronnie Hayes,,February 19. 2020,Penalty 30 yards,Goal,Search Livestream,,,Semi-Final,Martin,,C.V. Whitney Cup,Horton Schwartz,Kimo Huddleston,,,2020,
Chukka Length (1),1084466,48800,Chukka 2,Team,,,,,,,,,,,Live,Chukka Length,International Polo Club,La Indiana vs Pilot,,Ronnie Hayes,,February 19. 2020,,,Search Livestream,,,Semi-Final,Martin,,C.V. Whitney Cup,Horton Schwartz,Kimo Huddleston,,,2020,
Throw-in (6),1114646,20000,Chukka 2,La Indiana,Polito Pieres,,,,,Throw-in,,,,,Live,,International Polo Club,La Indiana vs Pilot,,Ronnie Hayes,,February 19. 2020,,,Search Livestream,,,Semi-Final,Martin,La Indiana win throw-in,C.V. Whitney Cup,Horton Schwartz,Kimo Huddleston,,,2020,
Injury Time,1128633,70300,Chukka 2,Team,,,,,,,,,,,Live,Injury Time,International Polo Club,La Indiana vs Pilot,,Ronnie Hayes,,February 19. 2020,,,Search Livestream,,,Semi-Final,Martin,,C.V. Whitney Cup,Horton Schwartz,Kimo Huddleston,,,2020,
Foul (5),1194433,25000,Chukka 2,Pilot,Lucas Escobar,Foul,Riding Into Shot,Penalty 60 yards,,,Defending Half,43;203,,,Live,,International Polo Club,La Indiana vs Pilot,,Ronnie Hayes,,February 19. 2020,,,Search Livestream,,,Semi-Final,Martin,,C.V. Whitney Cup,Horton Schwartz,Kimo Huddleston,18;209,55;247,2020,
Foul Received (5),1194433,25000,Chukka 2,La Indiana,Santiago Gomez Romero,Foul Received,Riding Into Shot,Penalty 60 yards,,,Attacking Half,105;103,,,Live,,International Polo Club,La Indiana vs Pilot,,Ronnie Hayes,,February 19. 2020,,,Search Livestream,,,Semi-Final,Martin,,C.V. Whitney Cup,Horton Schwartz,Kimo Huddleston,,,2020,
Throw-in (7),1194933,20000,Chukka 2,La Indiana,Santiago Gomez Romero,,,,,Throw-in,,,,,Live,,International Polo Club,La Indiana vs Pilot,,Ronnie Hayes,,February 19. 2020,,,Search Livestream,,,Semi-Final,Martin,La Indiana win throw-in,C.V. Whitney Cup,Horton Schwartz,Kimo Huddleston,,,2020,
Chukka Length (2),1199366,993192,Chukka 2,Team,,,,,,,,,,,Live,Chukka Length,International Polo Club,La Indiana vs Pilot,,Ronnie Hayes,,February 19. 2020,,,Search Livestream,,,Semi-Final,Martin,,C.V. Whitney Cup,Horton Schwartz,Kimo Huddleston,,,2020,
Penalty 60 yards,1670966,15000,Chukka 2,La Indiana,Polito Pieres,,,,,,,,,,Live,,International Polo Club,La Indiana vs Pilot,,Ronnie Hayes,,February 19. 2020,Penalty 60 yards,Blocked,Search Livestream,,,Semi-Final,Martin,,C.V. Whitney Cup,Horton Schwartz,Kimo Huddleston,,,2020,
Penalty Block,1678400,10000,Chukka 2,Pilot,Lucas Escobar,,,,,,,,,,Live,,International Polo Club,La Indiana vs Pilot,,Ronnie Hayes,,February 19. 2020,,,Search Livestream,,,Semi-Final,Martin,,C.V. Whitney Cup,Horton Schwartz,Kimo Huddleston,,,2020,Penalty Block
Goal La Indiana (2),1712366,35000,Chukka 2,La Indiana,Polito Pieres,,,,Goal La Indiana,,,,,,Live,,International Polo Club,La Indiana vs Pilot,,Ronnie Hayes,,February 19. 2020,,,Search Livestream,,,Semi-Final,Martin,,C.V. Whitney Cup,Horton Schwartz,Kimo Huddleston,,,2020,
Safety 60,1725233,15000,Chukka 2,La Indiana,Polito Pieres,,,,,,,,,,Live,,International Polo Club,La Indiana vs Pilot,,Ronnie Hayes,,February 19. 2020,Safety 60,Goal,Search Livestream,,,Semi-Final,Martin,,C.V. Whitney Cup,Horton Schwartz,Kimo Huddleston,,,2020,
Shot At Goal (6),1759166,35000,Chukka 2,Pilot,Facundo Pieres,,,,,,Attacking Half,123;90,,,Live,,International Polo Club,La Indiana vs Pilot,,Ronnie Hayes,,February 19. 2020,,,Search Livestream,Shot At Goal,Short,Semi-Final,Martin,,C.V. Whitney Cup,Horton Schwartz,Kimo Huddleston,,,2020,
Throw-in (8),1760802,20000,Chukka 2,La Indiana,Polito Pieres,,,,,Throw-in,,,,,Live,,International Polo Club,La Indiana vs Pilot,,Ronnie Hayes,,February 19. 2020,,,Search Livestream,,,Semi-Final,Martin,La Indiana win throw-in,C.V. Whitney Cup,Horton Schwartz,Kimo Huddleston,,,2020,
Shot At Goal (7),1767633,35000,Chukka 2,Pilot,Facundo Pieres,,,,,,Attacking 30,81;27,,,Live,,International Polo Club,La Indiana vs Pilot,,Ronnie Hayes,,February 19. 2020,,,Search Livestream,Shot At Goal,Short,Semi-Final,Martin,,C.V. Whitney Cup,Horton Schwartz,Kimo Huddleston,,,2020,
Shot At Goal (8),1805033,35000,Chukka 2,La Indiana,Michael Bickford,,,,,,Attacking Half,64;81,,,Live,,International Polo Club,La Indiana vs Pilot,,Ronnie Hayes,,February 19. 2020,,,Search Livestream,Shot At Goal,Blocked,Semi-Final,Martin,,C.V. Whitney Cup,Horton Schwartz,Kimo Huddleston,,,2020,
Shot Block,1832366,10000,Chukka 2,Pilot,Curtis Pilot,,,,,,,,,,Live,,International Polo Club,La Indiana vs Pilot,,Ronnie Hayes,,February 19. 2020,,,Search Livestream,,,Semi-Final,Martin,,C.V. Whitney Cup,Horton Schwartz,Kimo Huddleston,,,2020,Shot Block
Non Call,1851266,20000,Chukka 2,Team,,Non Call,Reaching,,,,,,,,Live,,International Polo Club,La Indiana vs Pilot,,Ronnie Hayes,,February 19. 2020,,,Search Livestream,,,Semi-Final,Martin,,C.V. Whitney Cup,Horton Schwartz,Kimo Huddleston,,,2020,
Foul (6),1864300,25000,Chukka 2,Pilot,Lucas Escobar,Foul,Crossing,Penalty 60 yards,,,Defending Half,62;172,,,Live,,International Polo Club,La Indiana vs Pilot,,Ronnie Hayes,,February 19. 2020,,,Search Livestream,,,Semi-Final,Martin,,C.V. Whitney Cup,Horton Schwartz,Kimo Huddleston,119;177,97;149,2020,
Foul Received (6),1864300,25000,Chukka 2,La Indiana,Polito Pieres,Foul Received,Crossing,Penalty 60 yards,,,Attacking Half,83;124,,,Live,,International Polo Club,La Indiana vs Pilot,,Ronnie Hayes,,February 19. 2020,,,Search Livestream,,,Semi-Final,Martin,,C.V. Whitney Cup,Horton Schwartz,Kimo Huddleston,,,2020,
Goal La Indiana (3),1939800,35000,Chukka 2,La Indiana,Polito Pieres,,,,Goal La Indiana,,,,,,Live,,International Polo Club,La Indiana vs Pilot,,Ronnie Hayes,,February 19. 2020,,,Search Livestream,,,Semi-Final,Martin,,C.V. Whitney Cup,Horton Schwartz,Kimo Huddleston,,,2020,
Penalty 60 yards (1),1943273,15000,Chukka 2,La Indiana,Polito Pieres,,,,,,,,,,Live,,International Polo Club,La Indiana vs Pilot,,Ronnie Hayes,,February 19. 2020,Penalty 60 yards,Goal,Search Livestream,,,Semi-Final,Martin,,C.V. Whitney Cup,Horton Schwartz,Kimo Huddleston,,,2020,
Throw-in (9),1979666,20000,Chukka 2,La Indiana,Jeff Hall,,,,,Throw-in,,,,,Live,,International Polo Club,La Indiana vs Pilot,,Ronnie Hayes,,February 19. 2020,,,Search Livestream,,,Semi-Final,Martin,La Indiana win throw-in,C.V. Whitney Cup,Horton Schwartz,Kimo Huddleston,,,2020,
Shot At Goal (9),1981933,35000,Chukka 2,Pilot,Lucas Escobar,,,,,,Attacking 60,123;49,,,Live,,International Polo Club,La Indiana vs Pilot,,Ronnie Hayes,,February 19. 2020,,,Search Livestream,Shot At Goal,Wide,Semi-Final,Martin,,C.V. Whitney Cup,Horton Schwartz,Kimo Huddleston,,,2020,
Knock In,2034566,40000,Chukka 2,La Indiana,Polito Pieres,,,,,Knock In,,,,,Live,,International Polo Club,La Indiana vs Pilot,,Ronnie Hayes,Santiago Gomez Romero,February 19. 2020,,,Search Livestream,,,Semi-Final,Martin,,C.V. Whitney Cup,Horton Schwartz,Kimo Huddleston,,,2020,
Shot At Goal (10),2048366,35000,Chukka 2,La Indiana,Polito Pieres,,,,,,Attacking Half,99;95,,,Live,,International Polo Club,La Indiana vs Pilot,,Ronnie Hayes,,February 19. 2020,,,Search Livestream,Shot At Goal,Wide,Semi-Final,Martin,,C.V. Whitney Cup,Horton Schwartz,Kimo Huddleston,,,2020,
Assist (1),2066200,25000,Chukka 2,La Indiana,Jeff Hall,,,,,,,,Jeff Hall,Unsuccessful,Live,,International Polo Club,La Indiana vs Pilot,,Ronnie Hayes,,February 19. 2020,,,Search Livestream,,,Semi-Final,Martin,,C.V. Whitney Cup,Horton Schwartz,Kimo Huddleston,,,2020,
Knock In (1),2094911,40000,Chukka 2,Pilot,Facundo Pieres,,,,,Knock In,,,,,Live,,International Polo Club,La Indiana vs Pilot,,Ronnie Hayes,Gonzalito Pieres,February 19. 2020,,,Search Livestream,,,Semi-Final,Martin,,C.V. Whitney Cup,Horton Schwartz,Kimo Huddleston,,,2020,
Shot At Goal (11),2105900,35000,Chukka 2,Pilot,Facundo Pieres,,,,,,Attacking 60,79;53,,,Live,,International Polo Club,La Indiana vs Pilot,,Ronnie Hayes,,February 19. 2020,,,Search Livestream,Shot At Goal,Miss Hit,Semi-Final,Martin,,C.V. Whitney Cup,Horton Schwartz,Kimo Huddleston,,,2020,
Shot At Goal (12),2109000,35000,Chukka 2,Pilot,Curtis Pilot,,,,,,Attacking 30,69;27,,,Live,,International Polo Club,La Indiana vs Pilot,,Ronnie Hayes,,February 19. 2020,,,Search Livestream,Shot At Goal,Goal,Semi-Final,Martin,,C.V. Whitney Cup,Horton Schwartz,Kimo Huddleston,,,2020,
Goal Pilot (4),2111133,35000,Chukka 2,Pilot,Curtis Pilot,,,,Goal Pilot,,Attacking 30,71;6,,,Live,,International Polo Club,La Indiana vs Pilot,,Ronnie Hayes,,February 19. 2020,,,Search Livestream,,,Semi-Final,Martin,,C.V. Whitney Cup,Horton Schwartz,Kimo Huddleston,,,2020,
Shot At Goal (13),2370766,35000,Chukka 3,Pilot,Gonzalito Pieres,,,,,,Attacking 60,71;47,,,Live,,International Polo Club,La Indiana vs Pilot,,Ronnie Hayes,,February 19. 2020,,,Search Livestream,Shot At Goal,Miss Hit,Semi-Final,Martin,,C.V. Whitney Cup,Horton Schwartz,Kimo Huddleston,,,2020,
Throw-in (10),2385000,20000,Chukka 3,Pilot,Gonzalito Pieres,,,,,Throw-in,,,,,Live,,International Polo Club,La Indiana vs Pilot,,Ronnie Hayes,,February 19. 2020,,,Search Livestream,,,Semi-Final,Martin,Pilot win throw-in,C.V. Whitney Cup,Horton Schwartz,Kimo Huddleston,,,2020,
Chukka Length (3),2389666,719562,Chukka 3,Team,,,,,,,,,,,Live,Chukka Length,International Polo Club,La Indiana vs Pilot,,Ronnie Hayes,,February 19. 2020,,,Search Livestream,,,Semi-Final,Martin,,C.V. Whitney Cup,Horton Schwartz,Kimo Huddleston,,,2020,
Foul (7),2429000,25000,Chukka 3,La Indiana,Jeff Hall,Foul,Blocking,Penalty 5B,,,Attacking 60,92;56,,,Live,,International Polo Club,La Indiana vs Pilot,,Ronnie Hayes,,February 19. 2020,,,Search Livestream,,,Semi-Final,Martin,,C.V. Whitney Cup,Horton Schwartz,Kimo Huddleston,119;61,85;88,2020,
Foul Received (7),2429000,25000,Chukka 3,Pilot,Facundo Pieres,Foul Received,Blocking,Penalty 5B,,,Defending 60,55;245,,,Live,,International Polo Club,La Indiana vs Pilot,,Ronnie Hayes,,February 19. 2020,,,Search Livestream,,,Semi-Final,Martin,,C.V. Whitney Cup,Horton Schwartz,Kimo Huddleston,,,2020,
Shot At Goal (14),2459700,35000,Chukka 3,Pilot,Facundo Pieres,,,,,,Attacking Half,69;125,,,Live,,International Polo Club,La Indiana vs Pilot,,Ronnie Hayes,,February 19. 2020,,,Search Livestream,Shot At Goal,Wide,Semi-Final,Martin,,C.V. Whitney Cup,Horton Schwartz,Kimo Huddleston,,,2020,
Penalty 5b,2480891,30000,Chukka 3,Pilot,Facundo Pieres,,,,,Penalty 5b,,,,,Live,,International Polo Club,La Indiana vs Pilot,,Ronnie Hayes,,February 19. 2020,,,Search Livestream,,,Semi-Final,Martin,,C.V. Whitney Cup,Horton Schwartz,Kimo Huddleston,,,2020,
Shot At Goal (15),2513933,35000,Chukka 3,La Indiana,Michael Bickford,,,,,,Attacking 60,39;39,,,Live,,International Polo Club,La Indiana vs Pilot,,Ronnie Hayes,,February 19. 2020,,,Search Livestream,Shot At Goal,Short,Semi-Final,Martin,,C.V. Whitney Cup,Horton Schwartz,Kimo Huddleston,,,2020,
Knock In (2),2516100,40000,Chukka 3,La Indiana,Polito Pieres,,,,,Knock In,,,,,Live,,International Polo Club,La Indiana vs Pilot,,Ronnie Hayes,Michael Bickford,February 19. 2020,,,Search Livestream,,,Semi-Final,Martin,,C.V. Whitney Cup,Horton Schwartz,Kimo Huddleston,,,2020,
Foul (8),2547133,25000,Chukka 3,La Indiana,Jeff Hall,Foul,Blocking,Penalty 60 yards,,,Attacking 30,48;15,,,Live,,International Polo Club,La Indiana vs Pilot,,Ronnie Hayes,,February 19. 2020,,,Search Livestream,,,Semi-Final,Martin,,C.V. Whitney Cup,Horton Schwartz,Kimo Huddleston,31;17,53;57,2020,
Foul Received (8),2547133,25000,Chukka 3,Pilot,Gonzalito Pieres,Foul Received,Blocking,Penalty 60 yards,,,Defending 30,98;286,,,Live,,International Polo Club,La Indiana vs Pilot,,Ronnie Hayes,,February 19. 2020,,,Search Livestream,,,Semi-Final,Martin,,C.V. Whitney Cup,Horton Schwartz,Kimo Huddleston,,,2020,
Yellow Card,2558200,10000,Chukka 3,La Indiana,Polito Pieres,Yellow Card,Technical,Penalty 60 yards,,,Attacking 30,46;17,,,Live,,International Polo Club,La Indiana vs Pilot,,Ronnie Hayes,,February 19. 2020,,,Search Livestream,,,Semi-Final,Martin,,C.V. Whitney Cup,Horton Schwartz,Kimo Huddleston,,,2020,
Penalty 60 yards (2),2667250,15000,Chukka 3,Pilot,Facundo Pieres,,,,,,,,,,Live,,International Polo Club,La Indiana vs Pilot,,Ronnie Hayes,,February 19. 2020,Penalty 60 yards,Wide,Search Livestream,,,Semi-Final,Martin,,C.V. Whitney Cup,Horton Schwartz,Kimo Huddleston,,,2020,
Knock In (3),2694460,40000,Chukka 3,La Indiana,Polito Pieres,,,,,Knock In,,,,,Live,,International Polo Club,La Indiana vs Pilot,,Ronnie Hayes,Santiago Gomez Romero,February 19. 2020,,,Search Livestream,,,Semi-Final,Martin,,C.V. Whitney Cup,Horton Schwartz,Kimo Huddleston,,,2020,
Non Call (1),2694500,20000,Chukka 3,Team,,Non Call,Turning,,,,,,,,Live,,International Polo Club,La Indiana vs Pilot,,Ronnie Hayes,,February 19. 2020,,,Search Livestream,,,Semi-Final,Martin,,C.V. Whitney Cup,Horton Schwartz,Kimo Huddleston,,,2020,
Foul (9),2739533,25000,Chukka 3,Pilot,Facundo Pieres,Foul,Right of Way,Penalty 60 yards,,,Defending Half,120;163,,,Live,,International Polo Club,La Indiana vs Pilot,,Ronnie Hayes,,February 19. 2020,,,Search Livestream,,,Semi-Final,Martin,,C.V. Whitney Cup,Horton Schwartz,Kimo Huddleston,104;163,141;158,2020,
Foul Received (9),2739533,25000,Chukka 3,La Indiana,Santiago Gomez Romero,Foul Received,Right of Way,Penalty 60 yards,,,Attacking Half,33;134,,,Live,,International Polo Club,La Indiana vs Pilot,,Ronnie Hayes,,February 19. 2020,,,Search Livestream,,,Semi-Final,Martin,,C.V. Whitney Cup,Horton Schwartz,Kimo Huddleston,,,2020,
Penalty 60 yards (3),2806966,15000,Chukka 3,La Indiana,Polito Pieres,,,,,,,,,,Live,,International Polo Club,La Indiana vs Pilot,,Ronnie Hayes,,February 19. 2020,Penalty 60 yards,Wide,Search Livestream,,,Semi-Final,Martin,,C.V. Whitney Cup,Horton Schwartz,Kimo Huddleston,,,2020,
Knock In (4),2830700,40000,Chukka 3,Pilot,Facundo Pieres,,,,,Knock In,,,,,Live,,International Polo Club,La Indiana vs Pilot,,Ronnie Hayes,Gonzalito Pieres,February 19. 2020,,,Search Livestream,,,Semi-Final,Martin,,C.V. Whitney Cup,Horton Schwartz,Kimo Huddleston,,,2020,
Shot At Goal (16),2848800,35000,Chukka 3,La Indiana,Santiago Gomez Romero,,,,,,Attacking 30,73;8,,,Live,,International Polo Club,La Indiana vs Pilot,,Ronnie Hayes,,February 19. 2020,,,Search Livestream,Shot At Goal,Goal,Semi-Final,Martin,,C.V. Whitney Cup,Horton Schwartz,Kimo Huddleston,,,2020,
Goal La Indiana (4),2849900,35000,Chukka 3,La Indiana,Santiago Gomez Romero,,,,Goal La Indiana,,Attacking 30,74;7,,,Live,,International Polo Club,La Indiana vs Pilot,Goals,Ronnie Hayes,,February 19. 2020,,,Search Livestream,,,Semi-Final,Martin,,C.V. Whitney Cup,Horton Schwartz,Kimo Huddleston,,,2020,
Shot At Goal (17),2906366,35000,Chukka 3,Pilot,Lucas Escobar,,,,,,Attacking 30,54;13,,,Live,,International Polo Club,La Indiana vs Pilot,,Ronnie Hayes,,February 19. 2020,,,Search Livestream,Shot At Goal,Wide,Semi-Final,Martin,,C.V. Whitney Cup,Horton Schwartz,Kimo Huddleston,,,2020,
Throw-in (11),2908000,20000,Chukka 3,La Indiana,Jeff Hall,,,,,Throw-in,,,,,Live,,International Polo Club,La Indiana vs Pilot,,Ronnie Hayes,,February 19. 2020,,,Search Livestream,,,Semi-Final,Martin,La Indiana win throw-in,C.V. Whitney Cup,Horton Schwartz,Kimo Huddleston,,,2020,
Assist (2),2927500,25000,Chukka 3,Pilot,Facundo Pieres,,,,,,,,Facundo Pieres,Unsuccessful,Live,,International Polo Club,La Indiana vs Pilot,,Ronnie Hayes,,February 19. 2020,,,Search Livestream,,,Semi-Final,Martin,,C.V. Whitney Cup,Horton Schwartz,Kimo Huddleston,,,2020,
Knock In (5),2953327,40000,Chukka 3,La Indiana,Polito Pieres,,,,,Knock In,,,,,Live,,International Polo Club,La Indiana vs Pilot,,Ronnie Hayes,,February 19. 2020,,,Search Livestream,,,Semi-Final,Martin,,C.V. Whitney Cup,Horton Schwartz,Kimo Huddleston,,,2020,
Shot At Goal (18),2954166,35000,Chukka 3,La Indiana,Polito Pieres,,,,,,Attacking 60,97;62,,,Live,,International Polo Club,La Indiana vs Pilot,,Ronnie Hayes,,February 19. 2020,,,Search Livestream,Shot At Goal,Goal,Semi-Final,Martin,,C.V. Whitney Cup,Horton Schwartz,Kimo Huddleston,,,2020,
Goal La Indiana (5),2956433,35000,Chukka 3,La Indiana,Polito Pieres,,,,Goal La Indiana,,Attacking 30,71;6,,,Live,,International Polo Club,La Indiana vs Pilot,Goals,Ronnie Hayes,,February 19. 2020,,,Search Livestream,,,Semi-Final,Martin,,C.V. Whitney Cup,Horton Schwartz,Kimo Huddleston,,,2020,
Foul Received (10),3016066,25000,Chukka 3,Pilot,Facundo Pieres,Foul Received,Right of Way,Penalty 5,,,Defending Half,139;167,,,Live,,International Polo Club,La Indiana vs Pilot,,Ronnie Hayes,,February 19. 2020,,,Search Livestream,,,Semi-Final,Martin,,C.V. Whitney Cup,Horton Schwartz,Kimo Huddleston,,,2020,
Foul (10),3016066,25000,Chukka 3,La Indiana,Michael Bickford,Foul,Right of Way,Penalty 5,,,Attacking Half,16;130,,,Live,,International Polo Club,La Indiana vs Pilot,,Ronnie Hayes,,February 19. 2020,,,Search Livestream,,,Semi-Final,Martin,,C.V. Whitney Cup,Horton Schwartz,Kimo Huddleston,50;118,65;166,2020,
Throw-in (12),3016766,20000,Chukka 3,Pilot,Curtis Pilot,,,,,Throw-in,,,,,Live,,International Polo Club,La Indiana vs Pilot,,Ronnie Hayes,,February 19. 2020,,,Search Livestream,,,Semi-Final,Martin,Pilot win throw-in,C.V. Whitney Cup,Horton Schwartz,Kimo Huddleston,,,2020,
Shot At Goal (19),3054966,35000,Chukka 3,Pilot,Gonzalito Pieres,,,,,,Attacking 30,122;17,,,Live,,International Polo Club,La Indiana vs Pilot,,Ronnie Hayes,,February 19. 2020,,,Search Livestream,Shot At Goal,Wide,Semi-Final,Martin,,C.V. Whitney Cup,Horton Schwartz,Kimo Huddleston,,,2020,
Penalty 5 (3),3062483,30000,Chukka 3,Pilot,Facundo Pieres,,,,,Penalty 5,,,,,Live,,International Polo Club,La Indiana vs Pilot,,Ronnie Hayes,,February 19. 2020,,,Search Livestream,,,Semi-Final,Martin,,C.V. Whitney Cup,Horton Schwartz,Kimo Huddleston,,,2020,
Knock In (6),3694666,40000,Chukka 4,La Indiana,Polito Pieres,,,,,Knock In,,,,,Live,,International Polo Club,La Indiana vs Pilot,,Ronnie Hayes,,February 19. 2020,,,Search Livestream,,,Semi-Final,Martin,,C.V. Whitney Cup,Horton Schwartz,Kimo Huddleston,,,2020,
Chukka Length (4),3698300,926998,Chukka 4,Team,,,,,,,,,,,Live,Chukka Length,International Polo Club,La Indiana vs Pilot,,Ronnie Hayes,,February 19. 2020,,,Search Livestream,,,Semi-Final,Martin,,C.V. Whitney Cup,Horton Schwartz,Kimo Huddleston,,,2020,
Shot At Goal (20),3704900,35000,Chukka 4,La Indiana,Jeff Hall,,,,,,Attacking 30,104;13,,,Live,,International Polo Club,La Indiana vs Pilot,,Ronnie Hayes,,February 19. 2020,,,Search Livestream,Shot At Goal,Goal,Semi-Final,Martin,,C.V. Whitney Cup,Horton Schwartz,Kimo Huddleston,,,2020,
Goal La Indiana (6),3707900,35000,Chukka 4,La Indiana,Jeff Hall,,,,Goal La Indiana,,Attacking 30,73;6,,,Live,,International Polo Club,La Indiana vs Pilot,,Ronnie Hayes,,February 19. 2020,,,Search Livestream,,,Semi-Final,Martin,,C.V. Whitney Cup,Horton Schwartz,Kimo Huddleston,,,2020,
Shot At Goal (21),3756700,35000,Chukka 4,Pilot,Lucas Escobar,,,,,,Attacking 60,62;53,,,Live,,International Polo Club,La Indiana vs Pilot,,Ronnie Hayes,,February 19. 2020,,,Search Livestream,Shot At Goal,Wide,Semi-Final,Martin,,C.V. Whitney Cup,Horton Schwartz,Kimo Huddleston,,,2020,
Throw-in (13),3770200,20000,Chukka 4,Pilot,Facundo Pieres,,,,,Throw-in,,,,,Live,,International Polo Club,La Indiana vs Pilot,,Ronnie Hayes,,February 19. 2020,,,Search Livestream,,,Semi-Final,Martin,Pilot win throw-in,C.V. Whitney Cup,Horton Schwartz,Kimo Huddleston,,,2020,
Knock In (7),3807700,40000,Chukka 4,La Indiana,Polito Pieres,,,,,Knock In,,,,,Live,,International Polo Club,La Indiana vs Pilot,,Ronnie Hayes,Santiago Gomez Romero,February 19. 2020,,,Search Livestream,,,Semi-Final,Martin,,C.V. Whitney Cup,Horton Schwartz,Kimo Huddleston,,,2020,
Foul (11),3823933,25000,Chukka 4,La Indiana,Michael Bickford,Foul,Right of Way,Penalty 60 yards,,,Defending Half,85;175,,,Live,,International Polo Club,La Indiana vs Pilot,,Ronnie Hayes,,February 19. 2020,,,Search Livestream,,,Semi-Final,Martin,,C.V. Whitney Cup,Horton Schwartz,Kimo Huddleston,97;121,140;95,2020,
Foul Received (11),3823933,25000,Chukka 4,Pilot,Gonzalito Pieres,Foul Received,Right of Way,Penalty 60 yards,,,Attacking Half,61;122,,,Live,,International Polo Club,La Indiana vs Pilot,,Ronnie Hayes,,February 19. 2020,,,Search Livestream,,,Semi-Final,Martin,,C.V. Whitney Cup,Horton Schwartz,Kimo Huddleston,,,2020,
Goal Pilot (5),3868066,35000,Chukka 4,Pilot,Facundo Pieres,,,,Goal Pilot,,,,,,Live,,International Polo Club,La Indiana vs Pilot,,Ronnie Hayes,,February 19. 2020,,,Search Livestream,,,Semi-Final,Martin,,C.V. Whitney Cup,Horton Schwartz,Kimo Huddleston,,,2020,
Penalty 60 yards (4),3883058,15000,Chukka 4,Pilot,Facundo Pieres,,,,,,,,,,Live,,International Polo Club,La Indiana vs Pilot,,Ronnie Hayes,,February 19. 2020,Penalty 60 yards,Goal,Search Livestream,,,Semi-Final,Martin,,C.V. Whitney Cup,Horton Schwartz,Kimo Huddleston,,,2020,
Shot At Goal (22),3917466,35000,Chukka 4,La Indiana,Polito Pieres,,,,,,Attacking 30,73;31,,,Live,,International Polo Club,La Indiana vs Pilot,,Ronnie Hayes,,February 19. 2020,,,Search Livestream,Shot At Goal,Blocked,Semi-Final,Martin,,C.V. Whitney Cup,Horton Schwartz,Kimo Huddleston,,,2020,
Throw-in (14),3921633,20000,Chukka 4,La Indiana,Santiago Gomez Romero,,,,,Throw-in,,,,,Live,,International Polo Club,La Indiana vs Pilot,,Ronnie Hayes,,February 19. 2020,,,Search Livestream,,,Semi-Final,Martin,La Indiana win throw-in,C.V. Whitney Cup,Horton Schwartz,Kimo Huddleston,,,2020,
Shot Block (1),3944866,10000,Chukka 4,Pilot,Facundo Pieres,,,,,,,,,,Live,,International Polo Club,La Indiana vs Pilot,,Ronnie Hayes,,February 19. 2020,,,Search Livestream,,,Semi-Final,Martin,,C.V. Whitney Cup,Horton Schwartz,Kimo Huddleston,,,2020,Shot Block
Foul (12),3957866,25000,Chukka 4,Pilot,Gonzalito Pieres,Foul,Crossing,Penalty 5,,,Defending Half,10;165,,,Live,,International Polo Club,La Indiana vs Pilot,,Ronnie Hayes,,February 19. 2020,,,Search Livestream,,,Semi-Final,Martin,,C.V. Whitney Cup,Horton Schwartz,Kimo Huddleston,32;167,6;183,2020,
Foul Received (12),3957866,25000,Chukka 4,La Indiana,Polito Pieres,Foul Received,Crossing,Penalty 5,,,Attacking Half,140;133,,,Live,,International Polo Club,La Indiana vs Pilot,,Ronnie Hayes,,February 19. 2020,,,Search Livestream,,,Semi-Final,Martin,,C.V. Whitney Cup,Horton Schwartz,Kimo Huddleston,,,2020,
Foul Received (13),4029866,25000,Chukka 4,Pilot,Gonzalito Pieres,Foul Received,Crossing,Penalty 5,,,Defending 60,96;242,,,Live,,International Polo Club,La Indiana vs Pilot,,Ronnie Hayes,,February 19. 2020,,,Search Livestream,,,Semi-Final,Martin,,C.V. Whitney Cup,Horton Schwartz,Kimo Huddleston,,,2020,
Foul (13),4029866,25000,Chukka 4,La Indiana,Michael Bickford,Foul,Crossing,Penalty 5,,,Attacking 60,57;57,,,Live,,International Polo Club,La Indiana vs Pilot,,Ronnie Hayes,,February 19. 2020,,,Search Livestream,,,Semi-Final,Martin,,C.V. Whitney Cup,Horton Schwartz,Kimo Huddleston,61;90,113;44,2020,
Penalty 5 (4),4030524,30000,Chukka 4,La Indiana,Polito Pieres,,,,,Penalty 5,,,,,Live,,International Polo Club,La Indiana vs Pilot,,Ronnie Hayes,,February 19. 2020,,,Search Livestream,,,Semi-Final,Martin,,C.V. Whitney Cup,Horton Schwartz,Kimo Huddleston,,,2020,
Shot At Goal (23),4057633,35000,Chukka 4,Pilot,Gonzalito Pieres,,,,,,Attacking 60,136;49,,,Live,,International Polo Club,La Indiana vs Pilot,,Ronnie Hayes,,February 19. 2020,,,Search Livestream,Shot At Goal,Wide,Semi-Final,Martin,,C.V. Whitney Cup,Horton Schwartz,Kimo Huddleston,,,2020,
Penalty 5 (5),4067333,30000,Chukka 4,Pilot,Facundo Pieres,,,,,Penalty 5,,,,,Live,,International Polo Club,La Indiana vs Pilot,,Ronnie Hayes,,February 19. 2020,,,Search Livestream,,,Semi-Final,Martin,,C.V. Whitney Cup,Horton Schwartz,Kimo Huddleston,,,2020,
Foul (14),4103866,25000,Chukka 4,Pilot,Lucas Escobar,Foul,Blocking,Reversed Call,,,Attacking 30,81;36,,,Live,,International Polo Club,La Indiana vs Pilot,,Ronnie Hayes,,February 19. 2020,,,Search Livestream,,,Semi-Final,Martin,,C.V. Whitney Cup,Horton Schwartz,Kimo Huddleston,43;38,91;24,2020,
Foul Received (14),4103866,25000,Chukka 4,La Indiana,Santiago Gomez Romero,Foul Received,Blocking,Reversed Call,,,Defending 60,67;259,,,Live,,International Polo Club,La Indiana vs Pilot,,Ronnie Hayes,,February 19. 2020,,,Search Livestream,,,Semi-Final,Martin,,C.V. Whitney Cup,Horton Schwartz,Kimo Huddleston,,,2020,
Knock In (8),4108133,40000,Chukka 4,La Indiana,Jeff Hall,,,,,Knock In,,,,,Live,,International Polo Club,La Indiana vs Pilot,,Ronnie Hayes,,February 19. 2020,,,Search Livestream,,,Semi-Final,Martin,,C.V. Whitney Cup,Horton Schwartz,Kimo Huddleston,,,2020,
Yellow Card (1),4137569,10000,Chukka 4,Pilot,Facundo Pieres,Yellow Card,Technical,Reversed Call,,,,,,,Live,,International Polo Club,La Indiana vs Pilot,,Ronnie Hayes,,February 19. 2020,,,Search Livestream,,,Semi-Final,Martin,,C.V. Whitney Cup,Horton Schwartz,Kimo Huddleston,,,2020,
Foul (15),4377533,25000,Chukka 4,Pilot,Gonzalito Pieres,Foul,Right of Way,Penalty 5,,,Attacking 30,35;34,,,Live,,International Polo Club,La Indiana vs Pilot,,Ronnie Hayes,,February 19. 2020,,,Search Livestream,,,Semi-Final,Martin,,C.V. Whitney Cup,Horton Schwartz,Kimo Huddleston,59;31,118;18,2020,
Foul Received (15),4377533,25000,Chukka 4,La Indiana,Santiago Gomez Romero,Foul Received,Right of Way,Penalty 5,,,Defending 60,110;272,,,Live,,International Polo Club,La Indiana vs Pilot,,Ronnie Hayes,,February 19. 2020,,,Search Livestream,,,Semi-Final,Martin,,C.V. Whitney Cup,Horton Schwartz,Kimo Huddleston,,,2020,
Throw-in (15),4378033,20000,Chukka 4,La Indiana,Polito Pieres,,,,,Throw-in,,,,,Live,,International Polo Club,La Indiana vs Pilot,,Ronnie Hayes,,February 19. 2020,,,Search Livestream,,,Semi-Final,Martin,Pilot win throw-in,C.V. Whitney Cup,Horton Schwartz,Kimo Huddleston,,,2020,
Penalty 5 (6),4415900,30000,Chukka 4,La Indiana,Polito Pieres,,,,,Penalty 5,,,,,Live,,International Polo Club,La Indiana vs Pilot,,Ronnie Hayes,,February 19. 2020,,,Search Livestream,,,Semi-Final,Martin,,C.V. Whitney Cup,Horton Schwartz,Kimo Huddleston,,,2020,
Shot At Goal (24),4417400,35000,Chukka 4,Pilot,Facundo Pieres,,,,,,Attacking 30,74;17,,,Live,,International Polo Club,La Indiana vs Pilot,,Ronnie Hayes,,February 19. 2020,,,Search Livestream,Shot At Goal,Goal,Semi-Final,Martin,,C.V. Whitney Cup,Horton Schwartz,Kimo Huddleston,,,2020,
Goal Pilot (6),4418600,35000,Chukka 4,Pilot,Facundo Pieres,,,,Goal Pilot,,Attacking 30,73;4,,,Live,,International Polo Club,La Indiana vs Pilot,Goals,Ronnie Hayes,,February 19. 2020,,,Search Livestream,,,Semi-Final,Martin,,C.V. Whitney Cup,Horton Schwartz,Kimo Huddleston,,,2020,
Assist (3),4435633,25000,Chukka 4,Pilot,Gonzalito Pieres,,,,,,,,Gonzalito Pieres,Successful,Live,,International Polo Club,La Indiana vs Pilot,,Ronnie Hayes,,February 19. 2020,,,Search Livestream,,,Semi-Final,Martin,,C.V. Whitney Cup,Horton Schwartz,Kimo Huddleston,,,2020,
Throw-in (16),4473433,20000,Chukka 4,La Indiana,Santiago Gomez Romero,,Cross/High Hook,,,Throw-in,,,,,Live,,International Polo Club,La Indiana vs Pilot,,Ronnie Hayes,,February 19. 2020,,,Search Livestream,,,Semi-Final,Martin,La Indiana win throw-in,C.V. Whitney Cup,Horton Schwartz,Kimo Huddleston,,,2020,
Shot At Goal (25),4473600,35000,Chukka 4,Pilot,Facundo Pieres,,,,,,Attacking 30,55;16,,,Live,,International Polo Club,La Indiana vs Pilot,,Ronnie Hayes,,February 19. 2020,,,Search Livestream,Shot At Goal,Wide,Semi-Final,Martin,,C.V. Whitney Cup,Horton Schwartz,Kimo Huddleston,,,2020,
Assist (4),4488600,25000,Chukka 4,Pilot,Lucas Escobar,,,,,,,,Lucas Escobar,Unsuccessful,Live,,International Polo Club,La Indiana vs Pilot,,Ronnie Hayes,,February 19. 2020,,,Search Livestream,,,Semi-Final,Martin,,C.V. Whitney Cup,Horton Schwartz,Kimo Huddleston,,,2020,
Knock In (9),4521167,40000,Chukka 4,La Indiana,Jeff Hall,,,,,Knock In,,,,,Live,,International Polo Club,La Indiana vs Pilot,,Ronnie Hayes,Polito Pieres,February 19. 2020,,,Search Livestream,,,Semi-Final,Martin,,C.V. Whitney Cup,Horton Schwartz,Kimo Huddleston,,,2020,
Foul Received (16),4524700,25000,Chukka 4,Pilot,Facundo Pieres,Foul Received,Cross/High Hook,Penalty 5,,,Attacking Half,141;108,,,Live,,International Polo Club,La Indiana vs Pilot,,Ronnie Hayes,,February 19. 2020,,,Search Livestream,,,Semi-Final,Martin,,C.V. Whitney Cup,Horton Schwartz,Kimo Huddleston,,,2020,
Foul (16),4524700,25000,Chukka 4,La Indiana,Polito Pieres,Foul,Cross/High Hook,Penalty 5,,,Defending Half,4;194,,,Live,,International Polo Club,La Indiana vs Pilot,,Ronnie Hayes,,February 19. 2020,,,Search Livestream,,,Semi-Final,Martin,,C.V. Whitney Cup,Horton Schwartz,Kimo Huddleston,7;203,54;217,2020,
Shot At Goal (26),4549566,35000,Chukka 4,Pilot,Facundo Pieres,,,,,,Attacking 60,53;51,,,Live,,International Polo Club,La Indiana vs Pilot,,Ronnie Hayes,,February 19. 2020,,,Search Livestream,Shot At Goal,Post,Semi-Final,Martin,,C.V. Whitney Cup,Horton Schwartz,Kimo Huddleston,,,2020,
Penalty 5 (7),4561733,30000,Chukka 4,Pilot,Facundo Pieres,,,,,Penalty 5,,,,,Live,,International Polo Club,La Indiana vs Pilot,,Ronnie Hayes,,February 19. 2020,,,Search Livestream,,,Semi-Final,Martin,,C.V. Whitney Cup,Horton Schwartz,Kimo Huddleston,,,2020,
Shot At Goal (27),4868733,35000,Chukka 5,Pilot,Facundo Pieres,,,,,,Attacking 30,69;27,,,Live,,International Polo Club,La Indiana vs Pilot,,Ronnie Hayes,,February 19. 2020,,,Search Livestream,Shot At Goal,Blocked,Semi-Final,Martin,,C.V. Whitney Cup,Horton Schwartz,Kimo Huddleston,,,2020,
Free Hit,4885666,20000,Chukka 5,Pilot,Facundo Pieres,,,,,Free Hit,,,,,Live,,International Polo Club,La Indiana vs Pilot,,Ronnie Hayes,,February 19. 2020,,,Search Livestream,,,Semi-Final,Martin,,C.V. Whitney Cup,Horton Schwartz,Kimo Huddleston,,,2020,
Shot At Goal (28),4889166,35000,Chukka 5,Pilot,Gonzalito Pieres,,,,,,Attacking 30,48;15,,,Live,,International Polo Club,La Indiana vs Pilot,,Ronnie Hayes,,February 19. 2020,,,Search Livestream,Shot At Goal,Wide,Semi-Final,Martin,,C.V. Whitney Cup,Horton Schwartz,Kimo Huddleston,,,2020,
Chukka Length (5),4890125,751819,Chukka 5,Team,,,,,,,,,,,Live,Chukka Length,International Polo Club,La Indiana vs Pilot,,Ronnie Hayes,,February 19. 2020,,,Search Livestream,,,Semi-Final,Martin,,C.V. Whitney Cup,Horton Schwartz,Kimo Huddleston,,,2020,
Shot Block (2),4897500,10000,Chukka 5,La Indiana,Facundo Obregon,,,,,,,,,,Live,,International Polo Club,La Indiana vs Pilot,,Ronnie Hayes,,February 19. 2020,,,Search Livestream,,,Semi-Final,Martin,,C.V. Whitney Cup,Horton Schwartz,Kimo Huddleston,,,2020,Shot Block
Foul (17),4935166,25000,Chukka 5,Pilot,Lucas Escobar,Foul,Right of Way,Penalty 5B,,,Attacking Half,140;79,,,Live,,International Polo Club,La Indiana vs Pilot,,Ronnie Hayes,,February 19. 2020,,,Search Livestream,,,Semi-Final,Martin,,C.V. Whitney Cup,Horton Schwartz,Kimo Huddleston,91;57,141;85,2020,
Foul Received (17),4935166,25000,Chukka 5,La Indiana,Facundo Obregon,Foul Received,Right of Way,Penalty 5B,,,Defending Half,5;194,,,Live,,International Polo Club,La Indiana vs Pilot,,Ronnie Hayes,,February 19. 2020,,,Search Livestream,,,Semi-Final,Martin,,C.V. Whitney Cup,Horton Schwartz,Kimo Huddleston,,,2020,
Knock In (10),4935800,40000,Chukka 5,La Indiana,Polito Pieres,,,,,Knock In,,,,,Live,,International Polo Club,La Indiana vs Pilot,,Ronnie Hayes,,February 19. 2020,,,Search Livestream,,,Semi-Final,Martin,,C.V. Whitney Cup,Horton Schwartz,Kimo Huddleston,,,2020,
Penalty 5b (1),5013566,30000,Chukka 5,La Indiana,Polito Pieres,,,,,Penalty 5b,,,,,Live,,International Polo Club,La Indiana vs Pilot,,Ronnie Hayes,,February 19. 2020,,,Search Livestream,,,Semi-Final,Martin,,C.V. Whitney Cup,Horton Schwartz,Kimo Huddleston,,,2020,
Shot At Goal (42),5045663,35000,Chukka 5,La Indiana,Polito Pieres,,,,,,Attacking 30,70;20,,,Live,,International Polo Club,La Indiana vs Pilot,,Ronnie Hayes,,February 19. 2020,,,Search Livestream,Shot At Goal,Goal,Semi-Final,Martin,,C.V. Whitney Cup,Horton Schwartz,Kimo Huddleston,,,2020,
Goal La Indiana (12),5045663,35000,Chukka 5,La Indiana,Polito Pieres,,,,Goal La Indiana,,Attacking 30,72;6,,,Live,,International Polo Club,La Indiana vs Pilot,,Ronnie Hayes,,February 19. 2020,,,Search Livestream,,,Semi-Final,Martin,,C.V. Whitney Cup,Horton Schwartz,Kimo Huddleston,,,2020,
Goal La Indiana (13),5119899,35000,Chukka 5,La Indiana,Facundo Obregon,,,,Goal La Indiana,,Attacking 30,74;7,,,Live,,International Polo Club,La Indiana vs Pilot,,Ronnie Hayes,,February 19. 2020,,,Search Livestream,,,Semi-Final,Martin,,C.V. Whitney Cup,Horton Schwartz,Kimo Huddleston,,,2020,
Shot At Goal (43),5119899,35000,Chukka 5,La Indiana,Facundo Obregon,,,,,,Attacking 30,66;21,,,Live,,International Polo Club,La Indiana vs Pilot,,Ronnie Hayes,,February 19. 2020,,,Search Livestream,Shot At Goal,Goal,Semi-Final,Martin,,C.V. Whitney Cup,Horton Schwartz,Kimo Huddleston,,,2020,
Throw-in (22),5136733,20000,Chukka 5,La Indiana,Facundo Obregon,,,,,Throw-in,,,,,Live,,International Polo Club,La Indiana vs Pilot,,Ronnie Hayes,,February 19. 2020,,,Search Livestream,,,Semi-Final,Martin,La Indiana win throw-in,C.V. Whitney Cup,Horton Schwartz,Kimo Huddleston,,,2020,
Foul (18),5176900,25000,Chukka 5,Pilot,Gonzalito Pieres,Foul,Cross/High Hook,Penalty 30 yards,,,Defending 30,78;277,,,Live,,International Polo Club,La Indiana vs Pilot,,Ronnie Hayes,,February 19. 2020,,,Search Livestream,,,Semi-Final,Martin,,C.V. Whitney Cup,Horton Schwartz,Kimo Huddleston,47;267,80;240,2020,
Foul Received (18),5176900,25000,Chukka 5,La Indiana,Michael Bickford,Foul Received,Cross/High Hook,Penalty 30 yards,,,Attacking 30,71;20,,,Live,,International Polo Club,La Indiana vs Pilot,,Ronnie Hayes,,February 19. 2020,,,Search Livestream,,,Semi-Final,Martin,,C.V. Whitney Cup,Horton Schwartz,Kimo Huddleston,,,2020,
Goal La Indiana (9),5206333,35000,Chukka 5,La Indiana,Polito Pieres,,,,Goal La Indiana,,,,,,Live,,International Polo Club,La Indiana vs Pilot,,Ronnie Hayes,,February 19. 2020,,,Search Livestream,,,Semi-Final,Martin,,C.V. Whitney Cup,Horton Schwartz,Kimo Huddleston,,,2020,
Penalty 30 yards Spot,5230061,10000,Chukka 5,La Indiana,Polito Pieres,,,,,,,,,,Live,,International Polo Club,La Indiana vs Pilot,,Ronnie Hayes,,February 19. 2020,Penalty 30 yards Spot,Goal,Search Livestream,,,Semi-Final,Martin,,C.V. Whitney Cup,Horton Schwartz,Kimo Huddleston,,,2020,
Shot At Goal (29),5245400,35000,Chukka 5,La Indiana,Facundo Obregon,,,,,,Attacking Half,108;102,,,Live,,International Polo Club,La Indiana vs Pilot,,Ronnie Hayes,,February 19. 2020,,,Search Livestream,Shot At Goal,Wide,Semi-Final,Martin,,C.V. Whitney Cup,Horton Schwartz,Kimo Huddleston,,,2020,
Throw-in (17),5264633,20000,Chukka 5,La Indiana,Facundo Obregon,,,,,Throw-in,,,,,Live,,International Polo Club,La Indiana vs Pilot,,Ronnie Hayes,,February 19. 2020,,,Search Livestream,,,Semi-Final,Martin,La Indiana win throw-in,C.V. Whitney Cup,Horton Schwartz,Kimo Huddleston,,,2020,
Knock In (11),5296300,40000,Chukka 5,Pilot,Gonzalito Pieres,,,,,Knock In,,,,,Live,,International Polo Club,La Indiana vs Pilot,,Ronnie Hayes,,February 19. 2020,,,Search Livestream,,,Semi-Final,Martin,,C.V. Whitney Cup,Horton Schwartz,Kimo Huddleston,,,2020,
Foul (19),5296566,25000,Chukka 5,Pilot,Facundo Pieres,Foul,Right of Way,Penalty 40 yards,,,Defending Half,30;218,,,Live,,International Polo Club,La Indiana vs Pilot,,Ronnie Hayes,,February 19. 2020,,,Search Livestream,,,Semi-Final,Martin,,C.V. Whitney Cup,Horton Schwartz,Kimo Huddleston,35;172,92;195,2020,
Foul Received (19),5296566,25000,Chukka 5,La Indiana,Polito Pieres,Foul Received,Right of Way,Penalty 40 yards,,,Attacking Half,117;77,,,Live,,International Polo Club,La Indiana vs Pilot,,Ronnie Hayes,,February 19. 2020,,,Search Livestream,,,Semi-Final,Martin,,C.V. Whitney Cup,Horton Schwartz,Kimo Huddleston,,,2020,
Goal La Indiana (10),5356366,35000,Chukka 5,La Indiana,Facundo Obregon,,,,Goal La Indiana,,,,,,Live,,International Polo Club,La Indiana vs Pilot,,Ronnie Hayes,,February 19. 2020,,,Search Livestream,,,Semi-Final,Martin,,C.V. Whitney Cup,Horton Schwartz,Kimo Huddleston,,,2020,
Penalty 40 yards,5373633,15000,Chukka 5,La Indiana,Facundo Obregon,,,,,,,,,,Live,,International Polo Club,La Indiana vs Pilot,,Ronnie Hayes,,February 19. 2020,Penalty 40 yards,Goal,Search Livestream,,,Semi-Final,Martin,,C.V. Whitney Cup,Horton Schwartz,Kimo Huddleston,,,2020,
Shot At Goal (30),5400600,35000,Chukka 5,Pilot,Facundo Pieres,,,,,,Defending Half,23;209,,,Live,,International Polo Club,La Indiana vs Pilot,,Ronnie Hayes,,February 19. 2020,,,Search Livestream,Shot At Goal,Miss Hit,Semi-Final,Martin,,C.V. Whitney Cup,Horton Schwartz,Kimo Huddleston,,,2020,
Throw-in (18),5405433,20000,Chukka 5,La Indiana,Facundo Obregon,,,,,Throw-in,,,,,Live,,International Polo Club,La Indiana vs Pilot,,Ronnie Hayes,,February 19. 2020,,,Search Livestream,,,Semi-Final,Martin,La Indiana win throw-in,C.V. Whitney Cup,Horton Schwartz,Kimo Huddleston,,,2020,
Foul (20),5425500,25000,Chukka 5,La Indiana,Facundo Obregon,Foul,Right of Way,Penalty 5,,,Attacking Half,3;92,,,Live,,International Polo Club,La Indiana vs Pilot,,Ronnie Hayes,,February 19. 2020,,,Search Livestream,,,Semi-Final,Martin,,C.V. Whitney Cup,Horton Schwartz,Kimo Huddleston,7;83,89;115,2020,
Foul Received (20),5425500,25000,Chukka 5,Pilot,Gonzalito Pieres,Foul Received,Right of Way,Penalty 5,,,Defending Half,145;186,,,Live,,International Polo Club,La Indiana vs Pilot,,Ronnie Hayes,,February 19. 2020,,,Search Livestream,,,Semi-Final,Martin,,C.V. Whitney Cup,Horton Schwartz,Kimo Huddleston,,,2020,
Shot At Goal (31),5457033,35000,Chukka 5,Pilot,Facundo Pieres,,,,,,Attacking 30,55;38,,,Live,,International Polo Club,La Indiana vs Pilot,,Ronnie Hayes,,February 19. 2020,,,Search Livestream,Shot At Goal,Short,Semi-Final,Martin,,C.V. Whitney Cup,Horton Schwartz,Kimo Huddleston,,,2020,
Penalty 5 (8),5459385,30000,Chukka 5,Pilot,Facundo Pieres,,,,,Penalty 5,,,,,Live,,International Polo Club,La Indiana vs Pilot,,Ronnie Hayes,,February 19. 2020,,,Search Livestream,,,Semi-Final,Martin,,C.V. Whitney Cup,Horton Schwartz,Kimo Huddleston,,,2020,
Foul Received (21),5478666,25000,Chukka 5,Pilot,Facundo Pieres,Foul Received,Crossing,Penalty 1,,,Defending 30,93;283,,,Live,,International Polo Club,La Indiana vs Pilot,,Ronnie Hayes,,February 19. 2020,,,Search Livestream,,,Semi-Final,Martin,,C.V. Whitney Cup,Horton Schwartz,Kimo Huddleston,,,2020,
Foul (21),5478666,25000,Chukka 5,La Indiana,Michael Bickford,Foul,Crossing,Penalty 1,,,Attacking 30,58;16,,,Live,,International Polo Club,La Indiana vs Pilot,,Ronnie Hayes,,February 19. 2020,,,Search Livestream,,,Semi-Final,Martin,,C.V. Whitney Cup,Horton Schwartz,Kimo Huddleston,34;34,84;52,2020,
Goal Pilot (7),5487966,35000,Chukka 5,Pilot,Facundo Pieres,,,,Goal Pilot,,,,,,Live,,International Polo Club,La Indiana vs Pilot,,Ronnie Hayes,,February 19. 2020,,,Search Livestream,,,Semi-Final,Martin,,C.V. Whitney Cup,Horton Schwartz,Kimo Huddleston,,,2020,
Penalty 1,5512966,10000,Chukka 5,Pilot,Facundo Pieres,,,,,,,,,,Live,,International Polo Club,La Indiana vs Pilot,,Ronnie Hayes,,February 19. 2020,Penalty 1,Goal,Search Livestream,,,Semi-Final,Martin,,C.V. Whitney Cup,Horton Schwartz,Kimo Huddleston,,,2020,
Shot At Goal (32),5541133,35000,Chukka 5,Pilot,Facundo Pieres,,,,,,Attacking Half,112;85,,,Live,,International Polo Club,La Indiana vs Pilot,,Ronnie Hayes,,February 19. 2020,,,Search Livestream,Shot At Goal,Blocked,Semi-Final,Martin,,C.V. Whitney Cup,Horton Schwartz,Kimo Huddleston,,,2020,
Penalty 5b (2),5553700,30000,Chukka 5,Pilot,Facundo Pieres,,,,,Penalty 5b,,,,,Live,,International Polo Club,La Indiana vs Pilot,,Ronnie Hayes,,February 19. 2020,,,Search Livestream,,,Semi-Final,Martin,,C.V. Whitney Cup,Horton Schwartz,Kimo Huddleston,,,2020,
Shot At Goal (33),5560900,35000,Chukka 5,Pilot,Facundo Pieres,,,,,,Attacking 30,100;20,,,Live,,International Polo Club,La Indiana vs Pilot,,Ronnie Hayes,,February 19. 2020,,,Search Livestream,Shot At Goal,Goal,Semi-Final,Martin,,C.V. Whitney Cup,Horton Schwartz,Kimo Huddleston,,,2020,
Goal Pilot (8),5563700,35000,Chukka 5,Pilot,Facundo Pieres,,,,Goal Pilot,,Attacking 30,71;4,,,Live,,International Polo Club,La Indiana vs Pilot,,Ronnie Hayes,,February 19. 2020,,,Search Livestream,,,Semi-Final,Martin,,C.V. Whitney Cup,Horton Schwartz,Kimo Huddleston,,,2020,
Shot Block (3),5572066,10000,Chukka 5,La Indiana,Santiago Gomez Romero,,,,,,,,,,Live,,International Polo Club,La Indiana vs Pilot,,Ronnie Hayes,,February 19. 2020,,,Search Livestream,,,Semi-Final,Martin,,C.V. Whitney Cup,Horton Schwartz,Kimo Huddleston,,,2020,Shot Block
Throw-in (19),5895666,20000,Chukka 6,La Indiana,Facundo Obregon,,,,,Throw-in,,,,,Live,,International Polo Club,La Indiana vs Pilot,,Ronnie Hayes,,February 19. 2020,,,Search Livestream,,,Semi-Final,Martin,La Indiana win throw-in,C.V. Whitney Cup,Horton Schwartz,Kimo Huddleston,,,2020,
Chukka Length (6),5898300,1104360,Chukka 6,Team,,,,,,,,,,,Live,Chukka Length,International Polo Club,La Indiana vs Pilot,,Ronnie Hayes,,February 19. 2020,,,Search Livestream,,,Semi-Final,Martin,,C.V. Whitney Cup,Horton Schwartz,Kimo Huddleston,,,2020,
Shot At Goal (34),5972100,35000,Chukka 6,La Indiana,Michael Bickford,,,,,,Attacking 30,103;36,,,Live,,International Polo Club,La Indiana vs Pilot,,Ronnie Hayes,,February 19. 2020,,,Search Livestream,Shot At Goal,Miss Hit,Semi-Final,Martin,,C.V. Whitney Cup,Horton Schwartz,Kimo Huddleston,,,2020,
Foul (22),5999766,25000,Chukka 6,Pilot,Facundo Pieres,Foul,Dangerous Riding,Penalty 40 yards,,,Defending 60,44;272,,,Live,,International Polo Club,La Indiana vs Pilot,,Ronnie Hayes,,February 19. 2020,,,Search Livestream,,,Semi-Final,Martin,,C.V. Whitney Cup,Horton Schwartz,Kimo Huddleston,12;242,47;263,2020,
Foul Received (22),5999766,25000,Chukka 6,La Indiana,Polito Pieres,Foul Received,Dangerous Riding,Penalty 40 yards,,,Attacking 30,107;24,,,Live,,International Polo Club,La Indiana vs Pilot,,Ronnie Hayes,,February 19. 2020,,,Search Livestream,,,Semi-Final,Martin,,C.V. Whitney Cup,Horton Schwartz,Kimo Huddleston,,,2020,
Goal La Indiana (11),6233000,35000,Chukka 6,La Indiana,Facundo Obregon,,,,Goal La Indiana,,,,,,Live,,International Polo Club,La Indiana vs Pilot,,Ronnie Hayes,,February 19. 2020,,,Search Livestream,,,Semi-Final,Martin,,C.V. Whitney Cup,Horton Schwartz,Kimo Huddleston,,,2020,
Penalty 40 yards (1),6249933,15000,Chukka 6,La Indiana,Facundo Obregon,,,,,,,,,,Live,,International Polo Club,La Indiana vs Pilot,,Ronnie Hayes,,February 19. 2020,Penalty 40 yards,Goal,Search Livestream,,,Semi-Final,Martin,,C.V. Whitney Cup,Horton Schwartz,Kimo Huddleston,,,2020,
Foul (23),6282200,25000,Chukka 6,Pilot,Facundo Pieres,Foul,Right of Way,Penalty 60 yards,,,Defending Half,26;176,,,Live,,International Polo Club,La Indiana vs Pilot,,Ronnie Hayes,,February 19. 2020,,,Search Livestream,,,Semi-Final,Martin,,C.V. Whitney Cup,Horton Schwartz,Kimo Huddleston,19;124,46;175,2020,
Foul Received (23),6282200,25000,Chukka 6,La Indiana,Facundo Obregon,Foul Received,Right of Way,Penalty 60 yards,,,Attacking Half,117;125,,,Live,,International Polo Club,La Indiana vs Pilot,,Ronnie Hayes,,February 19. 2020,,,Search Livestream,,,Semi-Final,Martin,,C.V. Whitney Cup,Horton Schwartz,Kimo Huddleston,,,2020,
Throw-in (20),6284266,20000,Chukka 6,La Indiana,Facundo Obregon,,,,,Throw-in,,,,,Live,,International Polo Club,La Indiana vs Pilot,,Ronnie Hayes,,February 19. 2020,,,Search Livestream,,,Semi-Final,Martin,La Indiana win throw-in,C.V. Whitney Cup,Horton Schwartz,Kimo Huddleston,,,2020,
Penalty 60 yards (5),6369815,15000,Chukka 6,La Indiana,Polito Pieres,,,,,,,,,,Live,,International Polo Club,La Indiana vs Pilot,,Ronnie Hayes,,February 19. 2020,Penalty 60 yards,Blocked,Search Livestream,,,Semi-Final,Martin,,C.V. Whitney Cup,Horton Schwartz,Kimo Huddleston,,,2020,
Foul (24),6372366,25000,Chukka 6,La Indiana,Santiago Gomez Romero,Foul,Cross/High Hook,Penalty 5B,,,Attacking 30,93;8,,,Live,,International Polo Club,La Indiana vs Pilot,,Ronnie Hayes,,February 19. 2020,,,Search Livestream,,,Semi-Final,Martin,,C.V. Whitney Cup,Horton Schwartz,Kimo Huddleston,98;4,89;80,2020,
Foul Received (24),6372366,25000,Chukka 6,Pilot,Facundo Pieres,Foul Received,Cross/High Hook,Penalty 5B,,,Defending 30,56;288,,,Live,,International Polo Club,La Indiana vs Pilot,,Ronnie Hayes,,February 19. 2020,,,Search Livestream,,,Semi-Final,Martin,,C.V. Whitney Cup,Horton Schwartz,Kimo Huddleston,,,2020,
Penalty Block (1),6378466,10000,Chukka 6,Pilot,Facundo Pieres,,,,,,,,,,Live,,International Polo Club,La Indiana vs Pilot,,Ronnie Hayes,,February 19. 2020,,,Search Livestream,,,Semi-Final,Martin,,C.V. Whitney Cup,Horton Schwartz,Kimo Huddleston,,,2020,Penalty Block
Penalty 5b (3),6430933,30000,Chukka 6,Pilot,Facundo Pieres,,,,,Penalty 5b,,,,,Live,,International Polo Club,La Indiana vs Pilot,,Ronnie Hayes,,February 19. 2020,,,Search Livestream,,,Semi-Final,Martin,,C.V. Whitney Cup,Horton Schwartz,Kimo Huddleston,,,2020,
Foul (25),6470066,25000,Chukka 6,La Indiana,Facundo Obregon,Foul,Blocking,Penalty 5B,,,Attacking 60,139;56,,,Live,,International Polo Club,La Indiana vs Pilot,,Ronnie Hayes,,February 19. 2020,,,Search Livestream,,,Semi-Final,Martin,,C.V. Whitney Cup,Horton Schwartz,Kimo Huddleston,133;99,96;88,2020,
Foul Received (25),6470066,25000,Chukka 6,Pilot,Gonzalito Pieres,Foul Received,Blocking,Penalty 5B,,,Defending Half,10;233,,,Live,,International Polo Club,La Indiana vs Pilot,,Ronnie Hayes,,February 19. 2020,,,Search Livestream,,,Semi-Final,Martin,,C.V. Whitney Cup,Horton Schwartz,Kimo Huddleston,,,2020,
Shot At Goal (35),6539466,35000,Chukka 6,Pilot,Facundo Pieres,,,,,,Attacking 60,66;48,,,Live,,International Polo Club,La Indiana vs Pilot,,Ronnie Hayes,,February 19. 2020,,,Search Livestream,Shot At Goal,Deflected,Semi-Final,Martin,,C.V. Whitney Cup,Horton Schwartz,Kimo Huddleston,,,2020,
Penalty 5b (4),6541790,30000,Chukka 6,Pilot,Facundo Pieres,,,,,Penalty 5b,,,,,Live,,International Polo Club,La Indiana vs Pilot,,Ronnie Hayes,,February 19. 2020,,,Search Livestream,,,Semi-Final,Martin,,C.V. Whitney Cup,Horton Schwartz,Kimo Huddleston,,,2020,
Goal Pilot (9),6609866,35000,Chukka 6,Pilot,Facundo Pieres,,,,Goal Pilot,,,,,,Live,,International Polo Club,La Indiana vs Pilot,,Ronnie Hayes,,February 19. 2020,,,Search Livestream,,,Semi-Final,Martin,,C.V. Whitney Cup,Horton Schwartz,Kimo Huddleston,,,2020,
Safety 60 (1),6627366,15000,Chukka 6,Pilot,Facundo Pieres,,,,,,,,,,Live,,International Polo Club,La Indiana vs Pilot,,Ronnie Hayes,,February 19. 2020,Safety 60,Goal,Search Livestream,,,Semi-Final,Martin,,C.V. Whitney Cup,Horton Schwartz,Kimo Huddleston,,,2020,
Shot At Goal (36),6648266,35000,Chukka 6,La Indiana,Facundo Obregon,,,,,,Attacking 30,45;36,,,Live,,International Polo Club,La Indiana vs Pilot,,Ronnie Hayes,,February 19. 2020,,,Search Livestream,Shot At Goal,Wide,Semi-Final,Martin,,C.V. Whitney Cup,Horton Schwartz,Kimo Huddleston,,,2020,
Throw-in (21),6662866,20000,Chukka 6,La Indiana,Polito Pieres,,,,,Throw-in,,,,,Live,,International Polo Club,La Indiana vs Pilot,,Ronnie Hayes,,February 19. 2020,,,Search Livestream,,,Semi-Final,Martin,La Indiana win throw-in,C.V. Whitney Cup,Horton Schwartz,Kimo Huddleston,,,2020,
Knock In (12),6689400,40000,Chukka 6,Pilot,Gonzalito Pieres,,,,,Knock In,,,,,Live,,International Polo Club,La Indiana vs Pilot,,Ronnie Hayes,Facundo Pieres,February 19. 2020,,,Search Livestream,,,Semi-Final,Martin,,C.V. Whitney Cup,Horton Schwartz,Kimo Huddleston,,,2020,
Shot At Goal (37),6726500,35000,Chukka 6,Pilot,Gonzalito Pieres,,,,,,Attacking 60,53;51,,,Live,,International Polo Club,La Indiana vs Pilot,,Ronnie Hayes,,February 19. 2020,,,Search Livestream,Shot At Goal,Miss Hit,Semi-Final,Martin,,C.V. Whitney Cup,Horton Schwartz,Kimo Huddleston,,,2020,
Shot At Goal (38),6745433,35000,Chukka 6,La Indiana,Facundo Obregon,,,,,,Attacking 60,82;68,,,Live,,International Polo Club,La Indiana vs Pilot,,Ronnie Hayes,,February 19. 2020,,,Search Livestream,Shot At Goal,Short,Semi-Final,Martin,,C.V. Whitney Cup,Horton Schwartz,Kimo Huddleston,,,2020,
Shot At Goal (39),6760733,35000,Chukka 6,La Indiana,Facundo Obregon,,,,,,Attacking 30,5;15,,,Live,,International Polo Club,La Indiana vs Pilot,,Ronnie Hayes,,February 19. 2020,,,Search Livestream,Shot At Goal,Wide,Semi-Final,Martin,,C.V. Whitney Cup,Horton Schwartz,Kimo Huddleston,,,2020,
Shot At Goal (40),6798066,35000,Chukka 6,La Indiana,Santiago Gomez Romero,,,,,,Attacking 30,107;35,,,Live,,International Polo Club,La Indiana vs Pilot,,Ronnie Hayes,,February 19. 2020,,,Search Livestream,Shot At Goal,Wide,Semi-Final,Martin,,C.V. Whitney Cup,Horton Schwartz,Kimo Huddleston,,,2020,
Knock In (13),6799870,40000,Chukka 6,Pilot,Facundo Pieres,,,,,Knock In,,,,,Live,,International Polo Club,La Indiana vs Pilot,,Ronnie Hayes,Gonzalito Pieres,February 19. 2020,,,Search Livestream,,,Semi-Final,Martin,,C.V. Whitney Cup,Horton Schwartz,Kimo Huddleston,,,2020,
Shot At Goal (41),6921900,35000,Chukka 6,La Indiana,Polito Pieres,,,,,,Attacking 60,83;47,,,Live,,International Polo Club,La Indiana vs Pilot,,Ronnie Hayes,,February 19. 2020,,,Search Livestream,Shot At Goal,Wide,Semi-Final,Martin,,C.V. Whitney Cup,Horton Schwartz,Kimo Huddleston,,,2020,
Knock In (14),6940178,40000,Chukka 6,Pilot,Facundo Pieres,,,,,Knock In,,,,,Live,,International Polo Club,La Indiana vs Pilot,,Ronnie Hayes,,February 19. 2020,,,Search Livestream,,,Semi-Final,Martin,,C.V. Whitney Cup,Horton Schwartz,Kimo Huddleston,,,2020,