Name,Position,Duration,Tournament,Umpire 1,Umpire 2,Third Umpire,Camera Angle,Club,Instant Replay Official,Search Event,Year,Chukka,Game,Match Date,Stage,Team,Chukka Length,Set Play,Throw-in Outcome,Player,Shot At Goal,Location,General Field Area,Shot At Goal Outcome,Penalty Block,Knock-in Player 2,Goal,Foul,Foul Type,Foul Outcome,Umpire Focal,Umpire Trailing,Penalties,Penalty Outcome,Highlight Reel,Assist Outcome,Assist,Collision
Chukka Length,0,814108,C.V. Whitney Cup,Unknown,Unknown,Unknown,Live,International Polo Club,Unknown,Search Livestream,2020,Chukka 1,La Indiana vs Park Place,February 05. 2020,Group,Team,Chukka Length,,,,,,,,,,,,,,,,,,,,,
Throw-in,0,20000,C.V. Whitney Cup,Unknown,Unknown,Unknown,Live,International Polo Club,Unknown,Search Livestream,2020,Chukka 1,La Indiana vs Park Place,February 05. 2020,Group,La Indiana,,Throw-in,La Indiana win throw-in,Pablo Polito Pieres,,,,,,,,,,,,,,,,,,
Shot At Goal,12900,35000,C.V. Whitney Cup,Unknown,Unknown,Unknown,Live,International Polo Club,Unknown,Search Livestream,2020,Chukka 1,La Indiana vs Park Place,February 05. 2020,Group,Park Place,,,,Alfredo Bigatti,Shot At Goal,87;48,Attacking 60,Blocked,,,,,,,,,,,,,,
Shot At Goal (1),15766,35000,C.V. Whitney Cup,Unknown,Unknown,Unknown,Live,International Polo Club,Unknown,Search Livestream,2020,Chukka 1,La Indiana vs Park Place,February 05. 2020,Group,Park Place,,,,Alfredo Bigatti,Shot At Goal,84;18,Attacking 30,Wide,,,,,,,,,,,,,,
Shot Block,39066,10000,C.V. Whitney Cup,Unknown,Unknown,Unknown,Live,International Polo Club,Unknown,Search Livestream,2020,Chukka 1,La Indiana vs Park Place,February 05. 2020,Group,La Indiana,,,,Pablo Polito Pieres,,,,,Shot Block,,,,,,,,,,,,,
Knock In,61766,40000,C.V. Whitney Cup,Unknown,Unknown,Unknown,Live,International Polo Club,Unknown,Search Livestream,2020,Chukka 1,La Indiana vs Park Place,February 05. 2020,Group,La Indiana,,Knock In,,Santiago Romero,,,,,,Pablo Polito Pieres,,,,,,,,,,,,
Shot At Goal (2),86700,35000,C.V. Whitney Cup,Unknown,Unknown,Unknown,Live,International Polo Club,Unknown,Search Livestream,2020,Chukka 1,La Indiana vs Park Place,February 05. 2020,Group,Park Place,,,,Alfredo Bigatti,Shot At Goal,78;39,Attacking 60,Goal,,,,,,,,,,,,,,
Goal Park Place,88300,35000,C.V. Whitney Cup,Unknown,Unknown,Unknown,Live,International Polo Club,Unknown,Search Livestream,2020,Chukka 1,La Indiana vs Park Place,February 05. 2020,Group,Park Place,,,,Alfredo Bigatti,,70;7,Attacking 30,,,,Goal Park Place,,,,,,,,,,,
Throw-in (2),148100,20000,C.V. Whitney Cup,Unknown,Unknown,Unknown,Live,International Polo Club,Unknown,Search Livestream,2020,Chukka 1,La Indiana vs Park Place,February 05. 2020,Group,La Indiana,,Throw-in,La Indiana win throw-in,Jeff Hall,,,,,,,,,,,,,,,,,,
Foul,194633,25000,C.V. Whitney Cup,Unknown,Unknown,Unknown,Live,International Polo Club,Unknown,Search Livestream,2020,Chukka 1,La Indiana vs Park Place,February 05. 2020,Group,Park Place,,,,Alfredo Bigatti,,10;79,Attacking Half,,,,,Foul,Right of Way,Penalty 5B,143;206,62;233,,,,,,
Foul Received,194633,25000,C.V. Whitney Cup,Unknown,Unknown,Unknown,Live,International Polo Club,Unknown,Search Livestream,2020,Chukka 1,La Indiana vs Park Place,February 05. 2020,Group,La Indiana,,,,Pablo Polito Pieres,,135;218,Defending Half,,,,,Foul Received,Right of Way,Penalty 5B,,,,,,,,
Penalty 5b,295033,30000,C.V. Whitney Cup,Unknown,Unknown,Unknown,Live,International Polo Club,Unknown,Search Livestream,2020,Chukka 1,La Indiana vs Park Place,February 05. 2020,Group,La Indiana,,Penalty 5b,,Santiago Romero,,,,,,,,,,,,,,,,,,
Shot At Goal (3),312466,35000,C.V. Whitney Cup,Unknown,Unknown,Unknown,Live,International Polo Club,Unknown,Search Livestream,2020,Chukka 1,La Indiana vs Park Place,February 05. 2020,Group,Park Place,,,,Felipe Viana,Shot At Goal,16;56,Attacking 60,Wide,,,,,,,,,,,,,,
Knock In (2),355466,40000,C.V. Whitney Cup,Unknown,Unknown,Unknown,Live,International Polo Club,Unknown,Search Livestream,2020,Chukka 1,La Indiana vs Park Place,February 05. 2020,Group,La Indiana,,Knock In,,Pablo Polito Pieres,,,,,,,,,,,,,,,,,,
Foul (2),380700,25000,C.V. Whitney Cup,Unknown,Unknown,Unknown,Live,International Polo Club,Unknown,Search Livestream,2020,Chukka 1,La Indiana vs Park Place,February 05. 2020,Group,Park Place,,,,Felipe Viana,,97;289,Defending 30,,,,,Foul,Dangerous Riding,Penalty 30 yards,15;238,130;285,,,,,,
Foul Received (2),380700,25000,C.V. Whitney Cup,Unknown,Unknown,Unknown,Live,International Polo Club,Unknown,Search Livestream,2020,Chukka 1,La Indiana vs Park Place,February 05. 2020,Group,La Indiana,,,,Jeff Hall,,51;6,Attacking 30,,,,,Foul Received,Dangerous Riding,Penalty 30 yards,,,,,,,,
Goal La Indiana,539533,35000,C.V. Whitney Cup,Unknown,Unknown,Unknown,Live,International Polo Club,Unknown,Search Livestream,2020,Chukka 1,La Indiana vs Park Place,February 05. 2020,Group,La Indiana,,,,Pablo Polito Pieres,,,,,,,Goal La Indiana,,,,,,,,,,,
Penalty 30 yards,557833,15000,C.V. Whitney Cup,Unknown,Unknown,Unknown,Live,International Polo Club,Unknown,Search Livestream,2020,Chukka 1,La Indiana vs Park Place,February 05. 2020,Group,La Indiana,,,,Pablo Polito Pieres,,,,,,,,,,,,,Penalty 30 yards,Goal,,,,
Shot At Goal (4),581500,35000,C.V. Whitney Cup,Unknown,Unknown,Unknown,Live,International Polo Club,Unknown,Search Livestream,2020,Chukka 1,La Indiana vs Park Place,February 05. 2020,Group,Park Place,,,,Alfredo Bigatti,Shot At Goal,89;53,Attacking 60,Goal,,,,,,,,,,,,,,
Goal Park Place (1),584900,35000,C.V. Whitney Cup,Unknown,Unknown,Unknown,Live,International Polo Club,Unknown,Search Livestream,2020,Chukka 1,La Indiana vs Park Place,February 05. 2020,Group,Park Place,,,,Alfredo Bigatti,,82;6,Attacking 30,,,,Goal Park Place,,,,,,,,Goals,,,
Throw-in (4),591966,20000,C.V. Whitney Cup,Unknown,Unknown,Unknown,Live,International Polo Club,Unknown,Search Livestream,2020,Chukka 1,La Indiana vs Park Place,February 05. 2020,Group,Park Place,,Throw-in,Park Place win throw-in,Juan Britos,,,,,,,,,,,,,,,,,,
Assist,600733,25000,C.V. Whitney Cup,Unknown,Unknown,Unknown,Live,International Polo Club,Unknown,Search Livestream,2020,Chukka 1,La Indiana vs Park Place,February 05. 2020,Group,Park Place,,,,Juan Britos,,,,,,,,,,,,,,,,Successful,Juan Britos,
Foul (4),642266,25000,C.V. Whitney Cup,Unknown,Unknown,Unknown,Live,International Polo Club,Unknown,Search Livestream,2020,Chukka 1,La Indiana vs Park Place,February 05. 2020,Group,Park Place,,,,Felipe Viana,,91;134,Attacking Half,,,,,Foul,Turning,Penalty 60 yards,21;135,129;131,,,,,,
Foul Received (4),642266,25000,C.V. Whitney Cup,Unknown,Unknown,Unknown,Live,International Polo Club,Unknown,Search Livestream,2020,Chukka 1,La Indiana vs Park Place,February 05. 2020,Group,La Indiana,,,,Jeff Hall,,34;158,Defending Half,,,,,Foul Received,Turning,Penalty 60 yards,,,,,,,,
Throw-in (6),645400,20000,C.V. Whitney Cup,Unknown,Unknown,Unknown,Live,International Polo Club,Unknown,Search Livestream,2020,Chukka 1,La Indiana vs Park Place,February 05. 2020,Group,Park Place,,Throw-in,Park Place win throw-in,Felipe Viana,,,,,,,,,,,,,,,,,,
Penalty 60 yards,715266,15000,C.V. Whitney Cup,Unknown,Unknown,Unknown,Live,International Polo Club,Unknown,Search Livestream,2020,Chukka 1,La Indiana vs Park Place,February 05. 2020,Group,La Indiana,,,,Pablo Polito Pieres,,,,,,,,,,,,,Penalty 60 yards,Wide,,,,
Knock In (4),738433,40000,C.V. Whitney Cup,Unknown,Unknown,Unknown,Live,International Polo Club,Unknown,Search Livestream,2020,Chukka 1,La Indiana vs Park Place,February 05. 2020,Group,Park Place,,Knock In,,Felipe Viana,,,,,,Juan Britos,,,,,,,,,,,,
Non Call,750700,20000,C.V. Whitney Cup,Unknown,Unknown,Unknown,Live,International Polo Club,Unknown,Search Livestream,2020,Chukka 1,La Indiana vs Park Place,February 05. 2020,Group,Team,,,,,,,,,,,,Non Call,Crossing,,,,,,,,,
Foul (6),768166,25000,C.V. Whitney Cup,Unknown,Unknown,Unknown,Live,International Polo Club,Unknown,Search Livestream,2020,Chukka 1,La Indiana vs Park Place,February 05. 2020,Group,La Indiana,,,,Jeff Hall,,76;171,Defending Half,,,,,Foul,Dangerous Riding,Penalty 60 yards,21;185,104;189,,,,,,
Foul Received (6),768166,25000,C.V. Whitney Cup,Unknown,Unknown,Unknown,Live,International Polo Club,Unknown,Search Livestream,2020,Chukka 1,La Indiana vs Park Place,February 05. 2020,Group,Park Place,,,,Felipe Viana,,64;125,Attacking Half,,,,,Foul Received,Dangerous Riding,Penalty 60 yards,,,,,,,,
Chukka Length (2),801000,50433,C.V. Whitney Cup,Unknown,Unknown,Unknown,Live,International Polo Club,Unknown,Search Livestream,2020,Chukka 2,La Indiana vs Park Place,February 05. 2020,Group,Team,Chukka Length,,,,,,,,,,,,,,,,,,,,,
Penalty 60 yards (2),831000,15000,C.V. Whitney Cup,Unknown,Unknown,Unknown,Live,International Polo Club,Unknown,Search Livestream,2020,Chukka 2,La Indiana vs Park Place,February 05. 2020,Group,Park Place,,,,Juan Britos,,,,,,,,,,,,,Penalty 60 yards,Blocked,,,,
Shot Block (1),839766,10000,C.V. Whitney Cup,Unknown,Unknown,Unknown,Live,International Polo Club,Unknown,Search Livestream,2020,Chukka 2,La Indiana vs Park Place,February 05. 2020,Group,La Indiana,,,,Pablo Polito Pieres,,,,,Shot Block,,,,,,,,,,,,,
Shot At Goal (8),843500,35000,C.V. Whitney Cup,Unknown,Unknown,Unknown,Live,International Polo Club,Unknown,Search Livestream,2020,Chukka 2,La Indiana vs Park Place,February 05. 2020,Group,Park Place,,,,Felipe Viana,Shot At Goal,58;42,Attacking 60,Wide,,,,,,,,,,,,,,
Collision,876433,15000,C.V. Whitney Cup,Unknown,Unknown,Unknown,Live,International Polo Club,Unknown,Search Livestream,2020,Chukka 2,La Indiana vs Park Place,February 05. 2020,Group,Park Place,,,,Juan Britos,,,,,,,,,,,,,,,,,,Collision
Injury Time,877000,301433,C.V. Whitney Cup,Unknown,Unknown,Unknown,Live,International Polo Club,Unknown,Search Livestream,2020,Chukka 2,La Indiana vs Park Place,February 05. 2020,Group,Team,Injury Time,,,,,,,,,,,,,,,,,,,,,
Chukka Length (4),882000,133533,C.V. Whitney Cup,Unknown,Unknown,Unknown,Live,International Polo Club,Unknown,Search Livestream,2020,Chukka 2,La Indiana vs Park Place,February 05. 2020,Group,Team,Chukka Length,,,,,,,,,,,,,,,,,,,,,
Yellow Card,891000,10000,C.V. Whitney Cup,Unknown,Unknown,Unknown,Live,International Polo Club,Unknown,Search Livestream,2020,Chukka 2,La Indiana vs Park Place,February 05. 2020,Group,Park Place,,,,Juan Britos,,,,,,,,Yellow Card,Technical,Penalty 5B,,,,,,,,
Penalty 5b (2),961000,30000,C.V. Whitney Cup,Unknown,Unknown,Unknown,Live,International Polo Club,Unknown,Search Livestream,2020,Chukka 2,La Indiana vs Park Place,February 05. 2020,Group,La Indiana,,Penalty 5b,,Pablo Polito Pieres,,,,,,,,,,,,,,,,,,
Collision (1),987000,15000,C.V. Whitney Cup,Unknown,Unknown,Unknown,Live,International Polo Club,Unknown,Search Livestream,2020,Chukka 2,La Indiana vs Park Place,February 05. 2020,Group,La Indiana,,,,Santiago Romero,,,,,,,,,,,,,,,,,,Collision
Injury Time (2),987000,57033,C.V. Whitney Cup,Unknown,Unknown,Unknown,Live,International Polo Club,Unknown,Search Livestream,2020,Chukka 2,La Indiana vs Park Place,February 05. 2020,Group,Team,Injury Time,,,,,,,,,,,,,,,,,,,,,
Throw-in (8),990400,20000,C.V. Whitney Cup,Unknown,Unknown,Unknown,Live,International Polo Club,Unknown,Search Livestream,2020,Chukka 2,La Indiana vs Park Place,February 05. 2020,Group,Park Place,,Throw-in,Park Place win throw-in,Juan Britos,,,,,,,,,,,,,,,,,,
Chukka Length (6),990600,291400,C.V. Whitney Cup,Unknown,Unknown,Unknown,Live,International Polo Club,Unknown,Search Livestream,2020,Chukka 2,La Indiana vs Park Place,February 05. 2020,Group,Team,Chukka Length,,,,,,,,,,,,,,,,,,,,,
Shot At Goal (5),1003966,35000,C.V. Whitney Cup,Unknown,Unknown,Unknown,Live,International Polo Club,Unknown,Search Livestream,2020,Chukka 2,La Indiana vs Park Place,February 05. 2020,Group,Park Place,,,,Andrey Borodin,Shot At Goal,72;21,Attacking 30,Goal,,,,,,,,,,,,,,
Goal Park Place (2),1004933,35000,C.V. Whitney Cup,Unknown,Unknown,Unknown,Live,International Polo Club,Unknown,Search Livestream,2020,Chukka 2,La Indiana vs Park Place,February 05. 2020,Group,Park Place,,,,Andrey Borodin,,75;4,Attacking 30,,,,Goal Park Place,,,,,,,,,,,
Non Call (2),1016333,20000,C.V. Whitney Cup,Unknown,Unknown,Unknown,Live,International Polo Club,Unknown,Search Livestream,2020,Chukka 2,La Indiana vs Park Place,February 05. 2020,Group,Team,,,,,,,,,,,,Non Call,Crossing,,,,,,,,,
Throw-in (10),1065266,20000,C.V. Whitney Cup,Unknown,Unknown,Unknown,Live,International Polo Club,Unknown,Search Livestream,2020,Chukka 2,La Indiana vs Park Place,February 05. 2020,Group,La Indiana,,Throw-in,La Indiana win throw-in,Pablo Polito Pieres,,,,,,,,,,,,,,,,,,
Foul (8),1125100,25000,C.V. Whitney Cup,Unknown,Unknown,Unknown,Live,International Polo Club,Unknown,Search Livestream,2020,Chukka 2,La Indiana vs Park Place,February 05. 2020,Group,Park Place,,,,Felipe Viana,,44;242,Defending 60,,,,,Foul,Blocking,Penalty 30 yards,14;201,127;198,,,,,,
Foul Received (8),1125100,25000,C.V. Whitney Cup,Unknown,Unknown,Unknown,Live,International Polo Club,Unknown,Search Livestream,2020,Chukka 2,La Indiana vs Park Place,February 05. 2020,Group,La Indiana,,,,Jeff Hall,,94;43,Attacking 60,,,,,Foul Received,Blocking,Penalty 30 yards,,,,,,,,
Goal La Indiana (2),1176166,35000,C.V. Whitney Cup,Unknown,Unknown,Unknown,Live,International Polo Club,Unknown,Search Livestream,2020,Chukka 2,La Indiana vs Park Place,February 05. 2020,Group,La Indiana,,,,Pablo Polito Pieres,,,,,,,Goal La Indiana,,,,,,,,,,,
Penalty 30 yards (2),1193268,15000,C.V. Whitney Cup,Unknown,Unknown,Unknown,Live,International Polo Club,Unknown,Search Livestream,2020,Chukka 2,La Indiana vs Park Place,February 05. 2020,Group,La Indiana,,,,Pablo Polito Pieres,,,,,,,,,,,,,Penalty 30 yards,Goal,,,,
Throw-in (12),1228800,20000,C.V. Whitney Cup,Unknown,Unknown,Unknown,Live,International Polo Club,Unknown,Search Livestream,2020,Chukka 2,La Indiana vs Park Place,February 05. 2020,Group,La Indiana,,Throw-in,La Indiana win throw-in,Jeff Hall,,,,,,,,,,,,,,,,,,
Collision (2),1257046,15000,C.V. Whitney Cup,Unknown,Unknown,Unknown,Live,International Polo Club,Unknown,Search Livestream,2020,Chukka 2,La Indiana vs Park Place,February 05. 2020,Group,Park Place,,,,Juan Britos,,,,,,,,,,,,,,,,,,Collision
Injury Time (3),1257480,3619300,C.V. Whitney Cup,Unknown,Unknown,Unknown,Live,International Polo Club,Unknown,Search Livestream,2020,Chukka 2,La Indiana vs Park Place,February 05. 2020,Group,Team,Injury Time,,,,,,,,,,,,,,,,,,,,,
Chukka Length (8),1260233,202296,C.V. Whitney Cup,Unknown,Unknown,Unknown,Live,International Polo Club,Unknown,Search Livestream,2020,Chukka 2,La Indiana vs Park Place,February 05. 2020,Group,Team,Chukka Length,,,,,,,,,,,,,,,,,,,,,
Throw-in (14),1266800,20000,C.V. Whitney Cup,Unknown,Unknown,Unknown,Live,International Polo Club,Unknown,Search Livestream,2020,Chukka 2,La Indiana vs Park Place,February 05. 2020,Group,Park Place,,Throw-in,Park Place win throw-in,Alfredo Bigatti,,,,,,,,,,,,,,,,,,
Shot At Goal (6),1309900,35000,C.V. Whitney Cup,Unknown,Unknown,Unknown,Live,International Polo Club,Unknown,Search Livestream,2020,Chukka 2,La Indiana vs Park Place,February 05. 2020,Group,Park Place,,,,Alfredo Bigatti,Shot At Goal,82;13,Attacking 30,Goal,,,,,,,,,,,,,,
Goal Park Place (3),1310466,35000,C.V. Whitney Cup,Unknown,Unknown,Unknown,Live,International Polo Club,Unknown,Search Livestream,2020,Chukka 2,La Indiana vs Park Place,February 05. 2020,Group,Park Place,,,,Alfredo Bigatti,,77;4,Attacking 30,,,,Goal Park Place,,,,,,,,,,,
Throw-in (16),1372866,20000,C.V. Whitney Cup,Unknown,Unknown,Unknown,Live,International Polo Club,Unknown,Search Livestream,2020,Chukka 2,La Indiana vs Park Place,February 05. 2020,Group,La Indiana,,Throw-in,La Indiana win throw-in,Pablo Polito Pieres,,,,,,,,,,,,,,,,,,
Shot At Goal (7),1405766,35000,C.V. Whitney Cup,Unknown,Unknown,Unknown,Live,International Polo Club,Unknown,Search Livestream,2020,Chukka 2,La Indiana vs Park Place,February 05. 2020,Group,Park Place,,,,Alfredo Bigatti,Shot At Goal,108;51,Attacking 60,Wide,,,,,,,,,,,,,,
Chukka Length (1),1462067,558524,C.V. Whitney Cup,Unknown,Unknown,Unknown,Live,International Polo Club,Unknown,Search Livestream,,Chukka 3,La Indiana vs Park Place,February 08. 2020,Group,Team,Chukka Length,,,,,,,,,,,,,,,,,,,,,
Knock In (1),1462071,40000,C.V. Whitney Cup,Unknown,Unknown,Unknown,Live,International Polo Club,Unknown,Search Livestream,,Chukka 3,La Indiana vs Park Place,February 08. 2020,Group,La Indiana,,Knock In,,Pablo Polito Pieres,,,,,,,,,,,,,,,,,,
Shot At Goal (9),1537739,35000,C.V. Whitney Cup,Unknown,Unknown,Unknown,Live,International Polo Club,Unknown,Search Livestream,,Chukka 3,La Indiana vs Park Place,February 08. 2020,Group,La Indiana,,,,Michael Bickford,Shot At Goal,83;15,Attacking 30,Goal,,,,,,,,,,,,,,
Goal La Indiana (3),1538640,35000,C.V. Whitney Cup,Unknown,Unknown,Unknown,Live,International Polo Club,Unknown,Search Livestream,,Chukka 3,La Indiana vs Park Place,February 08. 2020,Group,La Indiana,,,,Michael Bickford,,77;6,Attacking 30,,,,Goal La Indiana,,,,,,,,,,,
Assist (1),1554374,25000,C.V. Whitney Cup,Unknown,Unknown,Unknown,Live,International Polo Club,Unknown,Search Livestream,,Chukka 3,La Indiana vs Park Place,February 08. 2020,Group,La Indiana,,,,Pablo Polito Pieres,,,,,,,,,,,,,,,,Successful,Pablo Polito Pieres,
Throw-in (1),1596005,20000,C.V. Whitney Cup,Unknown,Unknown,Unknown,Live,International Polo Club,Unknown,Search Livestream,,Chukka 3,La Indiana vs Park Place,February 08. 2020,Group,Park Place,,Throw-in,Park Place win throw-in,Alfredo Bigatti,,,,,,,,,,,,,,,,,,
Foul (1),1613198,25000,C.V. Whitney Cup,Unknown,Unknown,Unknown,Live,International Polo Club,Unknown,Search Livestream,,Chukka 3,La Indiana vs Park Place,February 08. 2020,Group,Park Place,,,,Hilario Ulloa,,76;86,Attacking Half,,,,,Foul,Right of Way,Penalty 5B,23;104,131;88,,,,,,
Foul Received (1),1613198,25000,C.V. Whitney Cup,Unknown,Unknown,Unknown,Live,International Polo Club,Unknown,Search Livestream,,Chukka 3,La Indiana vs Park Place,February 08. 2020,Group,La Indiana,,,,Pablo Polito Pieres,,69;216,Defending Half,,,,,Foul Received,Right of Way,Penalty 5B,,,,,,,,
Shot At Goal (10),1658993,35000,C.V. Whitney Cup,Unknown,Unknown,Unknown,Live,International Polo Club,Unknown,Search Livestream,,Chukka 3,La Indiana vs Park Place,February 08. 2020,Group,La Indiana,,,,Pablo Polito Pieres,Shot At Goal,80;116,Attacking Half,Wide,,,,,,,,,,,,,,
Penalty 5b (1),1680957,30000,C.V. Whitney Cup,Unknown,Unknown,Unknown,Live,International Polo Club,Unknown,Search Livestream,,Chukka 3,La Indiana vs Park Place,February 08. 2020,Group,La Indiana,,Penalty 5b,,Pablo Polito Pieres,,,,,,,,,,,,,,,,,,
Non Call (1),1716367,20000,C.V. Whitney Cup,Unknown,Unknown,Unknown,Live,International Polo Club,Unknown,Search Livestream,,Chukka 3,La Indiana vs Park Place,February 08. 2020,Group,Team,,,,,,,,,,,,Non Call,Reaching,,,,,,,,,
Knock In (3),1717459,40000,C.V. Whitney Cup,Unknown,Unknown,Unknown,Live,International Polo Club,Unknown,Search Livestream,,Chukka 3,La Indiana vs Park Place,February 08. 2020,Group,Park Place,,Knock In,,Sterling Giannico,,,,,,,,,,,,,,,,,,
Foul (3),1736521,25000,C.V. Whitney Cup,Unknown,Unknown,Unknown,Live,International Polo Club,Unknown,Search Livestream,,Chukka 3,La Indiana vs Park Place,February 08. 2020,Group,Park Place,,,,Hilario Ulloa,,55;274,Defending 30,,,,,Foul,Right of Way,Penalty 30 yards,132;202,28;208,,,,,,
Foul Received (3),1736521,25000,C.V. Whitney Cup,Unknown,Unknown,Unknown,Live,International Polo Club,Unknown,Search Livestream,,Chukka 3,La Indiana vs Park Place,February 08. 2020,Group,La Indiana,,,,Pablo Polito Pieres,,91;47,Attacking 60,,,,,Foul Received,Right of Way,Penalty 30 yards,,,,,,,,
Penalty 30 yards (1),1789971,15000,C.V. Whitney Cup,Unknown,Unknown,Unknown,Live,International Polo Club,Unknown,Search Livestream,,Chukka 3,La Indiana vs Park Place,February 08. 2020,Group,La Indiana,,,,Pablo Polito Pieres,,,,,,,,,,,,,Penalty 30 yards,Wide,,,,
Knock In (5),1813522,40000,C.V. Whitney Cup,Unknown,Unknown,Unknown,Live,International Polo Club,Unknown,Search Livestream,,Chukka 3,La Indiana vs Park Place,February 08. 2020,Group,Park Place,,Knock In,,Sterling Giannico,,,,,,Hilario Ulloa,,,,,,,,,,,,
Shot At Goal (11),1833000,35000,C.V. Whitney Cup,Unknown,Unknown,Unknown,Live,International Polo Club,Unknown,Search Livestream,,Chukka 3,La Indiana vs Park Place,February 08. 2020,Group,La Indiana,,,,Pablo Polito Pieres,Shot At Goal,91;43,Attacking 60,Goal,,,,,,,,,,,,,,
Goal La Indiana (4),1835336,35000,C.V. Whitney Cup,Unknown,Unknown,Unknown,Live,International Polo Club,Unknown,Search Livestream,,Chukka 3,La Indiana vs Park Place,February 08. 2020,Group,La Indiana,,,,Pablo Polito Pieres,,71;7,Attacking 30,,,,Goal La Indiana,,,,,,,,,,,
Throw-in (3),1891167,20000,C.V. Whitney Cup,Unknown,Unknown,Unknown,Live,International Polo Club,Unknown,Search Livestream,,Chukka 3,La Indiana vs Park Place,February 08. 2020,Group,Park Place,,Throw-in,Park Place win throw-in,Alfredo Bigatti,,,,,,,,,,,,,,,,,,
Shot At Goal (12),1903104,35000,C.V. Whitney Cup,Unknown,Unknown,Unknown,Live,International Polo Club,Unknown,Search Livestream,,Chukka 3,La Indiana vs Park Place,February 08. 2020,Group,La Indiana,,,,Santiago Gomez Romero,Shot At Goal,57;53,Attacking 60,Wide,,,,,,,,,,,,,,
Assist (2),1920239,25000,C.V. Whitney Cup,Unknown,Unknown,Unknown,Live,International Polo Club,Unknown,Search Livestream,,Chukka 3,La Indiana vs Park Place,February 08. 2020,Group,La Indiana,,,,Pablo Polito Pieres,,,,,,,,,,,,,,,,Unsuccessful,Pablo Polito Pieres,
Knock In (6),1952827,40000,C.V. Whitney Cup,Unknown,Unknown,Unknown,Live,International Polo Club,Unknown,Search Livestream,,Chukka 3,La Indiana vs Park Place,February 08. 2020,Group,Park Place,,Knock In,,Hilario Ulloa,,,,,,Sterling Giannico,,,,,,,,,,,,
Shot At Goal (13),1962730,35000,C.V. Whitney Cup,Unknown,Unknown,Unknown,Live,International Polo Club,Unknown,Search Livestream,,Chukka 3,La Indiana vs Park Place,February 08. 2020,Group,Park Place,,,,Alfredo Bigatti,Shot At Goal,76;20,Attacking 30,Wide,,,,,,,,,,,,,,
Knock In (7),2014826,40000,C.V. Whitney Cup,Unknown,Unknown,Unknown,Live,International Polo Club,Unknown,Search Livestream,,Chukka 4,La Indiana vs Park Place,February 08. 2020,Group,La Indiana,,Knock In,,Pablo Polito Pieres,,,,,,,,,,,,,,,,,,
Chukka Length (3),2016491,808674,C.V. Whitney Cup,Unknown,Unknown,Unknown,Live,International Polo Club,Unknown,Search Livestream,,Chukka 4,La Indiana vs Park Place,February 08. 2020,Group,Team,Chukka Length,,,,,,,,,,,,,,,,,,,,,
Shot At Goal (17),2020158,35000,C.V. Whitney Cup,Unknown,Unknown,Unknown,Live,International Polo Club,Unknown,Search Livestream,,Chukka 4,La Indiana vs Park Place,February 08. 2020,Group,La Indiana,,,,Santiago Gomez Romero,Shot At Goal,98;30,Attacking 30,Wide,,,,,,,,,,,,,,
Shot At Goal (14),2052790,35000,C.V. Whitney Cup,Unknown,Unknown,Unknown,Live,International Polo Club,Unknown,Search Livestream,,Chukka 4,La Indiana vs Park Place,February 08. 2020,Group,La Indiana,,,,Pablo Polito Pieres,Shot At Goal,63;21,Attacking 30,Goal,,,,,,,,,,,,,,
Goal La Indiana (5),2053925,35000,C.V. Whitney Cup,Unknown,Unknown,Unknown,Live,International Polo Club,Unknown,Search Livestream,,Chukka 4,La Indiana vs Park Place,February 08. 2020,Group,La Indiana,,,,Pablo Polito Pieres,,80;7,Attacking 30,,,,Goal La Indiana,,,,,,,,,,,
Knock In (8),2063508,40000,C.V. Whitney Cup,Unknown,Unknown,Unknown,Live,International Polo Club,Unknown,Search Livestream,,Chukka 4,La Indiana vs Park Place,February 08. 2020,Group,Park Place,,Knock In,,Sterling Giannico,,,,,,,,,,,,,,,,,,
Assist (3),2069826,25000,C.V. Whitney Cup,Unknown,Unknown,Unknown,Live,International Polo Club,Unknown,Search Livestream,,Chukka 4,La Indiana vs Park Place,February 08. 2020,Group,La Indiana,,,,Santiago Gomez Romero,,,,,,,,,,,,,,,,Successful,Santiago Gomez Romero,
Throw-in (5),2125471,20000,C.V. Whitney Cup,Unknown,Unknown,Unknown,Live,International Polo Club,Unknown,Search Livestream,,Chukka 4,La Indiana vs Park Place,February 08. 2020,Group,Park Place,,Throw-in,Park Place win throw-in,Hilario Ulloa,,,,,,,,,,,,,,,,,,
Non Call (3),2180634,20000,C.V. Whitney Cup,Unknown,Unknown,Unknown,Live,International Polo Club,Unknown,Search Livestream,,Chukka 4,La Indiana vs Park Place,February 08. 2020,Group,Team,,,,,,,,,,,,Non Call,Right of Way,,,,,,,,,
Foul (5),2217739,25000,C.V. Whitney Cup,Unknown,Unknown,Unknown,Live,International Polo Club,Unknown,Search Livestream,,Chukka 4,La Indiana vs Park Place,February 08. 2020,Group,Park Place,,,,Sterling Giannico,,73;168,Defending Half,,,,,Foul,Dangerous Riding,Penalty 5,7;202,117;211,,,,,,
Foul Received (5),2217739,25000,C.V. Whitney Cup,Unknown,Unknown,Unknown,Live,International Polo Club,Unknown,Search Livestream,,Chukka 4,La Indiana vs Park Place,February 08. 2020,Group,La Indiana,,,,Jeff Hall,,72;126,Attacking Half,,,,,Foul Received,Dangerous Riding,Penalty 5,,,,,,,,
Penalty 5,2242365,30000,C.V. Whitney Cup,Unknown,Unknown,Unknown,Live,International Polo Club,Unknown,Search Livestream,,Chukka 4,La Indiana vs Park Place,February 08. 2020,Group,La Indiana,,Penalty 5,,Pablo Polito Pieres,,,,,,,,,,,,,,,,,,
Non Call (4),2319584,20000,C.V. Whitney Cup,Unknown,Unknown,Unknown,Live,International Polo Club,Unknown,Search Livestream,,Chukka 4,La Indiana vs Park Place,February 08. 2020,Group,Team,,,,,,,,,,,,Non Call,Crossing,,,,,,,,,
Foul (7),2335467,25000,C.V. Whitney Cup,Unknown,Unknown,Unknown,Live,International Polo Club,Unknown,Search Livestream,,Chukka 4,La Indiana vs Park Place,February 08. 2020,Group,La Indiana,,,,Jeff Hall,,13;198,Defending Half,,,,,Foul,Dangerous Riding,Penalty 40 yards,4;201,110;211,,,,,,
Foul Received (7),2335467,25000,C.V. Whitney Cup,Unknown,Unknown,Unknown,Live,International Polo Club,Unknown,Search Livestream,,Chukka 4,La Indiana vs Park Place,February 08. 2020,Group,Park Place,,,,Hilario Ulloa,,139;99,Attacking Half,,,,,Foul Received,Dangerous Riding,Penalty 40 yards,,,,,,,,
Penalty 40 yards,2420215,15000,C.V. Whitney Cup,Unknown,Unknown,Unknown,Live,International Polo Club,Unknown,Search Livestream,,Chukka 4,La Indiana vs Park Place,February 08. 2020,Group,Park Place,,,,Alfredo Bigatti,,,,,,,,,,,,,Penalty 40 yards,Wide,,,,
Knock In (9),2446468,40000,C.V. Whitney Cup,Unknown,Unknown,Unknown,Live,International Polo Club,Unknown,Search Livestream,,Chukka 4,La Indiana vs Park Place,February 08. 2020,Group,La Indiana,,Knock In,,Pablo Polito Pieres,,,,,,,,,,,,,,,,,,
Shot At Goal (15),2453701,35000,C.V. Whitney Cup,Unknown,Unknown,Unknown,Live,International Polo Club,Unknown,Search Livestream,,Chukka 4,La Indiana vs Park Place,February 08. 2020,Group,La Indiana,,,,Pablo Polito Pieres,Shot At Goal,85;29,Attacking 30,Goal,,,,,,,,,,,,,,
Goal La Indiana (6),2458006,35000,C.V. Whitney Cup,Unknown,Unknown,Unknown,Live,International Polo Club,Unknown,Search Livestream,,Chukka 4,La Indiana vs Park Place,February 08. 2020,Group,La Indiana,,,,Pablo Polito Pieres,,80;6,Attacking 30,,,,Goal La Indiana,,,,,,,,,,,
Throw-in (7),2545501,20000,C.V. Whitney Cup,Unknown,Unknown,Unknown,Live,International Polo Club,Unknown,Search Livestream,,Chukka 4,La Indiana vs Park Place,February 08. 2020,Group,La Indiana,,Throw-in,La Indiana win throw-in,Pablo Polito Pieres,,,,,,,,,,,,,,,,,,
Foul (9),2552484,25000,C.V. Whitney Cup,Unknown,Unknown,Unknown,Live,International Polo Club,Unknown,Search Livestream,,Chukka 4,La Indiana vs Park Place,February 08. 2020,Group,La Indiana,,,,Santiago Gomez Romero,,12;203,Defending Half,,,,,Foul,Crossing,Penalty 60 yards,10;201,119;201,,,,,,
Foul Received (9),2552484,25000,C.V. Whitney Cup,Unknown,Unknown,Unknown,Live,International Polo Club,Unknown,Search Livestream,,Chukka 4,La Indiana vs Park Place,February 08. 2020,Group,Park Place,,,,Hilario Ulloa,,141;92,Attacking Half,,,,,Foul Received,Crossing,Penalty 60 yards,,,,,,,,
Penalty 60 yards (1),2583382,15000,C.V. Whitney Cup,Unknown,Unknown,Unknown,Live,International Polo Club,Unknown,Search Livestream,,Chukka 4,La Indiana vs Park Place,February 08. 2020,Group,Park Place,,,,Alfredo Bigatti,,,,,,,,,,,,,Penalty 60 yards,Blocked,,,,
Penalty Block,2589517,10000,C.V. Whitney Cup,Unknown,Unknown,Unknown,Live,International Polo Club,Unknown,Search Livestream,,Chukka 4,La Indiana vs Park Place,February 08. 2020,Group,La Indiana,,,,Jeff Hall,,,,,Penalty Block,,,,,,,,,,,,,
Knock In (10),2622749,40000,C.V. Whitney Cup,Unknown,Unknown,Unknown,Live,International Polo Club,Unknown,Search Livestream,,Chukka 4,La Indiana vs Park Place,February 08. 2020,Group,La Indiana,,Knock In,,Pablo Polito Pieres,,,,,,,,,,,,,,,,,,
Shot At Goal (16),2626245,35000,C.V. Whitney Cup,Unknown,Unknown,Unknown,Live,International Polo Club,Unknown,Search Livestream,,Chukka 4,La Indiana vs Park Place,February 08. 2020,Group,La Indiana,,,,Pablo Polito Pieres,Shot At Goal,64;47,Attacking 60,Goal,,,,,,,,,,,,,,
Goal La Indiana (7),2628347,35000,C.V. Whitney Cup,Unknown,Unknown,Unknown,Live,International Polo Club,Unknown,Search Livestream,,Chukka 4,La Indiana vs Park Place,February 08. 2020,Group,La Indiana,,,,Pablo Polito Pieres,,66;36,Attacking 30,,,,Goal La Indiana,,,,,,,,Goals,,,
Assist (4),2643714,25000,C.V. Whitney Cup,Unknown,Unknown,Unknown,Live,International Polo Club,Unknown,Search Livestream,,Chukka 4,La Indiana vs Park Place,February 08. 2020,Group,La Indiana,,,,Michael Bickford,,,,,,,,,,,,,,,,Successful,Michael Bickford,
Chukka Length (5),2674908,754754,C.V. Whitney Cup,Unknown,Unknown,Unknown,Live,International Polo Club,Unknown,Search Livestream,,Chukka 5,La Indiana vs Park Place,February 08. 2020,Group,Team,Chukka Length,,,,,,,,,,,,,,,,,,,,,
Throw-in (9),2674913,20000,C.V. Whitney Cup,Unknown,Unknown,Unknown,Live,International Polo Club,Unknown,Search Livestream,,Chukka 5,La Indiana vs Park Place,February 08. 2020,Group,La Indiana,,Throw-in,La Indiana win throw-in,Jeff Hall,,,,,,,,,,,,,,,,,,
Foul (10),2707054,25000,C.V. Whitney Cup,Unknown,Unknown,Unknown,Live,International Polo Club,Unknown,Search Livestream,,Chukka 5,La Indiana vs Park Place,February 08. 2020,Group,Park Place,,,,Hilario Ulloa,,133;54,Attacking 60,,,,,Foul,Crossing,Penalty 5B,26;118,147;90,,,,,,
Foul Received (10),2707054,25000,C.V. Whitney Cup,Unknown,Unknown,Unknown,Live,International Polo Club,Unknown,Search Livestream,,Chukka 5,La Indiana vs Park Place,February 08. 2020,Group,La Indiana,,,,Jeff Hall,,10;247,Defending 60,,,,,Foul Received,Crossing,Penalty 5B,,,,,,,,
Penalty 5b (3),2780652,30000,C.V. Whitney Cup,Unknown,Unknown,Unknown,Live,International Polo Club,Unknown,Search Livestream,,Chukka 5,La Indiana vs Park Place,February 08. 2020,Group,La Indiana,,Penalty 5b,,Pablo Polito Pieres,,,,,,,,,,,,,,,,,,
Foul (11),2843791,25000,C.V. Whitney Cup,Unknown,Unknown,Unknown,Live,International Polo Club,Unknown,Search Livestream,,Chukka 5,La Indiana vs Park Place,February 08. 2020,Group,La Indiana,,,,Jeff Hall,,80;193,Defending Half,,,,,Foul,Crossing,Penalty 30 yards,8;167,89;167,,,,,,
Foul Received (11),2843791,25000,C.V. Whitney Cup,Unknown,Unknown,Unknown,Live,International Polo Club,Unknown,Search Livestream,,Chukka 5,La Indiana vs Park Place,February 08. 2020,Group,Park Place,,,,Alfredo Bigatti,,69;108,Attacking Half,,,,,Foul Received,Crossing,Penalty 30 yards,,,,,,,,
Goal Park Place (4),2876873,35000,C.V. Whitney Cup,Unknown,Unknown,Unknown,Live,International Polo Club,Unknown,Search Livestream,,Chukka 5,La Indiana vs Park Place,February 08. 2020,Group,Park Place,,,,Alfredo Bigatti,,,,,,,Goal Park Place,,,,,,,,,,,
Penalty 30 yards (3),2895071,15000,C.V. Whitney Cup,Unknown,Unknown,Unknown,Live,International Polo Club,Unknown,Search Livestream,,Chukka 5,La Indiana vs Park Place,February 08. 2020,Group,Park Place,,,,Alfredo Bigatti,,,,,,,,,,,,,Penalty 30 yards,Goal,,,,
Throw-in (11),2947319,20000,C.V. Whitney Cup,Unknown,Unknown,Unknown,Live,International Polo Club,Unknown,Search Livestream,,Chukka 5,La Indiana vs Park Place,February 08. 2020,Group,Park Place,,Throw-in,Park Place win throw-in,Sterling Giannico,,,,,,,,,,,,,,,,,,
Shot At Goal (18),2956686,35000,C.V. Whitney Cup,Unknown,Unknown,Unknown,Live,International Polo Club,Unknown,Search Livestream,,Chukka 5,La Indiana vs Park Place,February 08. 2020,Group,Park Place,,,,Alfredo Bigatti,Shot At Goal,57;47,Attacking 60,Wide,,,,,,,,,,,,,,
Assist (5),2973855,25000,C.V. Whitney Cup,Unknown,Unknown,Unknown,Live,International Polo Club,Unknown,Search Livestream,,Chukka 5,La Indiana vs Park Place,February 08. 2020,Group,Park Place,,,,Hilario Ulloa,,,,,,,,,,,,,,,,Unsuccessful,Hilario Ulloa,
Shot At Goal (19),2999763,35000,C.V. Whitney Cup,Unknown,Unknown,Unknown,Live,International Polo Club,Unknown,Search Livestream,,Chukka 5,La Indiana vs Park Place,February 08. 2020,Group,La Indiana,,,,Santiago Gomez Romero,Shot At Goal,91;13,Attacking 30,Goal,,,,,,,,,,,,,,
Goal La Indiana (8),3002265,35000,C.V. Whitney Cup,Unknown,Unknown,Unknown,Live,International Polo Club,Unknown,Search Livestream,,Chukka 5,La Indiana vs Park Place,February 08. 2020,Group,La Indiana,,,,Santiago Gomez Romero,,73;6,Attacking 30,,,,Goal La Indiana,,,,,,,,Goals,,,
Knock In (11),3003807,40000,C.V. Whitney Cup,Unknown,Unknown,Unknown,Live,International Polo Club,Unknown,Search Livestream,,Chukka 5,La Indiana vs Park Place,February 08. 2020,Group,La Indiana,,Knock In,,Jeff Hall,,,,,,Pablo Polito Pieres,,,,,,,,,,,,
Assist (6),3017832,25000,C.V. Whitney Cup,Unknown,Unknown,Unknown,Live,International Polo Club,Unknown,Search Livestream,,Chukka 5,La Indiana vs Park Place,February 08. 2020,Group,La Indiana,,,,Pablo Polito Pieres,,,,,,,,,,,,,,,,Successful,Pablo Polito Pieres,
Foul (12),3057838,25000,C.V. Whitney Cup,Unknown,Unknown,Unknown,Live,International Polo Club,Unknown,Search Livestream,,Chukka 5,La Indiana vs Park Place,February 08. 2020,Group,La Indiana,,,,Michael Bickford,,71;163,Defending Half,,,,,Foul,Turning,Penalty 5,14;151,114;167,,,,,,
Foul Received (12),3057838,25000,C.V. Whitney Cup,Unknown,Unknown,Unknown,Live,International Polo Club,Unknown,Search Livestream,,Chukka 5,La Indiana vs Park Place,February 08. 2020,Group,Park Place,,,,Hilario Ulloa,,59;131,Attacking Half,,,,,Foul Received,Turning,Penalty 5,,,,,,,,
Throw-in (13),3061132,20000,C.V. Whitney Cup,Unknown,Unknown,Unknown,Live,International Polo Club,Unknown,Search Livestream,,Chukka 5,La Indiana vs Park Place,February 08. 2020,Group,La Indiana,,Throw-in,La Indiana win throw-in,Pablo Polito Pieres,,,,,,,,,,,,,,,,,,
Penalty 5 (1),3097802,30000,C.V. Whitney Cup,Unknown,Unknown,Unknown,Live,International Polo Club,Unknown,Search Livestream,,Chukka 5,La Indiana vs Park Place,February 08. 2020,Group,Park Place,,Penalty 5,,Hilario Ulloa,,,,,,,,,,,,,,,,,,
Shot At Goal (20),3133897,35000,C.V. Whitney Cup,Unknown,Unknown,Unknown,Live,International Polo Club,Unknown,Search Livestream,,Chukka 5,La Indiana vs Park Place,February 08. 2020,Group,Park Place,,,,Hilario Ulloa,Shot At Goal,91;51,Attacking 60,Goal,,,,,,,,,,,,,,
Goal Park Place (5),3137100,35000,C.V. Whitney Cup,Unknown,Unknown,Unknown,Live,International Polo Club,Unknown,Search Livestream,,Chukka 5,La Indiana vs Park Place,February 08. 2020,Group,Park Place,,,,Hilario Ulloa,,73;7,Attacking 30,,,,Goal Park Place,,,,,,,,,,,
Assist (7),3152767,25000,C.V. Whitney Cup,Unknown,Unknown,Unknown,Live,International Polo Club,Unknown,Search Livestream,,Chukka 5,La Indiana vs Park Place,February 08. 2020,Group,Park Place,,,,Sterling Giannico,,,,,,,,,,,,,,,,Successful,Sterling Giannico,
Throw-in (15),3198403,20000,C.V. Whitney Cup,Unknown,Unknown,Unknown,Live,International Polo Club,Unknown,Search Livestream,,Chukka 5,La Indiana vs Park Place,February 08. 2020,Group,La Indiana,,Throw-in,La Indiana win throw-in,Pablo Polito Pieres,,,,,,,,,,,,,,,,,,
Goal La Indiana (9),3217895,35000,C.V. Whitney Cup,Unknown,Unknown,Unknown,Live,International Polo Club,Unknown,Search Livestream,,Chukka 5,La Indiana vs Park Place,February 08. 2020,Group,La Indiana,,,,Pablo Polito Pieres,,,,,,,Goal La Indiana,,,,,,,,,,,
Foul (13),3217998,25000,C.V. Whitney Cup,Unknown,Unknown,Unknown,Live,International Polo Club,Unknown,Search Livestream,,Chukka 5,La Indiana vs Park Place,February 08. 2020,Group,Park Place,,,,Sterling Giannico,,11;252,Defending 60,,,,,Foul,Dangerous Riding,Penalty 60 yards,2;243,86;206,,,,,,
Foul Received (13),3217998,25000,C.V. Whitney Cup,Unknown,Unknown,Unknown,Live,International Polo Club,Unknown,Search Livestream,,Chukka 5,La Indiana vs Park Place,February 08. 2020,Group,La Indiana,,,,Pablo Polito Pieres,,137;48,Attacking 60,,,,,Foul Received,Dangerous Riding,Penalty 60 yards,,,,,,,,
Penalty 60 yards (3),3235860,15000,C.V. Whitney Cup,Unknown,Unknown,Unknown,Live,International Polo Club,Unknown,Search Livestream,,Chukka 5,La Indiana vs Park Place,February 08. 2020,Group,La Indiana,,,,Pablo Polito Pieres,,,,,,,,,,,,,Penalty 60 yards,Goal,,,,
Throw-in (17),3266219,20000,C.V. Whitney Cup,Unknown,Unknown,Unknown,Live,International Polo Club,Unknown,Search Livestream,,Chukka 5,La Indiana vs Park Place,February 08. 2020,Group,Park Place,,Throw-in,Park Place win throw-in,Sterling Giannico,,,,,,,,,,,,,,,,,,
Chukka Length (7),3313549,356756,C.V. Whitney Cup,Unknown,Unknown,Unknown,Live,International Polo Club,Unknown,Search Livestream,,Chukka 6,La Indiana vs Park Place,February 08. 2020,Group,Team,Chukka Length,,,,,,,,,,,,,,,,,,,,,
Throw-in (18),3313554,20000,C.V. Whitney Cup,Unknown,Unknown,Unknown,Live,International Polo Club,Unknown,Search Livestream,,Chukka 6,La Indiana vs Park Place,February 08. 2020,Group,La Indiana,,Throw-in,La Indiana win throw-in,Santiago Gomez Romero,,,,,,,,,,,,,,,,,,
Non Call (5),3315063,20000,C.V. Whitney Cup,Unknown,Unknown,Unknown,Live,International Polo Club,Unknown,Search Livestream,,Chukka 6,La Indiana vs Park Place,February 08. 2020,Group,Team,,,,,,,,,,,,Non Call,Right of Way,,,,,,,,,
Shot At Goal (21),3356188,35000,C.V. Whitney Cup,Unknown,Unknown,Unknown,Live,International Polo Club,Unknown,Search Livestream,,Chukka 6,La Indiana vs Park Place,February 08. 2020,Group,Park Place,,,,Hilario Ulloa,Shot At Goal,95;61,Attacking 60,Blocked,,,,,,,,,,,,,,
Shot At Goal (22),3381980,35000,C.V. Whitney Cup,Unknown,Unknown,Unknown,Live,International Polo Club,Unknown,Search Livestream,,Chukka 6,La Indiana vs Park Place,February 08. 2020,Group,La Indiana,,,,Pablo Polito Pieres,Shot At Goal,62;20,Attacking 30,Goal,,,,,,,,,,,,,,
Shot Block,3383290,10000,C.V. Whitney Cup,Unknown,Unknown,Unknown,Live,International Polo Club,Unknown,Search Livestream,,Chukka 6,La Indiana vs Park Place,February 08. 2020,Group,La Indiana,,,,Pablo Polito Pieres,,,,,Shot Block,,,,,,,,,,,,,
Goal La Indiana (10),3385851,35000,C.V. Whitney Cup,Unknown,Unknown,Unknown,Live,International Polo Club,Unknown,Search Livestream,,Chukka 6,La Indiana vs Park Place,February 08. 2020,Group,La Indiana,,,,Pablo Polito Pieres,,80;6,Attacking 30,,,,Goal La Indiana,,,,,,,,,,,
Throw-in (19),3446620,20000,C.V. Whitney Cup,Unknown,Unknown,Unknown,Live,International Polo Club,Unknown,Search Livestream,,Chukka 6,La Indiana vs Park Place,February 08. 2020,Group,Park Place,,Throw-in,Park Place win throw-in,Andrey Borodin,,,,,,,,,,,,,,,,,,
Shot At Goal (23),3469101,35000,C.V. Whitney Cup,Unknown,Unknown,Unknown,Live,International Polo Club,Unknown,Search Livestream,,Chukka 6,La Indiana vs Park Place,February 08. 2020,Group,La Indiana,,,,Michael Bickford,Shot At Goal,,,Goal,,,,,,,,,,,,,,
Goal La Indiana (11),3470335,35000,C.V. Whitney Cup,Unknown,Unknown,Unknown,Live,International Polo Club,Unknown,Search Livestream,,Chukka 6,La Indiana vs Park Place,February 08. 2020,Group,La Indiana,,,,Michael Bickford,,72;4,Attacking 30,,,,Goal La Indiana,,,,,,,,Goals,,,
Assist (8),3485669,25000,C.V. Whitney Cup,Unknown,Unknown,Unknown,Live,International Polo Club,Unknown,Search Livestream,,Chukka 6,La Indiana vs Park Place,February 08. 2020,Group,La Indiana,,,,Jeff Hall,,,,,,,,,,,,,,,,Successful,Jeff Hall,
Throw-in (20),3523163,20000,C.V. Whitney Cup,Unknown,Unknown,Unknown,Live,International Polo Club,Unknown,Search Livestream,,Chukka 6,La Indiana vs Park Place,February 08. 2020,Group,Park Place,,Throw-in,Park Place win throw-in,Hilario Ulloa,,,,,,,,,,,,,,,,,,
Foul (14),3525875,25000,C.V. Whitney Cup,Unknown,Unknown,Unknown,Live,International Polo Club,Unknown,Search Livestream,,Chukka 6,La Indiana vs Park Place,February 08. 2020,Group,Park Place,,,,Hilario Ulloa,,112;109,Attacking Half,,,,,Foul,Appealing,Penalty 5,22;131,130;135,,,,,,
Yellow Card (1),3555696,10000,C.V. Whitney Cup,Unknown,Unknown,Unknown,Live,International Polo Club,Unknown,Search Livestream,,Chukka 6,La Indiana vs Park Place,February 08. 2020,Group,Park Place,,,,Hilario Ulloa,,,,,,,,Yellow Card,Appealing,Penalty 5,,,,,,,,
Penalty 5 (2),3583824,30000,C.V. Whitney Cup,Unknown,Unknown,Unknown,Live,International Polo Club,Unknown,Search Livestream,,Chukka 6,La Indiana vs Park Place,February 08. 2020,Group,La Indiana,,Penalty 5,,Pablo Polito Pieres,,,,,,,,,,,,,,,,,,
Chukka Length (9),3605072,227060,C.V. Whitney Cup,Unknown,Unknown,Unknown,Live,International Polo Club,Unknown,Search Livestream,,Chukka 6,La Indiana vs Park Place,February 08. 2020,Group,Team,Chukka Length,,,,,,,,,,,,,,,,,,,,,
Knock In (12),3637176,40000,C.V. Whitney Cup,Unknown,Unknown,Unknown,Live,International Polo Club,Unknown,Search Livestream,,Chukka 6,La Indiana vs Park Place,February 08. 2020,Group,La Indiana,,Knock In,,Jeff Hall,,,,,,Pablo Polito Pieres,,,,,,,,,,,,
Goal Park Place (6),3642206,35000,C.V. Whitney Cup,Unknown,Unknown,Unknown,Live,International Polo Club,Unknown,Search Livestream,,Chukka 6,La Indiana vs Park Place,February 08. 2020,Group,Park Place,,,,Alfredo Bigatti,,,,,,,Goal Park Place,,,,,,,,,,,
Foul (15),3642625,25000,C.V. Whitney Cup,Unknown,Unknown,Unknown,Live,International Polo Club,Unknown,Search Livestream,,Chukka 6,La Indiana vs Park Place,February 08. 2020,Group,La Indiana,,,,Santiago Gomez Romero,,67;171,Defending Half,,,,,Foul,Dangerous Riding,Penalty 40 yards,21;86,128;118,,,,,,
Foul Received (14),3642625,25000,C.V. Whitney Cup,Unknown,Unknown,Unknown,Live,International Polo Club,Unknown,Search Livestream,,Chukka 6,La Indiana vs Park Place,February 08. 2020,Group,Park Place,,,,Hilario Ulloa,,78;120,Attacking Half,,,,,Foul Received,Dangerous Riding,Penalty 40 yards,,,,,,,,
Injury Time (1),3655039,231130,C.V. Whitney Cup,Unknown,Unknown,Unknown,Live,International Polo Club,Unknown,Search Livestream,,Chukka 6,La Indiana vs Park Place,February 08. 2020,Group,Team,Injury Time,,,,,,,,,,,,,,,,,,,,,
Yellow Card (2),3656029,10000,C.V. Whitney Cup,Unknown,Unknown,Unknown,Live,International Polo Club,Unknown,Search Livestream,,Chukka 6,La Indiana vs Park Place,February 08. 2020,Group,La Indiana,,,,Santiago Gomez Romero,,,,,,,,Yellow Card,Dangerous Riding,Penalty 40 yards,,,,,,,,
Penalty 40 yards (1),3660604,15000,C.V. Whitney Cup,Unknown,Unknown,Unknown,Live,International Polo Club,Unknown,Search Livestream,,Chukka 6,La Indiana vs Park Place,February 08. 2020,Group,Park Place,,,,Alfredo Bigatti,,,,,,,,,,,,,Penalty 40 yards,Goal,,,,
Throw-in (21),3698137,20000,C.V. Whitney Cup,Unknown,Unknown,Unknown,Live,International Polo Club,Unknown,Search Livestream,,Chukka 6,La Indiana vs Park Place,February 08. 2020,Group,Park Place,,Throw-in,Park Place win throw-in,Sterling Giannico,,,,,,,,,,,,,,,,,,
Knock In (13),3734172,40000,C.V. Whitney Cup,Unknown,Unknown,Unknown,Live,International Polo Club,Unknown,Search Livestream,,Chukka 6,La Indiana vs Park Place,February 08. 2020,Group,La Indiana,,Knock In,,Pablo Polito Pieres,,,,,,,,,,,,,,,,,,
Free Hit,3773679,20000,C.V. Whitney Cup,Unknown,Unknown,Unknown,Live,International Polo Club,Unknown,Search Livestream,,Chukka 6,La Indiana vs Park Place,February 08. 2020,Group,Park Place,,Free Hit,,Hilario Ulloa,,,,,,,,,,,,,,,,,,