Name,Position,Duration,Chukka,Set Play,Match Date,Umpire 2,Third Umpire,Camera Angle,Search Event,Club,Tournament,Game,Stage,Umpire 1,Instant Replay Official,Year,Throw-in Outcome,Team,Player,Foul,Foul Type,General Field Area,Location,Foul Outcome,Umpire Focal,Umpire Trailing,Shot At Goal,Shot At Goal Outcome,Goal,Highlight Reel,Assist Outcome,Assist,Penalties,Penalty Outcome,Knock-in Player 2,Chukka Length
Throw-in,291500,20000,Chukka 1,Throw-in,February 19. 2020,Julian Appleby,Kevin Fawcett,Live,Search Livestream,International Polo Club,C.V. Whitney Cup,Las Monjitas vs Patagones,Semi-Final,Hector Galindo,Jamie Mirikitani,2020,Las Monjitas win throw-in,Las Monjitas,Mackenzie Weisz,,,,,,,,,,,,,,,,,
Non Call,302000,20000,Chukka 1,,February 19. 2020,Julian Appleby,Kevin Fawcett,Live,Search Livestream,International Polo Club,C.V. Whitney Cup,Las Monjitas vs Patagones,Semi-Final,Hector Galindo,Jamie Mirikitani,2020,,Team,,Non Call,Right of Way,,,,,,,,,,,,,,,
Foul,315833,25000,Chukka 1,,February 19. 2020,Julian Appleby,Kevin Fawcett,Live,Search Livestream,International Polo Club,C.V. Whitney Cup,Las Monjitas vs Patagones,Semi-Final,Hector Galindo,Jamie Mirikitani,2020,,Las Monjitas,David Stirling,Foul,Right of Way,Attacking Half,144;98,Penalty 5B,143;80,57;92,,,,,,,,,,
Foul Received,315833,25000,Chukka 1,,February 19. 2020,Julian Appleby,Kevin Fawcett,Live,Search Livestream,International Polo Club,C.V. Whitney Cup,Las Monjitas vs Patagones,Semi-Final,Hector Galindo,Jamie Mirikitani,2020,,Patagones,Santiago Toccalino,Foul Received,Right of Way,Defending Half,7;201,Penalty 5B,,,,,,,,,,,,
Penalty 5b,376600,30000,Chukka 1,Penalty 5b,February 19. 2020,Julian Appleby,Kevin Fawcett,Live,Search Livestream,International Polo Club,C.V. Whitney Cup,Las Monjitas vs Patagones,Semi-Final,Hector Galindo,Jamie Mirikitani,2020,,Patagones,Tomas Garcia del Rio,,,,,,,,,,,,,,,,,
Shot At Goal,362800,35000,Chukka 1,,February 19. 2020,Julian Appleby,Kevin Fawcett,Live,Search Livestream,International Polo Club,C.V. Whitney Cup,Las Monjitas vs Patagones,Semi-Final,Hector Galindo,Jamie Mirikitani,2020,,Patagones,Santiago Toccalino,,,Attacking 30,74;13,,,,Shot At Goal,Goal,,,,,,,,
Goal Patagones,362800,35000,Chukka 1,,February 19. 2020,Julian Appleby,Kevin Fawcett,Live,Search Livestream,International Polo Club,C.V. Whitney Cup,Las Monjitas vs Patagones,Semi-Final,Hector Galindo,Jamie Mirikitani,2020,,Patagones,Santiago Toccalino,,,,,,,,,,Goal Patagones,Goals,,,,,,
Assist,379500,25000,Chukka 1,,February 19. 2020,Julian Appleby,Kevin Fawcett,Live,Search Livestream,International Polo Club,C.V. Whitney Cup,Las Monjitas vs Patagones,Semi-Final,Hector Galindo,Jamie Mirikitani,2020,,Patagones,Tomas Garcia del Rio,,,,,,,,,,,,Successful,Tomas Garcia del Rio,,,,
Throw-in (1),420233,20000,Chukka 1,Throw-in,February 19. 2020,Julian Appleby,Kevin Fawcett,Live,Search Livestream,International Polo Club,C.V. Whitney Cup,Las Monjitas vs Patagones,Semi-Final,Hector Galindo,Jamie Mirikitani,2020,Las Monjitas win throw-in,Las Monjitas,Camilo Bautista,,,,,,,,,,,,,,,,,
Foul (1),428200,25000,Chukka 1,,February 19. 2020,Julian Appleby,Kevin Fawcett,Live,Search Livestream,International Polo Club,C.V. Whitney Cup,Las Monjitas vs Patagones,Semi-Final,Hector Galindo,Jamie Mirikitani,2020,,Patagones,Santiago Toccalino,Foul,Riding Into Shot,Defending Half,96;233,Penalty 30 yards,77;208,145;230,,,,,,,,,,
Foul Received (1),428200,25000,Chukka 1,,February 19. 2020,Julian Appleby,Kevin Fawcett,Live,Search Livestream,International Polo Club,C.V. Whitney Cup,Las Monjitas vs Patagones,Semi-Final,Hector Galindo,Jamie Mirikitani,2020,,Las Monjitas,David Stirling,Foul Received,Riding Into Shot,Attacking 60,49;61,Penalty 30 yards,,,,,,,,,,,,
Penalty 30 yards,482533,15000,Chukka 1,,February 19. 2020,Julian Appleby,Kevin Fawcett,Live,Search Livestream,International Polo Club,C.V. Whitney Cup,Las Monjitas vs Patagones,Semi-Final,Hector Galindo,Jamie Mirikitani,2020,,Las Monjitas,Mackenzie Weisz,,,,,,,,,,,,,,Penalty 30 yards,Goal,,
Goal Las Monjitas,465533,35000,Chukka 1,,February 19. 2020,Julian Appleby,Kevin Fawcett,Live,Search Livestream,International Polo Club,C.V. Whitney Cup,Las Monjitas vs Patagones,Semi-Final,Hector Galindo,Jamie Mirikitani,2020,,Las Monjitas,Mackenzie Weisz,,,,,,,,,,Goal Las Monjitas,,,,,,,
Throw-in (2),521933,20000,Chukka 1,Throw-in,February 19. 2020,Julian Appleby,Kevin Fawcett,Live,Search Livestream,International Polo Club,C.V. Whitney Cup,Las Monjitas vs Patagones,Semi-Final,Hector Galindo,Jamie Mirikitani,2020,Patagones win throw-in,Patagones,Tomas Garcia del Rio,,,,,,,,,,,,,,,,,
Shot At Goal (1),580866,35000,Chukka 1,,February 19. 2020,Julian Appleby,Kevin Fawcett,Live,Search Livestream,International Polo Club,C.V. Whitney Cup,Las Monjitas vs Patagones,Semi-Final,Hector Galindo,Jamie Mirikitani,2020,,Las Monjitas,Mackenzie Weisz,,,Attacking 30,109;11,,,,Shot At Goal,Wide,,,,,,,,
Knock In,628133,40000,Chukka 1,Knock In,February 19. 2020,Julian Appleby,Kevin Fawcett,Live,Search Livestream,International Polo Club,C.V. Whitney Cup,Las Monjitas vs Patagones,Semi-Final,Hector Galindo,Jamie Mirikitani,2020,,Patagones,Santiago Toccalino,,,,,,,,,,,,,,,,Tomas Garcia del Rio,
Foul (2),680266,25000,Chukka 1,,February 19. 2020,Julian Appleby,Kevin Fawcett,Live,Search Livestream,International Polo Club,C.V. Whitney Cup,Las Monjitas vs Patagones,Semi-Final,Hector Galindo,Jamie Mirikitani,2020,,Patagones,Geronimo Obregon,Foul,Blocking,Defending 60,22;244,Penalty 30 yards,99;245,34;181,,,,,,,,,,
Foul Received (2),680266,25000,Chukka 1,,February 19. 2020,Julian Appleby,Kevin Fawcett,Live,Search Livestream,International Polo Club,C.V. Whitney Cup,Las Monjitas vs Patagones,Semi-Final,Hector Galindo,Jamie Mirikitani,2020,,Las Monjitas,David Stirling,Foul Received,Blocking,Attacking 60,135;57,Penalty 30 yards,,,,,,,,,,,,
Penalty 30 yards (1),721500,15000,Chukka 1,,February 19. 2020,Julian Appleby,Kevin Fawcett,Live,Search Livestream,International Polo Club,C.V. Whitney Cup,Las Monjitas vs Patagones,Semi-Final,Hector Galindo,Jamie Mirikitani,2020,,Las Monjitas,Mackenzie Weisz,,,,,,,,,,,,,,Penalty 30 yards,Goal,,
Goal Las Monjitas (1),704966,35000,Chukka 1,,February 19. 2020,Julian Appleby,Kevin Fawcett,Live,Search Livestream,International Polo Club,C.V. Whitney Cup,Las Monjitas vs Patagones,Semi-Final,Hector Galindo,Jamie Mirikitani,2020,,Las Monjitas,Mackenzie Weisz,,,,,,,,,,Goal Las Monjitas,,,,,,,
Throw-in (3),766600,20000,Chukka 1,Throw-in,February 19. 2020,Julian Appleby,Kevin Fawcett,Live,Search Livestream,International Polo Club,C.V. Whitney Cup,Las Monjitas vs Patagones,Semi-Final,Hector Galindo,Jamie Mirikitani,2020,Patagones win throw-in,Patagones,Geronimo Obregon,,,,,,,,,,,,,,,,,
Shot At Goal (2),794000,35000,Chukka 1,,February 19. 2020,Julian Appleby,Kevin Fawcett,Live,Search Livestream,International Polo Club,C.V. Whitney Cup,Las Monjitas vs Patagones,Semi-Final,Hector Galindo,Jamie Mirikitani,2020,,Las Monjitas,David Stirling,,,Attacking 60,95;51,,,,Shot At Goal,Wide,,,,,,,,
Assist (1),809700,25000,Chukka 1,,February 19. 2020,Julian Appleby,Kevin Fawcett,Live,Search Livestream,International Polo Club,C.V. Whitney Cup,Las Monjitas vs Patagones,Semi-Final,Hector Galindo,Jamie Mirikitani,2020,,Las Monjitas,Francisco Elizalde,,,,,,,,,,,,Unsuccessful,Francisco Elizalde,,,,
Knock In (1),843700,40000,Chukka 1,Knock In,February 19. 2020,Julian Appleby,Kevin Fawcett,Live,Search Livestream,International Polo Club,C.V. Whitney Cup,Las Monjitas vs Patagones,Semi-Final,Hector Galindo,Jamie Mirikitani,2020,,Patagones,Tomas Garcia del Rio,,,,,,,,,,,,,,,,Santiago Toccalino,
Shot At Goal (3),848933,35000,Chukka 1,,February 19. 2020,Julian Appleby,Kevin Fawcett,Live,Search Livestream,International Polo Club,C.V. Whitney Cup,Las Monjitas vs Patagones,Semi-Final,Hector Galindo,Jamie Mirikitani,2020,,Las Monjitas,David Stirling,,,Attacking 30,71;11,,,,Shot At Goal,Goal,,,,,,,,
Goal Las Monjitas (2),849733,35000,Chukka 1,,February 19. 2020,Julian Appleby,Kevin Fawcett,Live,Search Livestream,International Polo Club,C.V. Whitney Cup,Las Monjitas vs Patagones,Semi-Final,Hector Galindo,Jamie Mirikitani,2020,,Las Monjitas,David Stirling,,,,,,,,,,Goal Las Monjitas,,,,,,,
Assist (2),864733,25000,Chukka 1,,February 19. 2020,Julian Appleby,Kevin Fawcett,Live,Search Livestream,International Polo Club,C.V. Whitney Cup,Las Monjitas vs Patagones,Semi-Final,Hector Galindo,Jamie Mirikitani,2020,,Las Monjitas,Francisco Elizalde,,,,,,,,,,,,Successful,Francisco Elizalde,,,,
Chukka Length,296300,613646,Chukka 1,,February 19. 2020,Julian Appleby,Kevin Fawcett,Live,Search Livestream,International Polo Club,C.V. Whitney Cup,Las Monjitas vs Patagones,Semi-Final,Hector Galindo,Jamie Mirikitani,2020,,Team,,,,,,,,,,,,,,,,,,Chukka Length
Throw-in (4),1060200,20000,Chukka 2,Throw-in,February 19. 2020,Julian Appleby,Kevin Fawcett,Live,Search Livestream,International Polo Club,C.V. Whitney Cup,Las Monjitas vs Patagones,Semi-Final,Hector Galindo,Jamie Mirikitani,2020,Patagones win throw-in,Patagones,Santiago Toccalino,,,,,,,,,,,,,,,,,
Shot At Goal (4),1048633,35000,Chukka 2,,February 19. 2020,Julian Appleby,Kevin Fawcett,Live,Search Livestream,International Polo Club,C.V. Whitney Cup,Las Monjitas vs Patagones,Semi-Final,Hector Galindo,Jamie Mirikitani,2020,,Patagones,Tomas Garcia del Rio,,,Attacking 30,23;33,,,,Shot At Goal,Wide,,,,,,,,
Assist (3),1066000,25000,Chukka 2,,February 19. 2020,Julian Appleby,Kevin Fawcett,Live,Search Livestream,International Polo Club,C.V. Whitney Cup,Las Monjitas vs Patagones,Semi-Final,Hector Galindo,Jamie Mirikitani,2020,,Patagones,Santiago Toccalino,,,,,,,,,,,,Unsuccessful,Santiago Toccalino,,,,
Knock In (2),1096733,40000,Chukka 2,Knock In,February 19. 2020,Julian Appleby,Kevin Fawcett,Live,Search Livestream,International Polo Club,C.V. Whitney Cup,Las Monjitas vs Patagones,Semi-Final,Hector Galindo,Jamie Mirikitani,2020,,Las Monjitas,David Stirling,,,,,,,,,,,,,,,,Francisco Elizalde,
Shot At Goal (5),1100533,35000,Chukka 2,,February 19. 2020,Julian Appleby,Kevin Fawcett,Live,Search Livestream,International Polo Club,C.V. Whitney Cup,Las Monjitas vs Patagones,Semi-Final,Hector Galindo,Jamie Mirikitani,2020,,Las Monjitas,Francisco Elizalde,,,Attacking Half,77;95,,,,Shot At Goal,Wide,,,,,,,,
Knock In (3),1148366,40000,Chukka 2,Knock In,February 19. 2020,Julian Appleby,Kevin Fawcett,Live,Search Livestream,International Polo Club,C.V. Whitney Cup,Las Monjitas vs Patagones,Semi-Final,Hector Galindo,Jamie Mirikitani,2020,,Patagones,Tomas Garcia del Rio,,,,,,,,,,,,,,,,Santiago Toccalino,
Shot At Goal (6),1158866,35000,Chukka 2,,February 19. 2020,Julian Appleby,Kevin Fawcett,Live,Search Livestream,International Polo Club,C.V. Whitney Cup,Las Monjitas vs Patagones,Semi-Final,Hector Galindo,Jamie Mirikitani,2020,,Las Monjitas,Francisco Elizalde,,,Attacking 30,85;33,,,,Shot At Goal,Goal,,,,,,,,
Goal Las Monjitas (3),1161466,35000,Chukka 2,,February 19. 2020,Julian Appleby,Kevin Fawcett,Live,Search Livestream,International Polo Club,C.V. Whitney Cup,Las Monjitas vs Patagones,Semi-Final,Hector Galindo,Jamie Mirikitani,2020,,Las Monjitas,Francisco Elizalde,,,,,,,,,,Goal Las Monjitas,,,,,,,
Assist (4),1176466,25000,Chukka 2,,February 19. 2020,Julian Appleby,Kevin Fawcett,Live,Search Livestream,International Polo Club,C.V. Whitney Cup,Las Monjitas vs Patagones,Semi-Final,Hector Galindo,Jamie Mirikitani,2020,,Las Monjitas,David Stirling,,,,,,,,,,,,Successful,David Stirling,,,,
Throw-in (5),1219500,20000,Chukka 2,Throw-in,February 19. 2020,Julian Appleby,Kevin Fawcett,Live,Search Livestream,International Polo Club,C.V. Whitney Cup,Las Monjitas vs Patagones,Semi-Final,Hector Galindo,Jamie Mirikitani,2020,Patagones win throw-in,Patagones,Santiago Toccalino,,,,,,,,,,,,,,,,,
Shot At Goal (7),1210266,35000,Chukka 2,,February 19. 2020,Julian Appleby,Kevin Fawcett,Live,Search Livestream,International Polo Club,C.V. Whitney Cup,Las Monjitas vs Patagones,Semi-Final,Hector Galindo,Jamie Mirikitani,2020,,Patagones,Tomas Garcia del Rio,,,Attacking 30,114;21,,,,Shot At Goal,Goal,,,,,,,,
Goal Patagones (1),1212633,35000,Chukka 2,,February 19. 2020,Julian Appleby,Kevin Fawcett,Live,Search Livestream,International Polo Club,C.V. Whitney Cup,Las Monjitas vs Patagones,Semi-Final,Hector Galindo,Jamie Mirikitani,2020,,Patagones,Tomas Garcia del Rio,,,,,,,,,,Goal Patagones,Goals,,,,,,
Throw-in (6),1270900,20000,Chukka 2,Throw-in,February 19. 2020,Julian Appleby,Kevin Fawcett,Live,Search Livestream,International Polo Club,C.V. Whitney Cup,Las Monjitas vs Patagones,Semi-Final,Hector Galindo,Jamie Mirikitani,2020,Las Monjitas win throw-in,Las Monjitas,Francisco Elizalde,,,,,,,,,,,,,,,,,
Non Call (1),1276966,20000,Chukka 2,,February 19. 2020,Julian Appleby,Kevin Fawcett,Live,Search Livestream,International Polo Club,C.V. Whitney Cup,Las Monjitas vs Patagones,Semi-Final,Hector Galindo,Jamie Mirikitani,2020,,Team,,Non Call,Dangerous Riding,,,,,,,,,,,,,,,
Foul (3),1302633,25000,Chukka 2,,February 19. 2020,Julian Appleby,Kevin Fawcett,Live,Search Livestream,International Polo Club,C.V. Whitney Cup,Las Monjitas vs Patagones,Semi-Final,Hector Galindo,Jamie Mirikitani,2020,,Las Monjitas,Camilo Bautista,Foul,Crossing,Defending Half,109;201,Penalty 40 yards,35;249,85;211,,,,,,,,,,
Foul Received (3),1302633,25000,Chukka 2,,February 19. 2020,Julian Appleby,Kevin Fawcett,Live,Search Livestream,International Polo Club,C.V. Whitney Cup,Las Monjitas vs Patagones,Semi-Final,Hector Galindo,Jamie Mirikitani,2020,,Patagones,Santiago Toccalino,Foul Received,Crossing,Attacking Half,55;92,Penalty 40 yards,,,,,,,,,,,,
Penalty 40 yards,1376366,15000,Chukka 2,,February 19. 2020,Julian Appleby,Kevin Fawcett,Live,Search Livestream,International Polo Club,C.V. Whitney Cup,Las Monjitas vs Patagones,Semi-Final,Hector Galindo,Jamie Mirikitani,2020,,Patagones,Tomas Garcia del Rio,,,,,,,,,,,,,,Penalty 40 yards,Goal,,
Goal Patagones (2),1359033,35000,Chukka 2,,February 19. 2020,Julian Appleby,Kevin Fawcett,Live,Search Livestream,International Polo Club,C.V. Whitney Cup,Las Monjitas vs Patagones,Semi-Final,Hector Galindo,Jamie Mirikitani,2020,,Patagones,Tomas Garcia del Rio,,,,,,,,,,Goal Patagones,,,,,,,
Foul (4),1410600,25000,Chukka 2,,February 19. 2020,Julian Appleby,Kevin Fawcett,Live,Search Livestream,International Polo Club,C.V. Whitney Cup,Las Monjitas vs Patagones,Semi-Final,Hector Galindo,Jamie Mirikitani,2020,,Las Monjitas,Francisco Elizalde,Foul,Quick Line Change,Attacking Half,28;145,Penalty 5,77;151,137;147,,,,,,,,,,
Penalty 5,1462566,30000,Chukka 2,Penalty 5,February 19. 2020,Julian Appleby,Kevin Fawcett,Live,Search Livestream,International Polo Club,C.V. Whitney Cup,Las Monjitas vs Patagones,Semi-Final,Hector Galindo,Jamie Mirikitani,2020,,Patagones,Tomas Garcia del Rio,,,,,,,,,,,,,,,,,
Shot At Goal (8),1484200,35000,Chukka 2,,February 19. 2020,Julian Appleby,Kevin Fawcett,Live,Search Livestream,International Polo Club,C.V. Whitney Cup,Las Monjitas vs Patagones,Semi-Final,Hector Galindo,Jamie Mirikitani,2020,,Las Monjitas,Francisco Elizalde,,,Attacking 30,99;33,,,,Shot At Goal,Miss Hit,,,,,,,,
Assist (5),1500066,25000,Chukka 2,,February 19. 2020,Julian Appleby,Kevin Fawcett,Live,Search Livestream,International Polo Club,C.V. Whitney Cup,Las Monjitas vs Patagones,Semi-Final,Hector Galindo,Jamie Mirikitani,2020,,Las Monjitas,David Stirling,,,,,,,,,,,,Unsuccessful,David Stirling,,,,
Shot At Goal (9),1529333,35000,Chukka 2,,February 19. 2020,Julian Appleby,Kevin Fawcett,Live,Search Livestream,International Polo Club,C.V. Whitney Cup,Las Monjitas vs Patagones,Semi-Final,Hector Galindo,Jamie Mirikitani,2020,,Las Monjitas,David Stirling,,,Attacking 30,76;8,,,,Shot At Goal,Goal,,,,,,,,
Goal Las Monjitas (4),1530066,35000,Chukka 2,,February 19. 2020,Julian Appleby,Kevin Fawcett,Live,Search Livestream,International Polo Club,C.V. Whitney Cup,Las Monjitas vs Patagones,Semi-Final,Hector Galindo,Jamie Mirikitani,2020,,Las Monjitas,David Stirling,,,,,,,,,,Goal Las Monjitas,,,,,,,
Assist (6),1539013,25000,Chukka 2,,February 19. 2020,Julian Appleby,Kevin Fawcett,Live,Search Livestream,International Polo Club,C.V. Whitney Cup,Las Monjitas vs Patagones,Semi-Final,Hector Galindo,Jamie Mirikitani,2020,,Las Monjitas,Francisco Elizalde,,,,,,,,,,,,Successful,Francisco Elizalde,,,,
Throw-in (7),1594933,20000,Chukka 2,Throw-in,February 19. 2020,Julian Appleby,Kevin Fawcett,Live,Search Livestream,International Polo Club,C.V. Whitney Cup,Las Monjitas vs Patagones,Semi-Final,Hector Galindo,Jamie Mirikitani,2020,Patagones win throw-in,Patagones,Geronimo Obregon,,,,,,,,,,,,,,,,,
Non Call (2),1613300,20000,Chukka 2,,February 19. 2020,Julian Appleby,Kevin Fawcett,Live,Search Livestream,International Polo Club,C.V. Whitney Cup,Las Monjitas vs Patagones,Semi-Final,Hector Galindo,Jamie Mirikitani,2020,,Team,,Non Call,Near Side,,,,,,,,,,,,,,,
Chukka Length (1),1065000,573466,Chukka 2,,February 19. 2020,Julian Appleby,Kevin Fawcett,Live,Search Livestream,International Polo Club,C.V. Whitney Cup,Las Monjitas vs Patagones,Semi-Final,Hector Galindo,Jamie Mirikitani,2020,,Team,,,,,,,,,,,,,,,,,,Chukka Length
Throw-in (8),1864666,20000,Chukka 3,Throw-in,February 19. 2020,Julian Appleby,Kevin Fawcett,Live,Search Livestream,International Polo Club,C.V. Whitney Cup,Las Monjitas vs Patagones,Semi-Final,Hector Galindo,Jamie Mirikitani,2020,Patagones win throw-in,Patagones,Tomas Garcia del Rio,,,,,,,,,,,,,,,,,
Shot At Goal (10),1890133,35000,Chukka 3,,February 19. 2020,Julian Appleby,Kevin Fawcett,Live,Search Livestream,International Polo Club,C.V. Whitney Cup,Las Monjitas vs Patagones,Semi-Final,Hector Galindo,Jamie Mirikitani,2020,,Las Monjitas,David Stirling,,,Attacking Half,121;94,,,,Shot At Goal,Wide,,,,,,,,
Knock In (4),1938133,40000,Chukka 3,Knock In,February 19. 2020,Julian Appleby,Kevin Fawcett,Live,Search Livestream,International Polo Club,C.V. Whitney Cup,Las Monjitas vs Patagones,Semi-Final,Hector Galindo,Jamie Mirikitani,2020,,Patagones,Tomas Garcia del Rio,,,,,,,,,,,,,,,,Santiago Toccalino,
Shot At Goal (11),1958100,35000,Chukka 3,,February 19. 2020,Julian Appleby,Kevin Fawcett,Live,Search Livestream,International Polo Club,C.V. Whitney Cup,Las Monjitas vs Patagones,Semi-Final,Hector Galindo,Jamie Mirikitani,2020,,Las Monjitas,Francisco Elizalde,,,Attacking 30,71;26,,,,Shot At Goal,Goal,,,,,,,,
Goal Las Monjitas (5),1960133,35000,Chukka 3,,February 19. 2020,Julian Appleby,Kevin Fawcett,Live,Search Livestream,International Polo Club,C.V. Whitney Cup,Las Monjitas vs Patagones,Semi-Final,Hector Galindo,Jamie Mirikitani,2020,,Las Monjitas,Francisco Elizalde,,,,,,,,,,Goal Las Monjitas,Goals,,,,,,
Throw-in (9),2018966,20000,Chukka 3,Throw-in,February 19. 2020,Julian Appleby,Kevin Fawcett,Live,Search Livestream,International Polo Club,C.V. Whitney Cup,Las Monjitas vs Patagones,Semi-Final,Hector Galindo,Jamie Mirikitani,2020,Las Monjitas win throw-in,Las Monjitas,Mackenzie Weisz,,,,,,,,,,,,,,,,,
Shot At Goal (12),2010466,35000,Chukka 3,,February 19. 2020,Julian Appleby,Kevin Fawcett,Live,Search Livestream,International Polo Club,C.V. Whitney Cup,Las Monjitas vs Patagones,Semi-Final,Hector Galindo,Jamie Mirikitani,2020,,Las Monjitas,Francisco Elizalde,,,Attacking 30,49;12,,,,Shot At Goal,Wide,,,,,,,,
Assist (7),2026466,25000,Chukka 3,,February 19. 2020,Julian Appleby,Kevin Fawcett,Live,Search Livestream,International Polo Club,C.V. Whitney Cup,Las Monjitas vs Patagones,Semi-Final,Hector Galindo,Jamie Mirikitani,2020,,Las Monjitas,Mackenzie Weisz,,,,,,,,,,,,Unsuccessful,Mackenzie Weisz,,,,
Knock In (5),2058500,40000,Chukka 3,Knock In,February 19. 2020,Julian Appleby,Kevin Fawcett,Live,Search Livestream,International Polo Club,C.V. Whitney Cup,Las Monjitas vs Patagones,Semi-Final,Hector Galindo,Jamie Mirikitani,2020,,Patagones,Tomas Garcia del Rio,,,,,,,,,,,,,,,,Santiago Toccalino,
Shot At Goal (13),2065066,35000,Chukka 3,,February 19. 2020,Julian Appleby,Kevin Fawcett,Live,Search Livestream,International Polo Club,C.V. Whitney Cup,Las Monjitas vs Patagones,Semi-Final,Hector Galindo,Jamie Mirikitani,2020,,Patagones,Geronimo Obregon,,,Attacking 30,74;15,,,,Shot At Goal,Goal,,,,,,,,
Goal Patagones (3),2065966,35000,Chukka 3,,February 19. 2020,Julian Appleby,Kevin Fawcett,Live,Search Livestream,International Polo Club,C.V. Whitney Cup,Las Monjitas vs Patagones,Semi-Final,Hector Galindo,Jamie Mirikitani,2020,,Patagones,Geronimo Obregon,,,,,,,,,,Goal Patagones,Goals,,,,,,
Assist (8),2080966,25000,Chukka 3,,February 19. 2020,Julian Appleby,Kevin Fawcett,Live,Search Livestream,International Polo Club,C.V. Whitney Cup,Las Monjitas vs Patagones,Semi-Final,Hector Galindo,Jamie Mirikitani,2020,,Patagones,Tomas Garcia del Rio,,,,,,,,,,,,Successful,Tomas Garcia del Rio,,,,
Throw-in (10),2125100,20000,Chukka 3,Throw-in,February 19. 2020,Julian Appleby,Kevin Fawcett,Live,Search Livestream,International Polo Club,C.V. Whitney Cup,Las Monjitas vs Patagones,Semi-Final,Hector Galindo,Jamie Mirikitani,2020,Patagones win throw-in,Patagones,Santiago Toccalino,,,,,,,,,,,,,,,,,
Foul (5),2132033,25000,Chukka 3,,February 19. 2020,Julian Appleby,Kevin Fawcett,Live,Search Livestream,International Polo Club,C.V. Whitney Cup,Las Monjitas vs Patagones,Semi-Final,Hector Galindo,Jamie Mirikitani,2020,,Patagones,Geronimo Obregon,Foul,Right of Way,Attacking 30,93;4,Penalty 5,9;26,26;26,,,,,,,,,,
Foul Received (4),2132033,25000,Chukka 3,,February 19. 2020,Julian Appleby,Kevin Fawcett,Live,Search Livestream,International Polo Club,C.V. Whitney Cup,Las Monjitas vs Patagones,Semi-Final,Hector Galindo,Jamie Mirikitani,2020,,Las Monjitas,David Stirling,Foul Received,Right of Way,Defending 30,56;293,Penalty 5,,,,,,,,,,,,
Penalty 5 (1),2166841,30000,Chukka 3,Penalty 5,February 19. 2020,Julian Appleby,Kevin Fawcett,Live,Search Livestream,International Polo Club,C.V. Whitney Cup,Las Monjitas vs Patagones,Semi-Final,Hector Galindo,Jamie Mirikitani,2020,,Las Monjitas,David Stirling,,,,,,,,,,,,,,,,,
Shot At Goal (14),2227433,35000,Chukka 3,,February 19. 2020,Julian Appleby,Kevin Fawcett,Live,Search Livestream,International Polo Club,C.V. Whitney Cup,Las Monjitas vs Patagones,Semi-Final,Hector Galindo,Jamie Mirikitani,2020,,Las Monjitas,David Stirling,,,Attacking 30,78;20,,,,Shot At Goal,Goal,,,,,,,,
Goal Las Monjitas (6),2228233,35000,Chukka 3,,February 19. 2020,Julian Appleby,Kevin Fawcett,Live,Search Livestream,International Polo Club,C.V. Whitney Cup,Las Monjitas vs Patagones,Semi-Final,Hector Galindo,Jamie Mirikitani,2020,,Las Monjitas,David Stirling,,,,,,,,,,Goal Las Monjitas,,,,,,,
Assist (9),2243233,25000,Chukka 3,,February 19. 2020,Julian Appleby,Kevin Fawcett,Live,Search Livestream,International Polo Club,C.V. Whitney Cup,Las Monjitas vs Patagones,Semi-Final,Hector Galindo,Jamie Mirikitani,2020,,Las Monjitas,Francisco Elizalde,,,,,,,,,,,,Successful,Francisco Elizalde,,,,
Throw-in (11),2400366,20000,Chukka 3,Throw-in,February 19. 2020,Julian Appleby,Kevin Fawcett,Live,Search Livestream,International Polo Club,C.V. Whitney Cup,Las Monjitas vs Patagones,Semi-Final,Hector Galindo,Jamie Mirikitani,2020,Las Monjitas win throw-in,Las Monjitas,Francisco Elizalde,,,,,,,,,,,,,,,,,
Shot At Goal (15),2437900,35000,Chukka 3,,February 19. 2020,Julian Appleby,Kevin Fawcett,Live,Search Livestream,International Polo Club,C.V. Whitney Cup,Las Monjitas vs Patagones,Semi-Final,Hector Galindo,Jamie Mirikitani,2020,,Las Monjitas,Francisco Elizalde,,,Attacking 60,82;45,,,,Shot At Goal,Wide,,,,,,,,
Chukka Length (2),1869533,420266,Chukka 3,,February 19. 2020,Julian Appleby,Kevin Fawcett,Live,Search Livestream,International Polo Club,C.V. Whitney Cup,Las Monjitas vs Patagones,Semi-Final,Hector Galindo,Jamie Mirikitani,2020,,Team,,,,,,,,,,,,,,,,,,Chukka Length
Injury Time,2289800,114366,Chukka 3,,February 19. 2020,Julian Appleby,Kevin Fawcett,Live,Search Livestream,International Polo Club,C.V. Whitney Cup,Las Monjitas vs Patagones,Semi-Final,Hector Galindo,Jamie Mirikitani,2020,,Team,,,,,,,,,,,,,,,,,,Injury Time
Chukka Length (3),2404166,78525,Chukka 3,,February 19. 2020,Julian Appleby,Kevin Fawcett,Live,Search Livestream,International Polo Club,C.V. Whitney Cup,Las Monjitas vs Patagones,Semi-Final,Hector Galindo,Jamie Mirikitani,2020,,Team,,,,,,,,,,,,,,,,,,Chukka Length
Knock In (6),3032900,40000,Chukka 4,Knock In,February 19. 2020,Julian Appleby,Kevin Fawcett,Live,Search Livestream,International Polo Club,C.V. Whitney Cup,Las Monjitas vs Patagones,Semi-Final,Hector Galindo,Jamie Mirikitani,2020,,Patagones,Tomas Garcia del Rio,,,,,,,,,,,,,,,,Santiago Toccalino,
Shot At Goal (16),3072333,35000,Chukka 4,,February 19. 2020,Julian Appleby,Kevin Fawcett,Live,Search Livestream,International Polo Club,C.V. Whitney Cup,Las Monjitas vs Patagones,Semi-Final,Hector Galindo,Jamie Mirikitani,2020,,Las Monjitas,Mackenzie Weisz,,,Attacking 60,126;66,,,,Shot At Goal,Wide,,,,,,,,
Knock In (7),3153100,40000,Chukka 4,Knock In,February 19. 2020,Julian Appleby,Kevin Fawcett,Live,Search Livestream,International Polo Club,C.V. Whitney Cup,Las Monjitas vs Patagones,Semi-Final,Hector Galindo,Jamie Mirikitani,2020,,Patagones,Tomas Garcia del Rio,,,,,,,,,,,,,,,,Santiago Toccalino,
Shot At Goal (17),3208500,35000,Chukka 4,,February 19. 2020,Julian Appleby,Kevin Fawcett,Live,Search Livestream,International Polo Club,C.V. Whitney Cup,Las Monjitas vs Patagones,Semi-Final,Hector Galindo,Jamie Mirikitani,2020,,Las Monjitas,Francisco Elizalde,,,Attacking 30,16;22,,,,Shot At Goal,Goal,,,,,,,,
Goal Las Monjitas (7),3213033,35000,Chukka 4,,February 19. 2020,Julian Appleby,Kevin Fawcett,Live,Search Livestream,International Polo Club,C.V. Whitney Cup,Las Monjitas vs Patagones,Semi-Final,Hector Galindo,Jamie Mirikitani,2020,,Las Monjitas,Francisco Elizalde,,,,,,,,,,Goal Las Monjitas,Goals,,,,,,
Assist (10),3228033,25000,Chukka 4,,February 19. 2020,Julian Appleby,Kevin Fawcett,Live,Search Livestream,International Polo Club,C.V. Whitney Cup,Las Monjitas vs Patagones,Semi-Final,Hector Galindo,Jamie Mirikitani,2020,,Las Monjitas,David Stirling,,,,,,,,,,,,Successful,David Stirling,,,,
Throw-in (12),3278866,20000,Chukka 4,Throw-in,February 19. 2020,Julian Appleby,Kevin Fawcett,Live,Search Livestream,International Polo Club,C.V. Whitney Cup,Las Monjitas vs Patagones,Semi-Final,Hector Galindo,Jamie Mirikitani,2020,Las Monjitas win throw-in,Las Monjitas,Mackenzie Weisz,,,,,,,,,,,,,,,,,
Non Call (3),3306366,20000,Chukka 4,,February 19. 2020,Julian Appleby,Kevin Fawcett,Live,Search Livestream,International Polo Club,C.V. Whitney Cup,Las Monjitas vs Patagones,Semi-Final,Hector Galindo,Jamie Mirikitani,2020,,Team,,Non Call,Riding Into Shot,,,,,,,,,,,,,,,
Shot At Goal (18),3305233,35000,Chukka 4,,February 19. 2020,Julian Appleby,Kevin Fawcett,Live,Search Livestream,International Polo Club,C.V. Whitney Cup,Las Monjitas vs Patagones,Semi-Final,Hector Galindo,Jamie Mirikitani,2020,,Las Monjitas,Francisco Elizalde,,,Attacking 60,91;61,,,,Shot At Goal,Wide,,,,,,,,
Assist (11),3320233,25000,Chukka 4,,February 19. 2020,Julian Appleby,Kevin Fawcett,Live,Search Livestream,International Polo Club,C.V. Whitney Cup,Las Monjitas vs Patagones,Semi-Final,Hector Galindo,Jamie Mirikitani,2020,,Las Monjitas,David Stirling,,,,,,,,,,,,Unsuccessful,David Stirling,,,,
Knock In (8),3352033,40000,Chukka 4,Knock In,February 19. 2020,Julian Appleby,Kevin Fawcett,Live,Search Livestream,International Polo Club,C.V. Whitney Cup,Las Monjitas vs Patagones,Semi-Final,Hector Galindo,Jamie Mirikitani,2020,,Patagones,Santiago Toccalino,,,,,,,,,,,,,,,,,
Foul (6),3436166,25000,Chukka 4,,February 19. 2020,Julian Appleby,Kevin Fawcett,Live,Search Livestream,International Polo Club,C.V. Whitney Cup,Las Monjitas vs Patagones,Semi-Final,Hector Galindo,Jamie Mirikitani,2020,,Las Monjitas,Mackenzie Weisz,Foul,Blocking,Attacking Half,87;111,Penalty 5B,23;71,135;134,,,,,,,,,,
Foul Received (5),3436166,25000,Chukka 4,,February 19. 2020,Julian Appleby,Kevin Fawcett,Live,Search Livestream,International Polo Club,C.V. Whitney Cup,Las Monjitas vs Patagones,Semi-Final,Hector Galindo,Jamie Mirikitani,2020,,Patagones,Geronimo Obregon,Foul Received,Blocking,Defending Half,43;174,Penalty 5B,,,,,,,,,,,,
Penalty 5b (1),3502066,30000,Chukka 4,Penalty 5b,February 19. 2020,Julian Appleby,Kevin Fawcett,Live,Search Livestream,International Polo Club,C.V. Whitney Cup,Las Monjitas vs Patagones,Semi-Final,Hector Galindo,Jamie Mirikitani,2020,,Patagones,Tomas Garcia del Rio,,,,,,,,,,,,,,,,,
Chukka Length (4),3035833,548066,Chukka 4,,February 19. 2020,Julian Appleby,Kevin Fawcett,Live,Search Livestream,International Polo Club,C.V. Whitney Cup,Las Monjitas vs Patagones,Semi-Final,Hector Galindo,Jamie Mirikitani,2020,,Team,,,,,,,,,,,,,,,,,,Chukka Length
Throw-in (13),3819400,20000,Chukka 5,Throw-in,February 19. 2020,Julian Appleby,Kevin Fawcett,Live,Search Livestream,International Polo Club,C.V. Whitney Cup,Las Monjitas vs Patagones,Semi-Final,Hector Galindo,Jamie Mirikitani,2020,Patagones win throw-in,Patagones,Tomas Garcia del Rio,,,,,,,,,,,,,,,,,
Shot At Goal (19),3833366,35000,Chukka 5,,February 19. 2020,Julian Appleby,Kevin Fawcett,Live,Search Livestream,International Polo Club,C.V. Whitney Cup,Las Monjitas vs Patagones,Semi-Final,Hector Galindo,Jamie Mirikitani,2020,,Patagones,Tomas Garcia del Rio,,,Attacking 30,66;11,,,,Shot At Goal,Goal,,,,,,,,
Goal Patagones (4),3834633,35000,Chukka 5,,February 19. 2020,Julian Appleby,Kevin Fawcett,Live,Search Livestream,International Polo Club,C.V. Whitney Cup,Las Monjitas vs Patagones,Semi-Final,Hector Galindo,Jamie Mirikitani,2020,,Patagones,Tomas Garcia del Rio,,,,,,,,,,Goal Patagones,,,,,,,
Throw-in (14),3893266,20000,Chukka 5,Throw-in,February 19. 2020,Julian Appleby,Kevin Fawcett,Live,Search Livestream,International Polo Club,C.V. Whitney Cup,Las Monjitas vs Patagones,Semi-Final,Hector Galindo,Jamie Mirikitani,2020,Las Monjitas win throw-in,Las Monjitas,Francisco Elizalde,,,,,,,,,,,,,,,,,
Shot At Goal (20),3899933,35000,Chukka 5,,February 19. 2020,Julian Appleby,Kevin Fawcett,Live,Search Livestream,International Polo Club,C.V. Whitney Cup,Las Monjitas vs Patagones,Semi-Final,Hector Galindo,Jamie Mirikitani,2020,,Patagones,Geronimo Obregon,,,Attacking 60,132;61,,,,Shot At Goal,Miss Hit,,,,,,,,
Assist (12),3917666,25000,Chukka 5,,February 19. 2020,Julian Appleby,Kevin Fawcett,Live,Search Livestream,International Polo Club,C.V. Whitney Cup,Las Monjitas vs Patagones,Semi-Final,Hector Galindo,Jamie Mirikitani,2020,,Patagones,Santiago Toccalino,,,,,,,,,,,,Unsuccessful,Santiago Toccalino,,,,
Foul (7),3929000,25000,Chukka 5,,February 19. 2020,Julian Appleby,Kevin Fawcett,Live,Search Livestream,International Polo Club,C.V. Whitney Cup,Las Monjitas vs Patagones,Semi-Final,Hector Galindo,Jamie Mirikitani,2020,,Patagones,Tomas Garcia del Rio,Foul,Riding Into Shot,Attacking 30,103;27,Penalty 5,26;43,121;107,,,,,,,,,,
Foul Received (6),3929000,25000,Chukka 5,,February 19. 2020,Julian Appleby,Kevin Fawcett,Live,Search Livestream,International Polo Club,C.V. Whitney Cup,Las Monjitas vs Patagones,Semi-Final,Hector Galindo,Jamie Mirikitani,2020,,Las Monjitas,David Stirling,Foul Received,Riding Into Shot,Defending 30,49;274,Penalty 5,,,,,,,,,,,,
Penalty 5 (2),3973766,30000,Chukka 5,Penalty 5,February 19. 2020,Julian Appleby,Kevin Fawcett,Live,Search Livestream,International Polo Club,C.V. Whitney Cup,Las Monjitas vs Patagones,Semi-Final,Hector Galindo,Jamie Mirikitani,2020,,Las Monjitas,David Stirling,,,,,,,,,,,,,,,,,
Shot At Goal (21),3991833,35000,Chukka 5,,February 19. 2020,Julian Appleby,Kevin Fawcett,Live,Search Livestream,International Polo Club,C.V. Whitney Cup,Las Monjitas vs Patagones,Semi-Final,Hector Galindo,Jamie Mirikitani,2020,,Patagones,Santiago Toccalino,,,Attacking Half,68;94,,,,Shot At Goal,Wide,,,,,,,,
Knock In (9),4037700,40000,Chukka 5,Knock In,February 19. 2020,Julian Appleby,Kevin Fawcett,Live,Search Livestream,International Polo Club,C.V. Whitney Cup,Las Monjitas vs Patagones,Semi-Final,Hector Galindo,Jamie Mirikitani,2020,,Las Monjitas,David Stirling,,,,,,,,,,,,,,,,,
Non Call (4),4048666,20000,Chukka 5,,February 19. 2020,Julian Appleby,Kevin Fawcett,Live,Search Livestream,International Polo Club,C.V. Whitney Cup,Las Monjitas vs Patagones,Semi-Final,Hector Galindo,Jamie Mirikitani,2020,,Team,,Non Call,Turning,,,,,,,,,,,,,,,
Shot At Goal (22),4107283,35000,Chukka 5,,February 19. 2020,Julian Appleby,Kevin Fawcett,Live,Search Livestream,International Polo Club,C.V. Whitney Cup,Las Monjitas vs Patagones,Semi-Final,Hector Galindo,Jamie Mirikitani,2020,,Las Monjitas,Mackenzie Weisz,,,Attacking 60,64;51,,,,Shot At Goal,Goal,,,,,,,,
Goal Las Monjitas (8),4108800,35000,Chukka 5,,February 19. 2020,Julian Appleby,Kevin Fawcett,Live,Search Livestream,International Polo Club,C.V. Whitney Cup,Las Monjitas vs Patagones,Semi-Final,Hector Galindo,Jamie Mirikitani,2020,,Las Monjitas,Mackenzie Weisz,,,,,,,,,,Goal Las Monjitas,,,,,,,
Injury Time (1),4168933,66533,Chukka 5,,February 19. 2020,Julian Appleby,Kevin Fawcett,Live,Search Livestream,International Polo Club,C.V. Whitney Cup,Las Monjitas vs Patagones,Semi-Final,Hector Galindo,Jamie Mirikitani,2020,,Team,,,,,,,,,,,,,,,,,,Injury Time
Throw-in (15),4230833,20000,Chukka 5,Throw-in,February 19. 2020,Julian Appleby,Kevin Fawcett,Live,Search Livestream,International Polo Club,C.V. Whitney Cup,Las Monjitas vs Patagones,Semi-Final,Hector Galindo,Jamie Mirikitani,2020,Patagones win throw-in,Patagones,Tomas Garcia del Rio,,,,,,,,,,,,,,,,,
Shot At Goal (23),4305795,35000,Chukka 5,,February 19. 2020,Julian Appleby,Kevin Fawcett,Live,Search Livestream,International Polo Club,C.V. Whitney Cup,Las Monjitas vs Patagones,Semi-Final,Hector Galindo,Jamie Mirikitani,2020,,Patagones,Tomas Garcia del Rio,,,Attacking 30,141;20,,,,Shot At Goal,Post,,,,,,,,
Shot At Goal (24),4310566,35000,Chukka 5,,February 19. 2020,Julian Appleby,Kevin Fawcett,Live,Search Livestream,International Polo Club,C.V. Whitney Cup,Las Monjitas vs Patagones,Semi-Final,Hector Galindo,Jamie Mirikitani,2020,,Patagones,Geronimo Obregon,,,Attacking 30,69;7,,,,Shot At Goal,Goal,,,,,,,,
Goal Patagones (5),4311233,35000,Chukka 5,,February 19. 2020,Julian Appleby,Kevin Fawcett,Live,Search Livestream,International Polo Club,C.V. Whitney Cup,Las Monjitas vs Patagones,Semi-Final,Hector Galindo,Jamie Mirikitani,2020,,Patagones,Geronimo Obregon,,,,,,,,,,Goal Patagones,,,,,,,
Chukka Length (5),3824033,345366,Chukka 5,,February 19. 2020,Julian Appleby,Kevin Fawcett,Live,Search Livestream,International Polo Club,C.V. Whitney Cup,Las Monjitas vs Patagones,Semi-Final,Hector Galindo,Jamie Mirikitani,2020,,Team,,,,,,,,,,,,,,,,,,Chukka Length
Chukka Length (6),4235733,139966,Chukka 5,,February 19. 2020,Julian Appleby,Kevin Fawcett,Live,Search Livestream,International Polo Club,C.V. Whitney Cup,Las Monjitas vs Patagones,Semi-Final,Hector Galindo,Jamie Mirikitani,2020,,Team,,,,,,,,,,,,,,,,,,Chukka Length
Throw-in (16),4575166,20000,Chukka 6,Throw-in,February 19. 2020,Julian Appleby,Kevin Fawcett,Live,Search Livestream,International Polo Club,C.V. Whitney Cup,Las Monjitas vs Patagones,Semi-Final,Hector Galindo,Jamie Mirikitani,2020,Patagones win throw-in,Patagones,Geronimo Obregon,,,,,,,,,,,,,,,,,
Foul (8),4586466,25000,Chukka 6,,February 19. 2020,Julian Appleby,Kevin Fawcett,Live,Search Livestream,International Polo Club,C.V. Whitney Cup,Las Monjitas vs Patagones,Semi-Final,Hector Galindo,Jamie Mirikitani,2020,,Las Monjitas,Mackenzie Weisz,Foul,Reaching,Defending Half,21;208,Penalty 40 yards,138;229,35;171,,,,,,,,,,
Foul Received (7),4586466,25000,Chukka 6,,February 19. 2020,Julian Appleby,Kevin Fawcett,Live,Search Livestream,International Polo Club,C.V. Whitney Cup,Las Monjitas vs Patagones,Semi-Final,Hector Galindo,Jamie Mirikitani,2020,,Patagones,Tomas Garcia del Rio,Foul Received,Reaching,Attacking Half,132;84,Penalty 40 yards,,,,,,,,,,,,
Penalty 40 yards (1),4648313,15000,Chukka 6,,February 19. 2020,Julian Appleby,Kevin Fawcett,Live,Search Livestream,International Polo Club,C.V. Whitney Cup,Las Monjitas vs Patagones,Semi-Final,Hector Galindo,Jamie Mirikitani,2020,,Patagones,Tomas Garcia del Rio,,,,,,,,,,,,,,Penalty 40 yards,Goal,,
Goal Patagones (6),4630300,35000,Chukka 6,,February 19. 2020,Julian Appleby,Kevin Fawcett,Live,Search Livestream,International Polo Club,C.V. Whitney Cup,Las Monjitas vs Patagones,Semi-Final,Hector Galindo,Jamie Mirikitani,2020,,Patagones,Tomas Garcia del Rio,,,,,,,,,,Goal Patagones,,,,,,,
Throw-in (17),4687700,20000,Chukka 6,Throw-in,February 19. 2020,Julian Appleby,Kevin Fawcett,Live,Search Livestream,International Polo Club,C.V. Whitney Cup,Las Monjitas vs Patagones,Semi-Final,Hector Galindo,Jamie Mirikitani,2020,Patagones win throw-in,Patagones,Santiago Toccalino,,,,,,,,,,,,,,,,,
Shot At Goal (25),4666600,35000,Chukka 6,,February 19. 2020,Julian Appleby,Kevin Fawcett,Live,Search Livestream,International Polo Club,C.V. Whitney Cup,Las Monjitas vs Patagones,Semi-Final,Hector Galindo,Jamie Mirikitani,2020,,Patagones,Santiago Toccalino,,,Attacking Half,77;131,,,,Shot At Goal,Short,,,,,,,,
Foul (9),4710200,25000,Chukka 6,,February 19. 2020,Julian Appleby,Kevin Fawcett,Live,Search Livestream,International Polo Club,C.V. Whitney Cup,Las Monjitas vs Patagones,Semi-Final,Hector Galindo,Jamie Mirikitani,2020,,Las Monjitas,David Stirling,Foul,Blocking,Defending Half,76;215,Penalty 60 yards,137;253,19;230,,,,,,,,,,
Foul Received (8),4710200,25000,Chukka 6,,February 19. 2020,Julian Appleby,Kevin Fawcett,Live,Search Livestream,International Polo Club,C.V. Whitney Cup,Las Monjitas vs Patagones,Semi-Final,Hector Galindo,Jamie Mirikitani,2020,,Patagones,Geronimo Obregon,Foul Received,Blocking,Attacking Half,72;93,Penalty 60 yards,137;256,21;229,,,,,,,,,,
Penalty 60 yards,4846942,15000,Chukka 6,,February 19. 2020,Julian Appleby,Kevin Fawcett,Live,Search Livestream,International Polo Club,C.V. Whitney Cup,Las Monjitas vs Patagones,Semi-Final,Hector Galindo,Jamie Mirikitani,2020,,Patagones,Tomas Garcia del Rio,,,,,,,,,,,,,,Penalty 60 yards,Wide,,
Knock In (10),4867166,40000,Chukka 6,Knock In,February 19. 2020,Julian Appleby,Kevin Fawcett,Live,Search Livestream,International Polo Club,C.V. Whitney Cup,Las Monjitas vs Patagones,Semi-Final,Hector Galindo,Jamie Mirikitani,2020,,Las Monjitas,David Stirling,,,,,,,,,,,,,,,,Francisco Elizalde,
Shot At Goal (26),4870833,35000,Chukka 6,,February 19. 2020,Julian Appleby,Kevin Fawcett,Live,Search Livestream,International Polo Club,C.V. Whitney Cup,Las Monjitas vs Patagones,Semi-Final,Hector Galindo,Jamie Mirikitani,2020,,Las Monjitas,David Stirling,,,Attacking 30,69;18,,,,Shot At Goal,Goal,,,,,,,,
Goal Las Monjitas (9),4871566,35000,Chukka 6,,February 19. 2020,Julian Appleby,Kevin Fawcett,Live,Search Livestream,International Polo Club,C.V. Whitney Cup,Las Monjitas vs Patagones,Semi-Final,Hector Galindo,Jamie Mirikitani,2020,,Las Monjitas,David Stirling,,,,,,,,,,Goal Las Monjitas,,,,,,,
Assist (13),4886566,25000,Chukka 6,,February 19. 2020,Julian Appleby,Kevin Fawcett,Live,Search Livestream,International Polo Club,C.V. Whitney Cup,Las Monjitas vs Patagones,Semi-Final,Hector Galindo,Jamie Mirikitani,2020,,Las Monjitas,Francisco Elizalde,,,,,,,,,,,,Successful,Francisco Elizalde,,,,
Throw-in (18),4932166,20000,Chukka 6,Throw-in,February 19. 2020,Julian Appleby,Kevin Fawcett,Live,Search Livestream,International Polo Club,C.V. Whitney Cup,Las Monjitas vs Patagones,Semi-Final,Hector Galindo,Jamie Mirikitani,2020,Patagones win throw-in,Patagones,Santiago Toccalino,,,,,,,,,,,,,,,,,
Shot At Goal (27),4959665,35000,Chukka 6,,February 19. 2020,Julian Appleby,Kevin Fawcett,Live,Search Livestream,International Polo Club,C.V. Whitney Cup,Las Monjitas vs Patagones,Semi-Final,Hector Galindo,Jamie Mirikitani,2020,,Patagones,Gonzalo Avendano,,,Attacking 60,92;75,,,,Shot At Goal,Wide,,,,,,,,
Assist (14),4975966,25000,Chukka 6,,February 19. 2020,Julian Appleby,Kevin Fawcett,Live,Search Livestream,International Polo Club,C.V. Whitney Cup,Las Monjitas vs Patagones,Semi-Final,Hector Galindo,Jamie Mirikitani,2020,,Patagones,Geronimo Obregon,,,,,,,,,,,,Unsuccessful,Geronimo Obregon,,,,
Knock In (11),5009200,40000,Chukka 6,Knock In,February 19. 2020,Julian Appleby,Kevin Fawcett,Live,Search Livestream,International Polo Club,C.V. Whitney Cup,Las Monjitas vs Patagones,Semi-Final,Hector Galindo,Jamie Mirikitani,2020,,Las Monjitas,Mackenzie Weisz,,,,,,,,,,,,,,,,David Stirling,
Shot At Goal (28),5017066,35000,Chukka 6,,February 19. 2020,Julian Appleby,Kevin Fawcett,Live,Search Livestream,International Polo Club,C.V. Whitney Cup,Las Monjitas vs Patagones,Semi-Final,Hector Galindo,Jamie Mirikitani,2020,,Team,,,,Attacking 30,92;9,,,,Shot At Goal,Miss Hit,,,,,,,,
Assist (15),5035733,25000,Chukka 6,,February 19. 2020,Julian Appleby,Kevin Fawcett,Live,Search Livestream,International Polo Club,C.V. Whitney Cup,Las Monjitas vs Patagones,Semi-Final,Hector Galindo,Jamie Mirikitani,2020,,Las Monjitas,Francisco Elizalde,,,,,,,,,,,,Unsuccessful,Francisco Elizalde,,,,
Non Call (5),5033733,20000,Chukka 6,,February 19. 2020,Julian Appleby,Kevin Fawcett,Live,Search Livestream,International Polo Club,C.V. Whitney Cup,Las Monjitas vs Patagones,Semi-Final,Hector Galindo,Jamie Mirikitani,2020,,Team,,Non Call,Crossing,,,,,,,,,,,,,,,
Shot At Goal (29),5052100,35000,Chukka 6,,February 19. 2020,Julian Appleby,Kevin Fawcett,Live,Search Livestream,International Polo Club,C.V. Whitney Cup,Las Monjitas vs Patagones,Semi-Final,Hector Galindo,Jamie Mirikitani,2020,,Patagones,Tomas Garcia del Rio,,,Attacking 30,79;17,,,,Shot At Goal,Goal,,,,,,,,
Goal Patagones (7),5052900,35000,Chukka 6,,February 19. 2020,Julian Appleby,Kevin Fawcett,Live,Search Livestream,International Polo Club,C.V. Whitney Cup,Las Monjitas vs Patagones,Semi-Final,Hector Galindo,Jamie Mirikitani,2020,,Patagones,Tomas Garcia del Rio,,,,,,,,,,Goal Patagones,,,,,,,
Assist (16),5067900,25000,Chukka 6,,February 19. 2020,Julian Appleby,Kevin Fawcett,Live,Search Livestream,International Polo Club,C.V. Whitney Cup,Las Monjitas vs Patagones,Semi-Final,Hector Galindo,Jamie Mirikitani,2020,,Patagones,Santiago Toccalino,,,,,,,,,,,,Successful,Santiago Toccalino,,,,
Throw-in (19),5109633,20000,Chukka 6,Throw-in,February 19. 2020,Julian Appleby,Kevin Fawcett,Live,Search Livestream,International Polo Club,C.V. Whitney Cup,Las Monjitas vs Patagones,Semi-Final,Hector Galindo,Jamie Mirikitani,2020,Patagones win throw-in,Patagones,Geronimo Obregon,,,,,,,,,,,,,,,,,
Shot At Goal (30),5103400,35000,Chukka 6,,February 19. 2020,Julian Appleby,Kevin Fawcett,Live,Search Livestream,International Polo Club,C.V. Whitney Cup,Las Monjitas vs Patagones,Semi-Final,Hector Galindo,Jamie Mirikitani,2020,,Patagones,Santiago Toccalino,,,Attacking Half,132;89,,,,Shot At Goal,Goal,,,,,,,,
Goal Patagones (8),5107133,35000,Chukka 6,,February 19. 2020,Julian Appleby,Kevin Fawcett,Live,Search Livestream,International Polo Club,C.V. Whitney Cup,Las Monjitas vs Patagones,Semi-Final,Hector Galindo,Jamie Mirikitani,2020,,Patagones,Santiago Toccalino,,,,,,,,,,Goal Patagones,Goals,,,,,,
Throw-in (20),5159100,20000,Chukka 6,Throw-in,February 19. 2020,Julian Appleby,Kevin Fawcett,Live,Search Livestream,International Polo Club,C.V. Whitney Cup,Las Monjitas vs Patagones,Semi-Final,Hector Galindo,Jamie Mirikitani,2020,Las Monjitas win throw-in,Las Monjitas,Francisco Elizalde,,,,,,,,,,,,,,,,,
Free Hit,5197366,20000,Chukka 6,Free Hit,February 19. 2020,Julian Appleby,Kevin Fawcett,Live,Search Livestream,International Polo Club,C.V. Whitney Cup,Las Monjitas vs Patagones,Semi-Final,Hector Galindo,Jamie Mirikitani,2020,,Las Monjitas,David Stirling,,,,,,,,,,,,,,,,,
Shot At Goal (31),5186133,35000,Chukka 6,,February 19. 2020,Julian Appleby,Kevin Fawcett,Live,Search Livestream,International Polo Club,C.V. Whitney Cup,Las Monjitas vs Patagones,Semi-Final,Hector Galindo,Jamie Mirikitani,2020,,Las Monjitas,Mackenzie Weisz,,,Attacking 30,69;27,,,,Shot At Goal,Miss Hit,,,,,,,,
Assist (17),5203800,25000,Chukka 6,,February 19. 2020,Julian Appleby,Kevin Fawcett,Live,Search Livestream,International Polo Club,C.V. Whitney Cup,Las Monjitas vs Patagones,Semi-Final,Hector Galindo,Jamie Mirikitani,2020,,Las Monjitas,David Stirling,,,,,,,,,,,,Unsuccessful,David Stirling,,,,
Chukka Length (7),4579766,648566,Chukka 6,,February 19. 2020,Julian Appleby,Kevin Fawcett,Live,Search Livestream,International Polo Club,C.V. Whitney Cup,Las Monjitas vs Patagones,Semi-Final,Hector Galindo,Jamie Mirikitani,2020,,Team,,,,,,,,,,,,,,,,,,Chukka Length
Game Length,295333,4933390,,,February 19. 2020,Julian Appleby,Kevin Fawcett,Live,Search Livestream,International Polo Club,C.V. Whitney Cup,Las Monjitas vs Patagones,Semi-Final,Hector Galindo,Jamie Mirikitani,2020,,Team,,,,,,,,,,,,,,,,,,Game Length