Name,Position,Duration,Camera Angle,Chukka,Club,Game,Goal,Instant Replay Official,Match Date,Player,Search Event,Stage,Team,Third Umpire,Tournament,Umpire 1,Umpire 2,Year,Penalties,Penalty Outcome,Foul,Foul Outcome,Foul Type,General Field Area,Location,Chukka Length,Set Play,Throw-in Outcome,Shot At Goal,Shot At Goal Outcome,Assist,Assist Outcome,Knock-in Player 2,Umpire Focal,Umpire Trailing,Penalty Block,Highlight Reel,Collision
Goal Las Monjitas (3),109633,35000,Live,Chukka 1,International Polo Club,Las Monjitas vs La Indiana,Goal Las Monjitas,Unknown,February 23. 2020,Mackenzie Weisz,Search Livestream,Final,Las Monjitas,Unknown,USPA Gold Cup,Unknown,Unknown,2020,,,,,,,,,,,,,,,,,,,,
Penalty 40 yards (1),129633,15000,Live,Chukka 1,International Polo Club,Las Monjitas vs La Indiana,,Unknown,February 23. 2020,Mackenzie Weisz,Search Livestream,Final,Las Monjitas,Unknown,USPA Gold Cup,Unknown,Unknown,2020,Penalty 40 yards,Goal,,,,,,,,,,,,,,,,,,
Foul (19),139633,25000,Live,Chukka 1,International Polo Club,Las Monjitas vs La Indiana,,Unknown,February 23. 2020,Unknown,Search Livestream,Final,La Indiana,Unknown,USPA Gold Cup,Unknown,Unknown,2020,,,Foul,Penalty 40 yards,Unknown,Attacking 60,37;63,,,,,,,,,,,,,
Foul Received (19),139633,25000,Live,Chukka 1,International Polo Club,Las Monjitas vs La Indiana,,Unknown,February 23. 2020,Unknown,Search Livestream,Final,Las Monjitas,Unknown,USPA Gold Cup,Unknown,Unknown,2020,,,Foul Received,Penalty 40 yards,Unknown,Defending 60,119;238,,,,,,,,,,,,,
Chukka Length (3),146233,481675,Live,Chukka 1,International Polo Club,,,,,,Search Livestream,,Team,,USPA Gold Cup,,,2020,,,,,,,,Chukka Length,,,,,,,,,,,,
Throw-in (9),148700,20000,Live,Chukka 1,International Polo Club,Las Monjitas vs La Indiana,,Unknown,February 23. 2020,Unknown,Search Live stream,Final,Las Monjitas,Unknown,C.V. Whitney Cup,Unknown,Unknown,2020,,,,,,,,,Throw-in,Las Monjitas win throw-in,,,,,,,,,,
Game Length (1),148700,6860783,Live,,International Polo Club,,,,,,Search Livestream,,Team,,USPA Gold Cup,,,2020,,,,,,,,Game Length,,,,,,,,,,,,
Throw-in,191000,20000,Live,Chukka 1,International Polo Club,Las Monjitas vs La Indiana,,Unknown,February 23. 2020,Polito Pieres,Search Live stream,Final,La Indiana,Unknown,C.V. Whitney Cup,Unknown,Unknown,2020,,,,,,,,,Throw-in,La Indiana win throw-in,,,,,,,,,,
Shot At Goal,202866,35000,Live,Chukka 1,International Polo Club,Las Monjitas vs La Indiana,,Unknown,February 23. 2020,Mackenzie Weisz,Search Live stream,Final,Las Monjitas,Unknown,C.V. Whitney Cup,Unknown,Unknown,2020,,,,,,Attacking 30,120;12,,,,Shot At Goal,Wide,,,,,,,,
Assist,221200,25000,Live,Chukka 1,International Polo Club,Las Monjitas vs La Indiana,,Unknown,February 23. 2020,Francisco Elizalde,Search Live stream,Final,Las Monjitas,Unknown,C.V. Whitney Cup,Unknown,Unknown,2020,,,,,,,,,,,,,Francisco Elizalde,Unsuccessful,,,,,,
Knock In,250600,40000,Live,Chukka 1,International Polo Club,Las Monjitas vs La Indiana,,Unknown,February 23. 2020,Polito Pieres,Search Live stream,Final,La Indiana,Unknown,C.V. Whitney Cup,Unknown,Unknown,2020,,,,,,,,,Knock In,,,,,,Jeff Hall,,,,,
Non Call,266933,20000,Live,Chukka 1,International Polo Club,Las Monjitas vs La Indiana,,Unknown,February 23. 2020,,Search Live stream,Final,Team,Unknown,C.V. Whitney Cup,Unknown,Unknown,2020,,,Non Call,,Dangerous Riding,,,,,,,,,,,,,,,
Knock In (1),353966,40000,Live,Chukka 1,International Polo Club,Las Monjitas vs La Indiana,,Unknown,February 23. 2020,David Stirling,Search Live stream,Final,Las Monjitas,Unknown,C.V. Whitney Cup,Unknown,Unknown,2020,,,,,,,,,Knock In,,,,,,,,,,,
Foul,372266,25000,Live,Chukka 1,International Polo Club,Las Monjitas vs La Indiana,,Unknown,February 23. 2020,Polito Pieres,Search Live stream,Final,La Indiana,Unknown,C.V. Whitney Cup,Unknown,Unknown,2020,,,Foul,Penalty 5B,Right of Way,Attacking 30,117;21,,,,,,,,,100;33,123;59,,,
Foul Received,372266,25000,Live,Chukka 1,International Polo Club,Las Monjitas vs La Indiana,,Unknown,February 23. 2020,Mackenzie Weisz,Search Live stream,Final,Las Monjitas,Unknown,C.V. Whitney Cup,Unknown,Unknown,2020,,,Foul Received,Penalty 5B,Right of Way,Defending 30,29;279,,,,,,,,,,,,,
Shot At Goal (1),428866,35000,Live,Chukka 1,International Polo Club,Las Monjitas vs La Indiana,,Unknown,February 23. 2020,Francisco Elizalde,Search Live stream,Final,Las Monjitas,Unknown,C.V. Whitney Cup,Unknown,Unknown,2020,,,,,,Attacking 30,46;25,,,,Shot At Goal,Wide,,,,,,,,
Penalty 5b,434564,30000,Live,Chukka 1,International Polo Club,Las Monjitas vs La Indiana,,Unknown,February 23. 2020,David Stirling,Search Live stream,Final,Las Monjitas,Unknown,C.V. Whitney Cup,Unknown,Unknown,2020,,,,,,,,,Penalty 5b,,,,,,,,,,,
Shot At Goal (2),471166,35000,Live,Chukka 1,International Polo Club,Las Monjitas vs La Indiana,,Unknown,February 23. 2020,Santiago Gomez Romero,Search Live stream,Final,La Indiana,Unknown,C.V. Whitney Cup,Unknown,Unknown,2020,,,,,,Attacking 30,98;31,,,,Shot At Goal,Wide,,,,,,,,
Knock In (2),476469,40000,Live,Chukka 1,International Polo Club,Las Monjitas vs La Indiana,,Unknown,February 23. 2020,Jeff Hall,Search Live stream,Final,La Indiana,Unknown,C.V. Whitney Cup,Unknown,Unknown,2020,,,,,,,,,Knock In,,,,,,Polito Pieres,,,,,
Assist (1),486366,25000,Live,Chukka 1,International Polo Club,Las Monjitas vs La Indiana,,Unknown,February 23. 2020,Polito Pieres,Search Live stream,Final,La Indiana,Unknown,C.V. Whitney Cup,Unknown,Unknown,2020,,,,,,,,,,,,,Polito Pieres,Unsuccessful,,,,,,
Shot At Goal (3),517166,35000,Live,Chukka 1,International Polo Club,Las Monjitas vs La Indiana,,Unknown,February 23. 2020,Mackenzie Weisz,Search Live stream,Final,Las Monjitas,Unknown,C.V. Whitney Cup,Unknown,Unknown,2020,,,,,,Attacking 30,72;34,,,,Shot At Goal,Miss Hit,,,,,,,,
Knock In (3),517250,40000,Live,Chukka 1,International Polo Club,Las Monjitas vs La Indiana,,Unknown,February 23. 2020,David Stirling,Search Live stream,Final,Las Monjitas,Unknown,C.V. Whitney Cup,Unknown,Unknown,2020,,,,,,,,,Knock In,,,,,,Francisco Elizalde,,,,,
Chukka Length (4),799600,590591,Live,Chukka 2,International Polo Club,,,,,,Search Livestream,,Team,,USPA Gold Cup,,,2020,,,,,,,,Chukka Length,,,,,,,,,,,,
Throw-in (1),799600,20000,Live,Chukka 2,International Polo Club,Las Monjitas vs La Indiana,,Unknown,February 23. 2020,Jeff Hall,Search Live stream,Final,La Indiana,Unknown,C.V. Whitney Cup,Unknown,Unknown,2020,,,,,,,,,Throw-in,La Indiana win throw-in,,,,,,,,,,
Foul (1),836833,25000,Live,Chukka 2,International Polo Club,Las Monjitas vs La Indiana,,Unknown,February 23. 2020,David Stirling,Search Live stream,Final,Las Monjitas,Unknown,C.V. Whitney Cup,Unknown,Unknown,2020,,,Foul,Penalty 5,Dangerous Riding,Defending Half,99;202,,,,,,,,,26;208,60;181,,,
Foul Received (1),836833,25000,Live,Chukka 2,International Polo Club,Las Monjitas vs La Indiana,,Unknown,February 23. 2020,Polito Pieres,Search Live stream,Final,La Indiana,Unknown,C.V. Whitney Cup,Unknown,Unknown,2020,,,Foul Received,Penalty 5,Dangerous Riding,Attacking Half,52;97,,,,,,,,,,,,,
Shot At Goal (4),943366,35000,Live,Chukka 2,International Polo Club,Las Monjitas vs La Indiana,,Unknown,February 23. 2020,Polito Pieres,Search Live stream,Final,La Indiana,Unknown,C.V. Whitney Cup,Unknown,Unknown,2020,,,,,,Attacking Half,71;94,,,,Shot At Goal,Wide,,,,,,,,
Penalty 5,965806,30000,Live,Chukka 2,International Polo Club,Las Monjitas vs La Indiana,,Unknown,February 23. 2020,Polito Pieres,Search Live stream,Final,La Indiana,Unknown,C.V. Whitney Cup,Unknown,Unknown,2020,,,,,,,,,Penalty 5,,,,,,,,,,,
Knock In (4),987366,40000,Live,Chukka 2,International Polo Club,Las Monjitas vs La Indiana,,Unknown,February 23. 2020,David Stirling,Search Live stream,Final,Las Monjitas,Unknown,C.V. Whitney Cup,Unknown,Unknown,2020,,,,,,,,,Knock In,,,,,,Francisco Elizalde,,,,,
Shot At Goal (5),996633,35000,Live,Chukka 2,International Polo Club,Las Monjitas vs La Indiana,,Unknown,February 23. 2020,Francisco Elizalde,Search Live stream,Final,Las Monjitas,Unknown,C.V. Whitney Cup,Unknown,Unknown,2020,,,,,,Attacking 30,84;33,,,,Shot At Goal,Goal,,,,,,,,
Goal Las Monjitas,997333,35000,Live,Chukka 2,International Polo Club,Las Monjitas vs La Indiana,Goal Las Monjitas,Unknown,February 23. 2020,Francisco Elizalde,Search Live stream,Final,Las Monjitas,Unknown,C.V. Whitney Cup,Unknown,Unknown,2020,,,,,,Attacking 30,76;6,,,,,,,,,,,,,
Non Call (1),1010133,20000,Live,Chukka 2,International Polo Club,Las Monjitas vs La Indiana,,Unknown,February 23. 2020,,Search Live stream,Final,Team,Unknown,C.V. Whitney Cup,Unknown,Unknown,2020,,,Non Call,,Dangerous Riding,,,,,,,,,,,,,,,
Assist (2),1014166,25000,Live,Chukka 2,International Polo Club,Las Monjitas vs La Indiana,,Unknown,February 23. 2020,Mackenzie Weisz,Search Live stream,Final,Las Monjitas,Unknown,C.V. Whitney Cup,Unknown,Unknown,2020,,,,,,,,,,,,,Mackenzie Weisz,Successful,,,,,,
Throw-in (2),1075766,20000,Live,Chukka 2,International Polo Club,Las Monjitas vs La Indiana,,Unknown,February 23. 2020,David Stirling,Search Live stream,Final,Las Monjitas,Unknown,C.V. Whitney Cup,Unknown,Unknown,2020,,,,,,,,,Throw-in,Las Monjitas win throw-in,,,,,,,,,,
Shot At Goal (6),1076866,35000,Live,Chukka 2,International Polo Club,Las Monjitas vs La Indiana,,Unknown,February 23. 2020,Francisco Elizalde,Search Live stream,Final,Las Monjitas,Unknown,C.V. Whitney Cup,Unknown,Unknown,2020,,,,,,Attacking 60,137;51,,,,Shot At Goal,Blocked,,,,,,,,
Shot Block,1106433,10000,Live,Chukka 2,International Polo Club,Las Monjitas vs La Indiana,,Unknown,February 23. 2020,Michael Bickford,Search Live stream,Final,La Indiana,Unknown,C.V. Whitney Cup,Unknown,Unknown,2020,,,,,,,,,,,,,,,,,,Shot Block,,
Shot At Goal (7),1125733,35000,Live,Chukka 2,International Polo Club,Las Monjitas vs La Indiana,,Unknown,February 23. 2020,Mackenzie Weisz,Search Live stream,Final,Las Monjitas,Unknown,C.V. Whitney Cup,Unknown,Unknown,2020,,,,,,Attacking 30,75;18,,,,Shot At Goal,Wide,,,,,,,,
Assist (3),1144933,25000,Live,Chukka 2,International Polo Club,Las Monjitas vs La Indiana,,Unknown,February 23. 2020,Francisco Elizalde,Search Live stream,Final,Las Monjitas,Unknown,C.V. Whitney Cup,Unknown,Unknown,2020,,,,,,,,,,,,,Francisco Elizalde,Unsuccessful,,,,,,
Knock In (5),1170676,40000,Live,Chukka 2,International Polo Club,Las Monjitas vs La Indiana,,Unknown,February 23. 2020,Santiago Gomez Romero,Search Live stream,Final,La Indiana,Unknown,C.V. Whitney Cup,Unknown,Unknown,2020,,,,,,,,,Knock In,,,,,,Polito Pieres,,,,,
Shot At Goal (8),1215766,35000,Live,Chukka 2,International Polo Club,Las Monjitas vs La Indiana,,Unknown,February 23. 2020,Polito Pieres,Search Live stream,Final,La Indiana,Unknown,C.V. Whitney Cup,Unknown,Unknown,2020,,,,,,Attacking Half,59;89,,,,Shot At Goal,Goal,,,,,,,,
Goal La Indiana,1220466,35000,Live,Chukka 2,International Polo Club,Las Monjitas vs La Indiana,Goal La Indiana,Unknown,February 23. 2020,Polito Pieres,Search Live stream,Final,La Indiana,Unknown,C.V. Whitney Cup,Unknown,Unknown,2020,,,,,,Attacking 30,73;6,,,,,,,,,,,,,
Shot At Goal (9),1261400,35000,Live,Chukka 2,International Polo Club,Las Monjitas vs La Indiana,,Unknown,February 23. 2020,Polito Pieres,Search Live stream,Final,La Indiana,Unknown,C.V. Whitney Cup,Unknown,Unknown,2020,,,,,,Attacking 60,108;75,,,,Shot At Goal,Wide,,,,,,,,
Throw-in (3),1277150,20000,Live,Chukka 2,International Polo Club,Las Monjitas vs La Indiana,,Unknown,February 23. 2020,Polito Pieres,Search Live stream,Final,La Indiana,Unknown,C.V. Whitney Cup,Unknown,Unknown,2020,,,,,,,,,Throw-in,La Indiana win throw-in,,,,,,,,,,
Shot At Goal (10),1292533,35000,Live,Chukka 2,International Polo Club,Las Monjitas vs La Indiana,,Unknown,February 23. 2020,Polito Pieres,Search Live stream,Final,La Indiana,Unknown,C.V. Whitney Cup,Unknown,Unknown,2020,,,,,,Attacking Half,57;84,,,,Shot At Goal,Wide,,,,,,,,
Knock In (6),1305566,40000,Live,Chukka 2,International Polo Club,Las Monjitas vs La Indiana,,Unknown,February 23. 2020,David Stirling,Search Live stream,Final,Las Monjitas,Unknown,C.V. Whitney Cup,Unknown,Unknown,2020,,,,,,,,,Knock In,,,,,,,,,,,
Shot At Goal (11),1331366,35000,Live,Chukka 2,International Polo Club,Las Monjitas vs La Indiana,,Unknown,February 23. 2020,Jeff Hall,Search Live stream,Final,La Indiana,Unknown,C.V. Whitney Cup,Unknown,Unknown,2020,,,,,,Attacking Half,97;80,,,,Shot At Goal,Goal,,,,,,,,
Goal La Indiana (1),1335033,35000,Live,Chukka 2,International Polo Club,Las Monjitas vs La Indiana,Goal La Indiana,Unknown,February 23. 2020,Jeff Hall,Search Live stream,Final,La Indiana,Unknown,C.V. Whitney Cup,Unknown,Unknown,2020,,,,,,Attacking 30,73;4,,,,,,,,,,,,,
Knock In (7),1337400,40000,Live,Chukka 2,International Polo Club,Las Monjitas vs La Indiana,,Unknown,February 23. 2020,David Stirling,Search Live stream,Final,Las Monjitas,Unknown,C.V. Whitney Cup,Unknown,Unknown,2020,,,,,,,,,Knock In,,,,,,,,,,,
Shot At Goal (12),1592033,35000,Live,Chukka 3,International Polo Club,Las Monjitas vs La Indiana,,Unknown,February 23. 2020,Mackenzie Weisz,Search Live stream,Final,Las Monjitas,Unknown,C.V. Whitney Cup,Unknown,Unknown,2020,,,,,,Attacking 30,82;20,,,,Shot At Goal,Goal,,,,,,,,
Goal Las Monjitas (1),1594033,35000,Live,Chukka 3,International Polo Club,Las Monjitas vs La Indiana,Goal Las Monjitas,Unknown,February 23. 2020,Mackenzie Weisz,Search Live stream,Final,Las Monjitas,Unknown,C.V. Whitney Cup,Unknown,Unknown,2020,,,,,,Attacking 30,73;4,,,,,,,,,,,,Goals,
Chukka Length (5),1604397,958486,Live,Chukka 3,International Polo Club,,,,,,Search Livestream,,Team,,USPA Gold Cup,,,2020,,,,,,,,Chukka Length,,,,,,,,,,,,
Throw-in (4),1604833,20000,Live,Chukka 3,International Polo Club,Las Monjitas vs La Indiana,,Unknown,February 23. 2020,Mackenzie Weisz,Search Live stream,Final,Las Monjitas,Unknown,C.V. Whitney Cup,Unknown,Unknown,2020,,,,,,,,,Throw-in,Las Monjitas win throw-in,,,,,,,,,,
Foul (2),1649300,25000,Live,Chukka 3,International Polo Club,Las Monjitas vs La Indiana,,Unknown,February 23. 2020,David Stirling,Search Live stream,Final,Las Monjitas,Unknown,C.V. Whitney Cup,Unknown,Unknown,2020,,,Foul,Penalty 60 yards,Right of Way,Defending Half,50;170,,,,,,,,,21;116,45;168,,,
Foul Received (2),1649300,25000,Live,Chukka 3,International Polo Club,Las Monjitas vs La Indiana,,Unknown,February 23. 2020,Michael Bickford,Search Live stream,Final,La Indiana,Unknown,C.V. Whitney Cup,Unknown,Unknown,2020,,,Foul Received,Penalty 60 yards,Right of Way,Attacking Half,107;134,,,,,,,,,,,,,
Throw-in (5),1650234,20000,Live,Chukka 3,International Polo Club,Las Monjitas vs La Indiana,,Unknown,February 23. 2020,Polito Pieres,Search Live stream,Final,La Indiana,Unknown,C.V. Whitney Cup,Unknown,Unknown,2020,,,,,,,,,Throw-in,La Indiana win throw-in,,,,,,,,,,
Goal La Indiana (2),1736933,35000,Live,Chukka 3,International Polo Club,Las Monjitas vs La Indiana,Goal La Indiana,Unknown,February 23. 2020,Polito Pieres,Search Live stream,Final,La Indiana,Unknown,C.V. Whitney Cup,Unknown,Unknown,2020,,,,,,,,,,,,,,,,,,,,
Penalty 60 yards,1753300,15000,Live,Chukka 3,International Polo Club,Las Monjitas vs La Indiana,,Unknown,February 23. 2020,Polito Pieres,Search Live stream,Final,La Indiana,Unknown,C.V. Whitney Cup,Unknown,Unknown,2020,Penalty 60 yards,Goal,,,,,,,,,,,,,,,,,,
Foul (3),1786566,25000,Live,Chukka 3,International Polo Club,Las Monjitas vs La Indiana,,Unknown,February 23. 2020,David Stirling,Search Live stream,Final,Las Monjitas,Unknown,C.V. Whitney Cup,Unknown,Unknown,2020,,,Foul,Penalty 60 yards,Dangerous Riding,Defending Half,28;161,,,,,,,,,31;117,48;171,,,
Foul Received (3),1786566,25000,Live,Chukka 3,International Polo Club,Las Monjitas vs La Indiana,,Unknown,February 23. 2020,Polito Pieres,Search Live stream,Final,La Indiana,Unknown,C.V. Whitney Cup,Unknown,Unknown,2020,,,Foul Received,Penalty 60 yards,Dangerous Riding,Attacking Half,126;139,,,,,,,,,,,,,
Throw-in (6),1789833,20000,Live,Chukka 3,International Polo Club,Las Monjitas vs La Indiana,,Unknown,February 23. 2020,David Stirling,Search Live stream,Final,Las Monjitas,Unknown,C.V. Whitney Cup,Unknown,Unknown,2020,,,,,,,,,Throw-in,La Indiana win throw-in,,,,,,,,,,
Goal La Indiana (3),1850100,35000,Live,Chukka 3,International Polo Club,Las Monjitas vs La Indiana,Goal La Indiana,Unknown,February 23. 2020,Polito Pieres,Search Live stream,Final,La Indiana,Unknown,C.V. Whitney Cup,Unknown,Unknown,2020,,,,,,,,,,,,,,,,,,,,
Penalty 60 yards (1),1867666,15000,Live,Chukka 3,International Polo Club,Las Monjitas vs La Indiana,,Unknown,February 23. 2020,Polito Pieres,Search Live stream,Final,La Indiana,Unknown,C.V. Whitney Cup,Unknown,Unknown,2020,Penalty 60 yards,Goal,,,,,,,,,,,,,,,,,,
Throw-in (7),1910166,20000,Live,Chukka 3,International Polo Club,Las Monjitas vs La Indiana,,Unknown,February 23. 2020,Jeff Hall,Search Live stream,Final,La Indiana,Unknown,C.V. Whitney Cup,Unknown,Unknown,2020,,,,,,,,,Throw-in,La Indiana win throw-in,,,,,,,,,,
Shot At Goal (13),1951333,35000,Live,Chukka 3,International Polo Club,Las Monjitas vs La Indiana,,Unknown,February 23. 2020,Jeff Hall,Search Live stream,Final,La Indiana,Unknown,C.V. Whitney Cup,Unknown,Unknown,2020,,,,,,Attacking 60,121;62,,,,Shot At Goal,Short,,,,,,,,
Non Call (2),1974318,20000,Live,Chukka 3,International Polo Club,Las Monjitas vs La Indiana,,Unknown,February 23. 2020,,Search Live stream,Final,Team,Unknown,C.V. Whitney Cup,Unknown,Unknown,2020,,,Non Call,,Shading,,,,,,,,,,,,,,,
Shot At Goal (14),1990500,35000,Live,Chukka 3,International Polo Club,Las Monjitas vs La Indiana,,Unknown,February 23. 2020,Mackenzie Weisz,Search Live stream,Final,Las Monjitas,Unknown,C.V. Whitney Cup,Unknown,Unknown,2020,,,,,,Attacking 60,73;61,,,,Shot At Goal,Short,,,,,,,,
Foul (4),2027833,25000,Live,Chukka 3,International Polo Club,Las Monjitas vs La Indiana,,Unknown,February 23. 2020,David Stirling,Search Live stream,Final,Las Monjitas,Unknown,C.V. Whitney Cup,Unknown,Unknown,2020,,,Foul,Penalty 60 yards,Right of Way,Attacking Half,80;107,,,,,,,,,127;104,98;39,,,
Foul Received (4),2027833,25000,Live,Chukka 3,International Polo Club,Las Monjitas vs La Indiana,,Unknown,February 23. 2020,Santiago Gomez Romero,Search Live stream,Final,La Indiana,Unknown,C.V. Whitney Cup,Unknown,Unknown,2020,,,Foul Received,Penalty 60 yards,Right of Way,Defending Half,61;181,,,,,,,,,,,,,
Penalty 60 yards (2),2105850,15000,Live,Chukka 3,International Polo Club,Las Monjitas vs La Indiana,,Unknown,February 23. 2020,Polito Pieres,Search Live stream,Final,La Indiana,Unknown,C.V. Whitney Cup,Unknown,Unknown,2020,Penalty 60 yards,Wide,,,,,,,,,,,,,,,,,,
Knock In (8),2146009,40000,Live,Chukka 3,International Polo Club,Las Monjitas vs La Indiana,,Unknown,February 23. 2020,David Stirling,Search Live stream,Final,Las Monjitas,Unknown,C.V. Whitney Cup,Unknown,Unknown,2020,,,,,,,,,Knock In,,,,,,Francisco Elizalde,,,,,
Shot At Goal (15),2148200,35000,Live,Chukka 3,International Polo Club,Las Monjitas vs La Indiana,,Unknown,February 23. 2020,Francisco Elizalde,Search Live stream,Final,Las Monjitas,Unknown,C.V. Whitney Cup,Unknown,Unknown,2020,,,,,,Attacking 60,99;52,,,,Shot At Goal,Short,,,,,,,,
Goal Las Monjitas (2),2226200,35000,Live,Chukka 3,International Polo Club,Las Monjitas vs La Indiana,Goal Las Monjitas,Unknown,February 23. 2020,Francisco Elizalde,Search Live stream,Final,Las Monjitas,Unknown,C.V. Whitney Cup,Unknown,Unknown,2020,,,,,,,,,,,,,,,,,,,,
Safety 60,2242592,15000,Live,Chukka 3,International Polo Club,Las Monjitas vs La Indiana,,Unknown,February 23. 2020,Francisco Elizalde,Search Live stream,Final,Las Monjitas,Unknown,C.V. Whitney Cup,Unknown,Unknown,2020,Safety 60,Goal,,,,,,,,,,,,,,,,,,
Shot At Goal (16),2265166,35000,Live,Chukka 3,International Polo Club,Las Monjitas vs La Indiana,,Unknown,February 23. 2020,Francisco Elizalde,Search Live stream,Final,Las Monjitas,Unknown,C.V. Whitney Cup,Unknown,Unknown,2020,,,,,,Attacking 60,84;54,,,,Shot At Goal,Wide,,,,,,,,
Throw-in (8),2274902,20000,Live,Chukka 3,International Polo Club,Las Monjitas vs La Indiana,,Unknown,February 23. 2020,David Stirling,Search Live stream,Final,Las Monjitas,Unknown,C.V. Whitney Cup,Unknown,Unknown,2020,,,,,,,,,Throw-in,Las Monjitas win throw-in,,,,,,,,,,
Assist (4),2284400,25000,Live,Chukka 3,International Polo Club,Las Monjitas vs La Indiana,,Unknown,February 23. 2020,David Stirling,Search Live stream,Final,Las Monjitas,Unknown,C.V. Whitney Cup,Unknown,Unknown,2020,,,,,,,,,,,,,David Stirling,Unsuccessful,,,,,,
Knock In (9),2382566,40000,Live,Chukka 3,International Polo Club,Las Monjitas vs La Indiana,,Unknown,February 23. 2020,Jeff Hall,Search Live stream,Final,La Indiana,Unknown,C.V. Whitney Cup,Unknown,Unknown,2020,,,,,,,,,Knock In,,,,,,Michael Bickford,,,,,
Foul (5),2406133,25000,Live,Chukka 3,International Polo Club,Las Monjitas vs La Indiana,,Unknown,February 23. 2020,David Stirling,Search Live stream,Final,Las Monjitas,Unknown,C.V. Whitney Cup,Unknown,Unknown,2020,,,Foul,Penalty 5,Dangerous Riding,Attacking Half,10;131,,,,,,,,,4;176,45;122,,,
Foul Received (5),2406133,25000,Live,Chukka 3,International Polo Club,Las Monjitas vs La Indiana,,Unknown,February 23. 2020,Polito Pieres,Search Live stream,Final,La Indiana,Unknown,C.V. Whitney Cup,Unknown,Unknown,2020,,,Foul Received,Penalty 5,Dangerous Riding,Defending Half,141;163,,,,,,,,,,,,,
Penalty 5 (1),2482224,30000,Live,Chukka 3,International Polo Club,Las Monjitas vs La Indiana,,Unknown,February 23. 2020,Jeff Hall,Search Live stream,Final,La Indiana,Unknown,C.V. Whitney Cup,Unknown,Unknown,2020,,,,,,,,,Penalty 5,,,,,,,,,,,
Foul (6),2534633,25000,Live,Chukka 3,International Polo Club,Las Monjitas vs La Indiana,,Unknown,February 23. 2020,Camilo Bautista,Search Live stream,Final,Las Monjitas,Unknown,C.V. Whitney Cup,Unknown,Unknown,2020,,,Foul,Penalty 5,Blocking,Attacking 60,113;47,,,,,,,,,87;57,132;108,,,
Foul Received (6),2534633,25000,Live,Chukka 3,International Polo Club,Las Monjitas vs La Indiana,,Unknown,February 23. 2020,Santiago Gomez Romero,Search Live stream,Final,La Indiana,Unknown,C.V. Whitney Cup,Unknown,Unknown,2020,,,Foul Received,Penalty 5,Blocking,Defending 60,30;251,,,,,,,,,,,,,
Penalty 5 (2),3571433,30000,Live,Chukka 4,International Polo Club,Las Monjitas vs La Indiana,,Unknown,February 23. 2020,Jeff Hall,Search Live stream,Final,La Indiana,Unknown,C.V. Whitney Cup,Unknown,Unknown,2020,,,,,,,,,Penalty 5,,,,,,,,,,,
Chukka Length (6),3572916,545216,Live,Chukka 4,International Polo Club,,,,,,Search Livestream,,Team,,USPA Gold Cup,,,2020,,,,,,,,Chukka Length,,,,,,,,,,,,
Shot At Goal (18),3609430,35000,Live,Chukka 4,International Polo Club,Las Monjitas vs La Indiana,,Unknown,February 23. 2020,Francisco Elizalde,Search Live stream,Final,Las Monjitas,Unknown,C.V. Whitney Cup,Unknown,Unknown,2020,,,,,,Attacking 30,80;25,,,,Shot At Goal,Goal,,,,,,,,
Goal Las Monjitas (4),3611500,35000,Live,Chukka 4,International Polo Club,Las Monjitas vs La Indiana,Goal Las Monjitas,Unknown,February 23. 2020,Francisco Elizalde,Search Live stream,Final,Las Monjitas,Unknown,C.V. Whitney Cup,Unknown,Unknown,2020,,,,,,Attacking 30,72;6,,,,,,,,,,,,,
Non Call (3),3612766,20000,Live,Chukka 4,International Polo Club,Las Monjitas vs La Indiana,,Unknown,February 23. 2020,,Search Live stream,Final,Team,Unknown,C.V. Whitney Cup,Unknown,Unknown,2020,,,Non Call,,Crossing,,,,,,,,,,,,,,,
Assist (5),3617439,25000,Live,Chukka 4,International Polo Club,Las Monjitas vs La Indiana,,Unknown,February 23. 2020,David Stirling,Search Live stream,Final,Las Monjitas,Unknown,C.V. Whitney Cup,Unknown,Unknown,2020,,,,,,,,,,,,,David Stirling,Successful,,,,,,
Shot At Goal (19),3664466,35000,Live,Chukka 4,International Polo Club,Las Monjitas vs La Indiana,,Unknown,February 23. 2020,Jeff Hall,Search Live stream,Final,La Indiana,Unknown,C.V. Whitney Cup,Unknown,Unknown,2020,,,,,,Attacking 30,68;35,,,,Shot At Goal,Miss Hit,,,,,,,,
Shot At Goal (20),3667433,35000,Live,Chukka 4,International Polo Club,Las Monjitas vs La Indiana,,Unknown,February 23. 2020,Jeff Hall,Search Live stream,Final,La Indiana,Unknown,C.V. Whitney Cup,Unknown,Unknown,2020,,,,,,Attacking 30,53;9,,,,Shot At Goal,Wide,,,,,,,,
Throw-in (10),3667533,20000,Live,Chukka 4,International Polo Club,Las Monjitas vs La Indiana,,Unknown,February 23. 2020,Francisco Elizalde,Search Live stream,Final,Las Monjitas,Unknown,C.V. Whitney Cup,Unknown,Unknown,2020,,,,,,,,,Throw-in,La Indiana win throw-in,,,,,,,,,,
Knock In (10),3706600,40000,Live,Chukka 4,International Polo Club,Las Monjitas vs La Indiana,,Unknown,February 23. 2020,David Stirling,Search Live stream,Final,Las Monjitas,Unknown,C.V. Whitney Cup,Unknown,Unknown,2020,,,,,,,,,Knock In,,,,,,Francisco Elizalde,,,,,
Shot At Goal (21),3728800,35000,Live,Chukka 4,International Polo Club,Las Monjitas vs La Indiana,,Unknown,February 23. 2020,Mackenzie Weisz,Search Live stream,Final,Las Monjitas,Unknown,C.V. Whitney Cup,Unknown,Unknown,2020,,,,,,Attacking 30,121;35,,,,Shot At Goal,Miss Hit,,,,,,,,
Foul (7),3777066,25000,Live,Chukka 4,International Polo Club,Las Monjitas vs La Indiana,,Unknown,February 23. 2020,Polito Pieres,Search Live stream,Final,La Indiana,Unknown,C.V. Whitney Cup,Unknown,Unknown,2020,,,Foul,Penalty 5,Blocking,Defending Half,5;209,,,,,,,,,3;189,73;233,,,
Foul Received (7),3777066,25000,Live,Chukka 4,International Polo Club,Las Monjitas vs La Indiana,,Unknown,February 23. 2020,David Stirling,Search Live stream,Final,Las Monjitas,Unknown,C.V. Whitney Cup,Unknown,Unknown,2020,,,Foul Received,Penalty 5,Blocking,Attacking Half,146;90,,,,,,,,,,,,,
Shot At Goal (22),3801900,35000,Live,Chukka 4,International Polo Club,Las Monjitas vs La Indiana,,Unknown,February 23. 2020,Camilo Bautista,Search Live stream,Final,Las Monjitas,Unknown,C.V. Whitney Cup,Unknown,Unknown,2020,,,,,,Attacking 30,57;22,,,,Shot At Goal,Blocked,,,,,,,,
Penalty 5 (3),3813520,30000,Live,Chukka 4,International Polo Club,Las Monjitas vs La Indiana,,Unknown,February 23. 2020,Francisco Elizalde,Search Live stream,Final,Las Monjitas,Unknown,C.V. Whitney Cup,Unknown,Unknown,2020,,,,,,,,,Penalty 5,,,,,,,,,,,
Shot At Goal (23),3825300,35000,Live,Chukka 4,International Polo Club,Las Monjitas vs La Indiana,,Unknown,February 23. 2020,Jeff Hall,Search Live stream,Final,La Indiana,Unknown,C.V. Whitney Cup,Unknown,Unknown,2020,,,,,,Attacking 30,78;30,,,,Shot At Goal,Goal,,,,,,,,
Goal La Indiana (4),3827166,35000,Live,Chukka 4,International Polo Club,Las Monjitas vs La Indiana,Goal La Indiana,Unknown,February 23. 2020,Jeff Hall,Search Live stream,Final,La Indiana,Unknown,C.V. Whitney Cup,Unknown,Unknown,2020,,,,,,Attacking 30,72;7,,,,,,,,,,,,,
Shot Block (1),3828633,10000,Live,Chukka 4,International Polo Club,Las Monjitas vs La Indiana,,Unknown,February 23. 2020,Jeff Hall,Search Live stream,Final,La Indiana,Unknown,C.V. Whitney Cup,Unknown,Unknown,2020,,,,,,,,,,,,,,,,,,Shot Block,,
Assist (6),3845166,25000,Live,Chukka 4,International Polo Club,Las Monjitas vs La Indiana,,Unknown,February 23. 2020,Polito Pieres,Search Live stream,Final,La Indiana,Unknown,C.V. Whitney Cup,Unknown,Unknown,2020,,,,,,,,,,,,,Polito Pieres,Successful,,,,,,
Throw-in (11),3885566,20000,Live,Chukka 4,International Polo Club,Las Monjitas vs La Indiana,,Unknown,February 23. 2020,Santiago Gomez Romero,Search Live stream,Final,La Indiana,Unknown,C.V. Whitney Cup,Unknown,Unknown,2020,,,,,,,,,Throw-in,La Indiana win throw-in,,,,,,,,,,
Non Call (4),3910066,20000,Live,Chukka 4,International Polo Club,Las Monjitas vs La Indiana,,Unknown,February 23. 2020,,Search Live stream,Final,Team,Unknown,C.V. Whitney Cup,Unknown,Unknown,2020,,,Non Call,,Right of Way,,,,,,,,,,,,,,,
Shot At Goal (24),3912833,35000,Live,Chukka 4,International Polo Club,Las Monjitas vs La Indiana,,Unknown,February 23. 2020,Michael Bickford,Search Live stream,Final,La Indiana,Unknown,C.V. Whitney Cup,Unknown,Unknown,2020,,,,,,Attacking 30,107;22,,,,Shot At Goal,Wide,,,,,,,,
Assist (7),3924900,25000,Live,Chukka 4,International Polo Club,Las Monjitas vs La Indiana,,Unknown,February 23. 2020,Jeff Hall,Search Live stream,Final,La Indiana,Unknown,C.V. Whitney Cup,Unknown,Unknown,2020,,,,,,,,,,,,,Jeff Hall,Unsuccessful,,,,,,
Knock In (11),4002453,40000,Live,Chukka 4,International Polo Club,Las Monjitas vs La Indiana,,Unknown,February 23. 2020,David Stirling,Search Live stream,Final,Las Monjitas,Unknown,C.V. Whitney Cup,Unknown,Unknown,2020,,,,,,,,,Knock In,,,,,,Mackenzie Weisz,,,,,
Shot At Goal (25),4419266,35000,Live,Chukka 5,International Polo Club,Las Monjitas vs La Indiana,,Unknown,February 23. 2020,Francisco Elizalde,Search Live stream,Final,Las Monjitas,Unknown,C.V. Whitney Cup,Unknown,Unknown,2020,,,,,,Attacking Half,57;93,,,,Shot At Goal,Goal,,,,,,,,
Goal Las Monjitas (5),4425133,35000,Live,Chukka 5,International Polo Club,Las Monjitas vs La Indiana,Goal Las Monjitas,Unknown,February 23. 2020,Francisco Elizalde,Search Live stream,Final,Las Monjitas,Unknown,C.V. Whitney Cup,Unknown,Unknown,2020,,,,,,Attacking 30,72;3,,,,,,,,,,,,Goals,
Chukka Length (7),4439300,1119569,Live,Chukka 5,International Polo Club,,,,,,Search Livestream,,Team,,USPA Gold Cup,,,2020,,,,,,,,Chukka Length,,,,,,,,,,,,
Free Hit,4439833,20000,Live,Chukka 5,International Polo Club,Las Monjitas vs La Indiana,,Unknown,February 23. 2020,Francisco Elizalde,Search Live stream,Final,Las Monjitas,Unknown,C.V. Whitney Cup,Unknown,Unknown,2020,,,,,,,,,Free Hit,,,,,,,,,,,
Shot At Goal (26),4469966,35000,Live,Chukka 5,International Polo Club,Las Monjitas vs La Indiana,,Unknown,February 23. 2020,Francisco Elizalde,Search Live stream,Final,Las Monjitas,Unknown,C.V. Whitney Cup,Unknown,Unknown,2020,,,,,,Attacking 30,63;27,,,,Shot At Goal,Goal,,,,,,,,
Throw-in (12),4476833,20000,Live,Chukka 5,International Polo Club,Las Monjitas vs La Indiana,,Unknown,February 23. 2020,Francisco Elizalde,Search Live stream,Final,Las Monjitas,Unknown,C.V. Whitney Cup,Unknown,Unknown,2020,,,,,,,,,Throw-in,Las Monjitas win throw-in,,,,,,,,,,
Goal Las Monjitas (6),4477866,35000,Live,Chukka 5,International Polo Club,Las Monjitas vs La Indiana,Goal Las Monjitas,Unknown,February 23. 2020,Francisco Elizalde,Search Live stream,Final,Las Monjitas,Unknown,C.V. Whitney Cup,Unknown,Unknown,2020,,,,,,Attacking 30,77;6,,,,,,,,,,,,Goals,
Throw-in (13),4528533,20000,Live,Chukka 5,International Polo Club,Las Monjitas vs La Indiana,,Unknown,February 23. 2020,David Stirling,Search Live stream,Final,Las Monjitas,Unknown,C.V. Whitney Cup,Unknown,Unknown,2020,,,,,,,,,Throw-in,Las Monjitas win throw-in,,,,,,,,,,
Foul (8),4556200,25000,Live,Chukka 5,International Polo Club,Las Monjitas vs La Indiana,,Unknown,February 23. 2020,Mackenzie Weisz,Search Live stream,Final,Las Monjitas,Unknown,C.V. Whitney Cup,Unknown,Unknown,2020,,,Foul,Penalty 30 yards,Riding Into Shot,Defending 30,46;288,,,,,,,,,65;249,95;52,,,
Foul Received (8),4556200,25000,Live,Chukka 5,International Polo Club,Las Monjitas vs La Indiana,,Unknown,February 23. 2020,Jeff Hall,Search Live stream,Final,La Indiana,Unknown,C.V. Whitney Cup,Unknown,Unknown,2020,,,Foul Received,Penalty 30 yards,Riding Into Shot,Attacking 30,102;8,,,,,,,,,,,,,
Penalty 30 yards,4788800,15000,Live,Chukka 5,International Polo Club,Las Monjitas vs La Indiana,,Unknown,February 23. 2020,Polito Pieres,Search Live stream,Final,La Indiana,Unknown,C.V. Whitney Cup,Unknown,Unknown,2020,Penalty 30 yards,Wide,,,,,,,,,,,,,,,,,,
Knock In (12),4811791,40000,Live,Chukka 5,International Polo Club,Las Monjitas vs La Indiana,,Unknown,February 23. 2020,David Stirling,Search Live stream,Final,Las Monjitas,Unknown,C.V. Whitney Cup,Unknown,Unknown,2020,,,,,,,,,Knock In,,,,,,Francisco Elizalde,,,,,
Foul (9),4834833,25000,Live,Chukka 5,International Polo Club,Las Monjitas vs La Indiana,,Unknown,February 23. 2020,Jeff Hall,Search Live stream,Final,La Indiana,Unknown,C.V. Whitney Cup,Unknown,Unknown,2020,,,Foul,Penalty 60 yards,Improper Procedure,Attacking Half,101;109,,,,,,,,,98;94,132;120,,,
Foul Received (9),4834833,25000,Live,Chukka 5,International Polo Club,Las Monjitas vs La Indiana,,Unknown,February 23. 2020,David Stirling,Search Live stream,Final,Las Monjitas,Unknown,C.V. Whitney Cup,Unknown,Unknown,2020,,,Foul Received,Penalty 60 yards,Improper Procedure,Defending Half,50;197,,,,,,,,,,,,,
Goal Las Monjitas (7),4905733,35000,Live,Chukka 5,International Polo Club,Las Monjitas vs La Indiana,Goal Las Monjitas,Unknown,February 23. 2020,Francisco Elizalde,Search Live stream,Final,Las Monjitas,Unknown,C.V. Whitney Cup,Unknown,Unknown,2020,,,,,,,,,,,,,,,,,,,,
Penalty 60 yards (3),4922933,15000,Live,Chukka 5,International Polo Club,Las Monjitas vs La Indiana,,Unknown,February 23. 2020,Francisco Elizalde,Search Live stream,Final,Las Monjitas,Unknown,C.V. Whitney Cup,Unknown,Unknown,2020,Penalty 60 yards,Goal,,,,,,,,,,,,,,,,,,
Throw-in (14),4952433,20000,Live,Chukka 5,International Polo Club,Las Monjitas vs La Indiana,,Unknown,February 23. 2020,Michael Bickford,Search Live stream,Final,La Indiana,Unknown,C.V. Whitney Cup,Unknown,Unknown,2020,,,,,,,,,Throw-in,La Indiana win throw-in,,,,,,,,,,
Foul (10),4960866,25000,Live,Chukka 5,International Polo Club,Las Monjitas vs La Indiana,,Unknown,February 23. 2020,Francisco Elizalde,Search Live stream,Final,Las Monjitas,Unknown,C.V. Whitney Cup,Unknown,Unknown,2020,,,Foul,Penalty 60 yards,Blocking,Defending Half,146;175,,,,,,,,,105;186,137;111,,,
Foul Received (10),4960866,25000,Live,Chukka 5,International Polo Club,Las Monjitas vs La Indiana,,Unknown,February 23. 2020,Jeff Hall,Search Live stream,Final,La Indiana,Unknown,C.V. Whitney Cup,Unknown,Unknown,2020,,,Foul Received,Penalty 60 yards,Blocking,Attacking Half,5;125,,,,,,,,,,,,,
Penalty 60 yards (4),5021066,15000,Live,Chukka 5,International Polo Club,Las Monjitas vs La Indiana,,Unknown,February 23. 2020,Jeff Hall,Search Live stream,Final,La Indiana,Unknown,C.V. Whitney Cup,Unknown,Unknown,2020,Penalty 60 yards,Wide,,,,,,,,,,,,,,,,,,
Knock In (13),5045533,40000,Live,Chukka 5,International Polo Club,Las Monjitas vs La Indiana,,Unknown,February 23. 2020,David Stirling,Search Live stream,Final,Las Monjitas,Unknown,C.V. Whitney Cup,Unknown,Unknown,2020,,,,,,,,,Knock In,,,,,,Francisco Elizalde,,,,,
Foul (11),5066466,25000,Live,Chukka 5,International Polo Club,Las Monjitas vs La Indiana,,Unknown,February 23. 2020,David Stirling,Search Live stream,Final,Las Monjitas,Unknown,C.V. Whitney Cup,Unknown,Unknown,2020,,,Foul,Penalty 60 yards,Crossing,Attacking Half,114;104,,,,,,,,,89;61,127;104,,,
Foul Received (11),5066466,25000,Live,Chukka 5,International Polo Club,Las Monjitas vs La Indiana,,Unknown,February 23. 2020,Polito Pieres,Search Live stream,Final,La Indiana,Unknown,C.V. Whitney Cup,Unknown,Unknown,2020,,,Foul Received,Penalty 60 yards,Crossing,Defending Half,23;189,,,,,,,,,,,,,
Penalty 60 yards (5),5135386,15000,Live,Chukka 5,International Polo Club,Las Monjitas vs La Indiana,,Unknown,February 23. 2020,Polito Pieres,Search Live stream,Final,La Indiana,Unknown,C.V. Whitney Cup,Unknown,Unknown,2020,Penalty 60 yards,Wide,,,,,,,,,,,,,,,,,,
Knock In (14),5158500,40000,Live,Chukka 5,International Polo Club,Las Monjitas vs La Indiana,,Unknown,February 23. 2020,David Stirling,Search Live stream,Final,Las Monjitas,Unknown,C.V. Whitney Cup,Unknown,Unknown,2020,,,,,,,,,Knock In,,,,,,Francisco Elizalde,,,,,
Foul (12),5190866,25000,Live,Chukka 5,International Polo Club,Las Monjitas vs La Indiana,,Unknown,February 23. 2020,David Stirling,Search Live stream,Final,Las Monjitas,Unknown,C.V. Whitney Cup,Unknown,Unknown,2020,,,Foul,Penalty 5,Shading,Attacking Half,19;115,,,,,,,,,52;57,82;103,,,
Foul Received (12),5190866,25000,Live,Chukka 5,International Polo Club,Las Monjitas vs La Indiana,,Unknown,February 23. 2020,Polito Pieres,Search Live stream,Final,La Indiana,Unknown,C.V. Whitney Cup,Unknown,Unknown,2020,,,Foul Received,Penalty 5,Shading,Defending Half,132;186,,,,,,,,,,,,,
Penalty 5 (4),5227566,30000,Live,Chukka 5,International Polo Club,Las Monjitas vs La Indiana,,Unknown,February 23. 2020,Polito Pieres,Search Live stream,Final,La Indiana,Unknown,C.V. Whitney Cup,Unknown,Unknown,2020,,,,,,,,,Penalty 5,,,,,,,,,,,
Foul (13),5232933,25000,Live,Chukka 5,International Polo Club,Las Monjitas vs La Indiana,,Unknown,February 23. 2020,Santiago Gomez Romero,Search Live stream,Final,La Indiana,Unknown,C.V. Whitney Cup,Unknown,Unknown,2020,,,Foul,Penalty 30 yards,Right of Way,Attacking Half,89;106,,,,,,,,,32;58,65;113,,,
Foul Received (13),5232933,25000,Live,Chukka 5,International Polo Club,Las Monjitas vs La Indiana,,Unknown,February 23. 2020,David Stirling,Search Live stream,Final,Las Monjitas,Unknown,C.V. Whitney Cup,Unknown,Unknown,2020,,,Foul Received,Penalty 30 yards,Right of Way,Defending Half,63;183,,,,,,,,,,,,,
Goal Las Monjitas (8),5315666,35000,Live,Chukka 5,International Polo Club,Las Monjitas vs La Indiana,Goal Las Monjitas,Unknown,February 23. 2020,David Stirling,Search Live stream,Final,Las Monjitas,Unknown,C.V. Whitney Cup,Unknown,Unknown,2020,,,,,,,,,,,,,,,,,,,,
Penalty 30 yards (1),5332233,15000,Live,Chukka 5,International Polo Club,Las Monjitas vs La Indiana,,Unknown,February 23. 2020,David Stirling,Search Live stream,Final,Las Monjitas,Unknown,C.V. Whitney Cup,Unknown,Unknown,2020,Penalty 30 yards,Goal,,,,,,,,,,,,,,,,,,
Foul (14),5359366,25000,Live,Chukka 5,International Polo Club,Las Monjitas vs La Indiana,,Unknown,February 23. 2020,David Stirling,Search Live stream,Final,Las Monjitas,Unknown,C.V. Whitney Cup,Unknown,Unknown,2020,,,Foul,Penalty 5,Blocking,Defending Half,19;171,,,,,,,,,110;163,64;125,,,
Foul Received (14),5359366,25000,Live,Chukka 5,International Polo Club,Las Monjitas vs La Indiana,,Unknown,February 23. 2020,Michael Bickford,Search Live stream,Final,La Indiana,Unknown,C.V. Whitney Cup,Unknown,Unknown,2020,,,Foul Received,Penalty 5,Blocking,Attacking Half,121;134,,,,,,,,,,,,,
Throw-in (15),5363866,20000,Live,Chukka 5,International Polo Club,Las Monjitas vs La Indiana,,Unknown,February 23. 2020,David Stirling,Search Live stream,Final,Las Monjitas,Unknown,C.V. Whitney Cup,Unknown,Unknown,2020,,,,,,,,,Throw-in,Las Monjitas win throw-in,,,,,,,,,,
Shot At Goal (27),5461733,35000,Live,Chukka 5,International Polo Club,Las Monjitas vs La Indiana,,Unknown,February 23. 2020,Polito Pieres,Search Live stream,Final,La Indiana,Unknown,C.V. Whitney Cup,Unknown,Unknown,2020,,,,,,Attacking 30,76;13,,,,Shot At Goal,Goal,,,,,,,,
Goal La Indiana (5),5462600,35000,Live,Chukka 5,International Polo Club,Las Monjitas vs La Indiana,Goal La Indiana,Unknown,February 23. 2020,Polito Pieres,Search Live stream,Final,La Indiana,Unknown,C.V. Whitney Cup,Unknown,Unknown,2020,,,,,,Attacking 30,76;8,,,,,,,,,,,,,
Penalty 5 (5),5477400,30000,Live,Chukka 5,International Polo Club,Las Monjitas vs La Indiana,,Unknown,February 23. 2020,Jeff Hall,Search Live stream,Final,La Indiana,Unknown,C.V. Whitney Cup,Unknown,Unknown,2020,,,,,,,,,Penalty 5,,,,,,,,,,,
Shot At Goal (28),5688200,35000,Live,Chukka 6,International Polo Club,Las Monjitas vs La Indiana,,Unknown,February 23. 2020,Francisco Elizalde,Search Live stream,Final,Las Monjitas,Unknown,C.V. Whitney Cup,Unknown,Unknown,2020,,,,,,Attacking 30,67;31,,,,Shot At Goal,Goal,,,,,,,,
Goal Las Monjitas (9),5690500,35000,Live,Chukka 6,International Polo Club,Las Monjitas vs La Indiana,Goal Las Monjitas,Unknown,February 23. 2020,Francisco Elizalde,Search Live stream,Final,Las Monjitas,Unknown,C.V. Whitney Cup,Unknown,Unknown,2020,,,,,,Attacking 30,73;4,,,,,,,,,,,,Goals,
Throw-in (16),5702258,20000,Live,Chukka 6,International Polo Club,Las Monjitas vs La Indiana,,Unknown,February 23. 2020,Francisco Elizalde,Search Live stream,Final,Las Monjitas,Unknown,C.V. Whitney Cup,Unknown,Unknown,2020,,,,,,,,,Throw-in,Las Monjitas win throw-in,,,,,,,,,,
Chukka Length (8),5702533,44866,Live,Chukka 6,International Polo Club,,,,,,Search Livestream,,Team,,USPA Gold Cup,,,2020,,,,,,,,Chukka Length,,,,,,,,,,,,
Throw-in (17),5746200,20000,Live,Chukka 6,International Polo Club,Las Monjitas vs La Indiana,,Unknown,February 23. 2020,Polito Pieres,Search Live stream,Final,La Indiana,Unknown,C.V. Whitney Cup,Unknown,Unknown,2020,,,,,,,,,Throw-in,La Indiana win throw-in,,,,,,,,,,
Foul (15),5747400,25000,Live,Chukka 6,International Polo Club,Las Monjitas vs La Indiana,,Unknown,February 23. 2020,Mackenzie Weisz,Search Live stream,Final,Las Monjitas,Unknown,C.V. Whitney Cup,Unknown,Unknown,2020,,,Foul,Penalty 40 yards,Blocking,Defending Half,19;183,,,,,,,,,33;183,60;157,,,
Foul Received (15),5747400,25000,Live,Chukka 6,International Polo Club,Las Monjitas vs La Indiana,,Unknown,February 23. 2020,Santiago Gomez Romero,Search Live stream,Final,La Indiana,Unknown,C.V. Whitney Cup,Unknown,Unknown,2020,,,Foul Received,Penalty 40 yards,Blocking,Attacking Half,121;121,,,,,,,,,,,,,
Collision,5756400,15000,Live,Chukka 6,International Polo Club,Las Monjitas vs La Indiana,,Unknown,February 23. 2020,Mackenzie Weisz,Search Live stream,Final,Las Monjitas,Unknown,C.V. Whitney Cup,Unknown,Unknown,2020,,,,,,,,,,,,,,,,,,,,Collision
Injury Time,5760833,108466,Live,Chukka 6,International Polo Club,Las Monjitas vs La Indiana,,Unknown,February 23. 2020,,Search Live stream,Final,Team,Unknown,C.V. Whitney Cup,Unknown,Unknown,2020,,,,,,,,Injury Time,,,,,,,,,,,,
Penalty 40 yards,5859300,15000,Live,Chukka 6,International Polo Club,Las Monjitas vs La Indiana,,Unknown,February 23. 2020,Jeff Hall,Search Live stream,Final,La Indiana,Unknown,C.V. Whitney Cup,Unknown,Unknown,2020,Penalty 40 yards,Wide,,,,,,Chukka Length,,,,,,,,,,,,
Chukka Length,5869300,87266,Live,Chukka 6,International Polo Club,Las Monjitas vs La Indiana,,Unknown,February 23. 2020,,Search Live stream,Final,Team,Unknown,C.V. Whitney Cup,Unknown,Unknown,2020,,,,,,,,Chukka Length,,,,,,,,,,,,
Knock In (15),5883813,40000,Live,Chukka 6,International Polo Club,Las Monjitas vs La Indiana,,Unknown,February 23. 2020,David Stirling,Search Live stream,Final,Las Monjitas,Unknown,C.V. Whitney Cup,Unknown,Unknown,2020,,,,,,,,Chukka Length,Knock In,,,,,,Francisco Elizalde,,,,,
Foul (16),5918233,25000,Live,Chukka 6,International Polo Club,Las Monjitas vs La Indiana,,Unknown,February 23. 2020,Jeff Hall,Search Live stream,Final,La Indiana,Unknown,C.V. Whitney Cup,Unknown,Unknown,2020,,,Foul,Penalty 60 yards,Dangerous Riding,Attacking Half,99;99,Chukka Length,,,,,,,,110;98,76;130,,,
Foul Received (16),5918233,25000,Live,Chukka 6,International Polo Club,Las Monjitas vs La Indiana,,Unknown,February 23. 2020,David Stirling,Search Live stream,Final,Las Monjitas,Unknown,C.V. Whitney Cup,Unknown,Unknown,2020,,,Foul Received,Penalty 60 yards,Dangerous Riding,Defending Half,52;190,Chukka Length,,,,,,,,,,,,
Injury Time (1),5956566,164494,Live,Chukka 6,International Polo Club,Las Monjitas vs La Indiana,,Unknown,February 23. 2020,,Search Live stream,Final,Team,Unknown,C.V. Whitney Cup,Unknown,Unknown,2020,,,,,,,,Injury Time,,,,,,,,,,,,
Goal Las Monjitas (10),6098333,35000,Live,Chukka 6,International Polo Club,Las Monjitas vs La Indiana,Goal Las Monjitas,Unknown,February 23. 2020,Francisco Elizalde,Search Live stream,Final,Las Monjitas,Unknown,C.V. Whitney Cup,Unknown,Unknown,2020,,,,,,,,Chukka Length,,,,,,,,,,,,
Penalty 60 yards (6),6111061,15000,Live,Chukka 6,International Polo Club,Las Monjitas vs La Indiana,,Unknown,February 23. 2020,Francisco Elizalde,Search Live stream,Final,Las Monjitas,Unknown,C.V. Whitney Cup,Unknown,Unknown,2020,Penalty 60 yards,Goal,,,,,,Chukka Length,,,,,,,,,,,,
Chukka Length (1),6121061,543072,Live,Chukka 6,International Polo Club,Las Monjitas vs La Indiana,,Unknown,February 23. 2020,,Search Live stream,Final,Team,Unknown,C.V. Whitney Cup,Unknown,Unknown,2020,,,,,,,,Chukka Length,,,,,,,,,,,,
Shot At Goal (29),6132400,35000,Live,Chukka 6,International Polo Club,Las Monjitas vs La Indiana,,Unknown,February 23. 2020,Jeff Hall,Search Live stream,Final,La Indiana,Unknown,C.V. Whitney Cup,Unknown,Unknown,2020,,,,,,Attacking 60,95;45,Chukka Length,,,Shot At Goal,Goal,,,,,,,,
Goal La Indiana (6),6133333,35000,Live,Chukka 6,International Polo Club,Las Monjitas vs La Indiana,Goal La Indiana,Unknown,February 23. 2020,Jeff Hall,Search Live stream,Final,La Indiana,Unknown,C.V. Whitney Cup,Unknown,Unknown,2020,,,,,,Attacking 30,76;6,Chukka Length,,,,,,,,,,,Goals,
Throw-in (18),6143735,20000,Live,Chukka 6,International Polo Club,Las Monjitas vs La Indiana,,Unknown,February 23. 2020,Jeff Hall,Search Live stream,Final,La Indiana,Unknown,C.V. Whitney Cup,Unknown,Unknown,2020,,,,,,,,Chukka Length,Throw-in,La Indiana win throw-in,,,,,,,,,,
Goal La Indiana (7),6183766,35000,Live,Chukka 6,International Polo Club,Las Monjitas vs La Indiana,Goal La Indiana,Unknown,February 23. 2020,Jeff Hall,Search Live stream,Final,La Indiana,Unknown,C.V. Whitney Cup,Unknown,Unknown,2020,,,,,,,,Chukka Length,,,,,,,,,,,,
Throw-in (19),6187433,20000,Live,Chukka 6,International Polo Club,Las Monjitas vs La Indiana,,Unknown,February 23. 2020,David Stirling,Search Live stream,Final,Las Monjitas,Unknown,C.V. Whitney Cup,Unknown,Unknown,2020,,,,,,,,Chukka Length,Throw-in,Las Monjitas win throw-in,,,,,,,,,,
Foul (17),6195900,25000,Live,Chukka 6,International Polo Club,Las Monjitas vs La Indiana,,Unknown,February 23. 2020,David Stirling,Search Live stream,Final,Las Monjitas,Unknown,C.V. Whitney Cup,Unknown,Unknown,2020,,,Foul,Penalty 1,Blocking,Defending 30,100;276,Chukka Length,,,,,,,,44;231,75;201,,,
Foul Received (17),6195900,25000,Live,Chukka 6,International Polo Club,Las Monjitas vs La Indiana,,Unknown,February 23. 2020,Jeff Hall,Search Live stream,Final,La Indiana,Unknown,C.V. Whitney Cup,Unknown,Unknown,2020,,,Foul Received,Penalty 1,Blocking,Attacking 30,52;24,Chukka Length,,,,,,,,,,,,
Penalty 1,6208766,10000,Live,Chukka 6,International Polo Club,Las Monjitas vs La Indiana,,Unknown,February 23. 2020,Jeff Hall,Search Live stream,Final,La Indiana,Unknown,C.V. Whitney Cup,Unknown,Unknown,2020,Penalty 1,Goal,,,,,,Chukka Length,,,,,,,,,,,,
Shot At Goal (30),6298333,35000,Live,Chukka 6,International Polo Club,Las Monjitas vs La Indiana,,Unknown,February 23. 2020,Polito Pieres,Search Live stream,Final,La Indiana,Unknown,C.V. Whitney Cup,Unknown,Unknown,2020,,,,,,Attacking 30,73;15,Chukka Length,,,Shot At Goal,Goal,,,,,,,,
Goal La Indiana (8),6300866,35000,Live,Chukka 6,International Polo Club,Las Monjitas vs La Indiana,Goal La Indiana,Unknown,February 23. 2020,Polito Pieres,Search Live stream,Final,La Indiana,Unknown,C.V. Whitney Cup,Unknown,Unknown,2020,,,,,,Attacking 30,72;7,Chukka Length,,,,,,,,,,,,
Penalty 5b (1),6312938,30000,Live,Chukka 6,International Polo Club,Las Monjitas vs La Indiana,,Unknown,February 23. 2020,Jeff Hall,Search Live stream,Final,La Indiana,Unknown,C.V. Whitney Cup,Unknown,Unknown,2020,,,,,,,,Chukka Length,Penalty 5b,,,,,,,,,,,
Assist (8),6340209,25000,Live,Chukka 6,International Polo Club,Las Monjitas vs La Indiana,,Unknown,February 23. 2020,Santiago Gomez Romero,Search Live stream,Final,La Indiana,Unknown,C.V. Whitney Cup,Unknown,Unknown,2020,,,,,,,,Chukka Length,,,,,Santiago Gomez Romero,Successful,,,,,,
Foul (18),6371633,25000,Live,Chukka 6,International Polo Club,Las Monjitas vs La Indiana,,Unknown,February 23. 2020,Michael Bickford,Search Live stream,Final,La Indiana,Unknown,C.V. Whitney Cup,Unknown,Unknown,2020,,,Foul,Reversed Call,Dangerous Use of Mallet,Defending Half,42;162,Chukka Length,,,,,,,,45;127,84;145,,,
Foul Received (18),6371633,25000,Live,Chukka 6,International Polo Club,Las Monjitas vs La Indiana,,Unknown,February 23. 2020,Mackenzie Weisz,Search Live stream,Final,Las Monjitas,Unknown,C.V. Whitney Cup,Unknown,Unknown,2020,,,Foul Received,Reversed Call,Dangerous Use of Mallet,Attacking Half,121;135,Chukka Length,,,,,,,,,,,,
Throw-in (20),6375389,20000,Live,Chukka 6,International Polo Club,Las Monjitas vs La Indiana,,Unknown,February 23. 2020,Polito Pieres,Search Live stream,Final,La Indiana,Unknown,C.V. Whitney Cup,Unknown,Unknown,2020,,,,,,,,Chukka Length,Throw-in,La Indiana win throw-in,,,,,,,,,,
Throw-in (21),6485533,20000,Live,Chukka 6,International Polo Club,Las Monjitas vs La Indiana,,Unknown,February 23. 2020,Francisco Elizalde,Search Live stream,Final,Las Monjitas,Unknown,C.V. Whitney Cup,Unknown,Unknown,2020,,,,,,,,Chukka Length,Throw-in,Las Monjitas win throw-in,,,,,,,,,,
Shot At Goal (31),6488100,35000,Live,Chukka 6,International Polo Club,Las Monjitas vs La Indiana,,Unknown,February 23. 2020,David Stirling,Search Live stream,Final,Las Monjitas,Unknown,C.V. Whitney Cup,Unknown,Unknown,2020,,,,,,Attacking Half,11;120,Chukka Length,,,Shot At Goal,Short,,,,,,,,
Shot At Goal (32),6548033,35000,Live,Chukka 6,International Polo Club,Las Monjitas vs La Indiana,,Unknown,February 23. 2020,Polito Pieres,Search Live stream,Final,La Indiana,Unknown,C.V. Whitney Cup,Unknown,Unknown,2020,,,,,,Attacking 30,85;30,Chukka Length,,,Shot At Goal,Goal,,,,,,,,
Goal La Indiana (9),6550400,35000,Live,Chukka 6,International Polo Club,Las Monjitas vs La Indiana,Goal La Indiana,Unknown,February 23. 2020,Polito Pieres,Search Live stream,Final,La Indiana,Unknown,C.V. Whitney Cup,Unknown,Unknown,2020,,,,,,Attacking 30,71;6,Chukka Length,,,,,,,,,,,,
Assist (9),6565400,25000,Live,Chukka 6,International Polo Club,Las Monjitas vs La Indiana,,Unknown,February 23. 2020,Santiago Gomez Romero,Search Live stream,Final,La Indiana,Unknown,C.V. Whitney Cup,Unknown,Unknown,2020,,,,,,,,Chukka Length,,,,,Santiago Gomez Romero,Successful,,,,,,
Throw-in (22),6612300,20000,Live,Chukka 6,International Polo Club,Las Monjitas vs La Indiana,,Unknown,February 23. 2020,Jeff Hall,Search Live stream,Final,La Indiana,Unknown,C.V. Whitney Cup,Unknown,Unknown,2020,,,,,,,,Chukka Length,Throw-in,La Indiana win throw-in,,,,,,,,,,
Collision (1),6659566,15000,Live,Chukka 6,International Polo Club,Las Monjitas vs La Indiana,,Unknown,February 23. 2020,Polito Pieres,Search Live stream,Final,La Indiana,Unknown,C.V. Whitney Cup,Unknown,Unknown,2020,,,,,,,,Chukka Length,,,,,,,,,,,,Collision
Injury Time (2),6664133,279833,Live,Chukka 6,International Polo Club,Las Monjitas vs La Indiana,,Unknown,February 23. 2020,,Search Live stream,Final,Team,Unknown,C.V. Whitney Cup,Unknown,Unknown,2020,,,,,,,,Injury Time,,,,,,,,,,,,
Throw-in (23),6938966,20000,Live,Chukka 6,International Polo Club,Las Monjitas vs La Indiana,,Unknown,February 23. 2020,Francisco Elizalde,Search Live stream,Final,Las Monjitas,Unknown,C.V. Whitney Cup,Unknown,Unknown,2020,,,,,,,,Chukka Length,Throw-in,Las Monjitas win throw-in,,,,,,,,,,
Chukka Length (2),6943966,45700,Live,Chukka 6,International Polo Club,Las Monjitas vs La Indiana,,Unknown,February 23. 2020,,Search Live stream,Final,Team,Unknown,C.V. Whitney Cup,Unknown,Unknown,2020,,,,,,,,Chukka Length,,,,,,,,,,,,