Name,Position,Duration,Camera Angle,Chukka,Club,Game,Instant Replay Official,Match Date,Player,Search Event,Set Play,Stage,Team,Third Umpire,Throw-in Outcome,Tournament,Umpire 1,Umpire 2,Year,Shot At Goal,Location,General Field Area,Shot At Goal Outcome,Knock-in Player 2,Foul,Foul Type,Foul Outcome,Penalties,Penalty Outcome,Goal,Assist,Assist Outcome,Penalty Block,Highlight Reel
Throw-in,0,17168,Live,Chukka 1,International Polo Club,Palm Beach Equine vs Patagones,Unknown,January 09. 2020,Tomas Garcia del Rio,Search Livestream,Throw-in,Group,Patagones,Ronnie Hayes,Patagones win throw-in,Joe Barry Cup,Hector Galindo,George Olivas,2020,,,,,,,,,,,,,,,
Shot At Goal,0,9838,Live,Chukka 1,International Polo Club,Palm Beach Equine vs Patagones,Unknown,January 09. 2020,Tomas Garcia del Rio,Search Livestream,,Group,Patagones,Ronnie Hayes,,Joe Barry Cup,Hector Galindo,George Olivas,2020,Shot At Goal,117;38,Attacking 30,Wide,,,,,,,,,,,
Knock In,24495,40000,Live,Chukka 1,International Polo Club,Palm Beach Equine vs Patagones,Unknown,January 09. 2020,Gringo Colombres,Search Livestream,Knock In,Group,Palm Beach Equine,Ronnie Hayes,,Joe Barry Cup,Hector Galindo,George Olivas,2020,,,,,Gonzalo Ferrari,,,,,,,,,,
Foul,40921,25000,Live,Chukka 1,International Polo Club,Palm Beach Equine vs Patagones,Unknown,January 09. 2020,Tomas Garcia del Rio,Search Livestream,,Group,Patagones,Ronnie Hayes,,Joe Barry Cup,Hector Galindo,George Olivas,2020,,89;170,Defending Half,,,Foul,Right of Way,Penalty 60 yards,,,,,,,
Foul Received,40921,25000,Live,Chukka 1,International Polo Club,Palm Beach Equine vs Patagones,Unknown,January 09. 2020,Lucas Diaz Alberdi,Search Livestream,,Group,Palm Beach Equine,Ronnie Hayes,,Joe Barry Cup,Hector Galindo,George Olivas,2020,,62;131,Attacking Half,,,Foul Received,Right of Way,Penalty 60 yards,,,,,,,
Penalty 60 yards,120797,15000,Live,Chukka 1,International Polo Club,Palm Beach Equine vs Patagones,Unknown,January 09. 2020,Gringo Colombres,Search Livestream,,Group,Palm Beach Equine,Ronnie Hayes,,Joe Barry Cup,Hector Galindo,George Olivas,2020,,,,,,,,,Penalty 60 yards,Goal,,,,,
Goal Palm Beach Equine,104400,35000,Live,Chukka 1,International Polo Club,Palm Beach Equine vs Patagones,Unknown,January 09. 2020,Gringo Colombres,Search Livestream,,Group,Palm Beach Equine,Ronnie Hayes,,Joe Barry Cup,Hector Galindo,George Olivas,2020,,,,,,,,,,,Goal Palm Beach Equine,,,,
Throw-in (1),154459,20000,Live,Chukka 1,International Polo Club,Palm Beach Equine vs Patagones,Unknown,January 09. 2020,Mateo Vallejos,Search Livestream,Throw-in,Group,Patagones,Ronnie Hayes,Patagones win throw-in,Joe Barry Cup,Hector Galindo,George Olivas,2020,,,,,,,,,,,,,,,
Shot At Goal (1),174871,35000,Live,Chukka 1,International Polo Club,Palm Beach Equine vs Patagones,Unknown,January 09. 2020,Gonzalo Ferrari,Search Livestream,,Group,Palm Beach Equine,Ronnie Hayes,,Joe Barry Cup,Hector Galindo,George Olivas,2020,Shot At Goal,57;8,Attacking 30,Wide,,,,,,,,,,,
Assist,189871,25000,Live,Chukka 1,International Polo Club,Palm Beach Equine vs Patagones,Unknown,January 09. 2020,Gringo Colombres,Search Livestream,,Group,Palm Beach Equine,Ronnie Hayes,,Joe Barry Cup,Hector Galindo,George Olivas,2020,,,,,,,,,,,,Gringo Colombres,Unsuccessful,,
Knock In (1),236206,40000,Live,Chukka 1,International Polo Club,Palm Beach Equine vs Patagones,Unknown,January 09. 2020,Tomas Garcia del Rio,Search Livestream,Knock In,Group,Patagones,Ronnie Hayes,,Joe Barry Cup,Hector Galindo,George Olivas,2020,,,,,Santiago Toccalino,,,,,,,,,,
Shot At Goal (2),240069,35000,Live,Chukka 1,International Polo Club,Palm Beach Equine vs Patagones,Unknown,January 09. 2020,Gonzalo Ferrari,Search Livestream,,Group,Palm Beach Equine,Ronnie Hayes,,Joe Barry Cup,Hector Galindo,George Olivas,2020,Shot At Goal,76;24,Attacking 30,Wide,,,,,,,,,,,
Knock In (2),284154,40000,Live,Chukka 1,International Polo Club,Palm Beach Equine vs Patagones,Unknown,January 09. 2020,Tomas Garcia del Rio,Search Livestream,Knock In,Group,Patagones,Ronnie Hayes,,Joe Barry Cup,Hector Galindo,George Olivas,2020,,,,,,,,,,,,,,,
Shot At Goal (3),391788,35000,Live,Chukka 1,International Polo Club,Palm Beach Equine vs Patagones,Unknown,January 09. 2020,Tomas Garcia del Rio,Search Livestream,,Group,Patagones,Ronnie Hayes,,Joe Barry Cup,Hector Galindo,George Olivas,2020,Shot At Goal,107;25,Attacking 30,Blocked,,,,,,,,,,,
Shot Block,420925,10000,Live,Chukka 1,International Polo Club,Palm Beach Equine vs Patagones,Unknown,January 09. 2020,Gringo Colombres,Search Livestream,,Group,Palm Beach Equine,Ronnie Hayes,,Joe Barry Cup,Hector Galindo,George Olivas,2020,,,,,,,,,,,,,,Shot Block,
Non Call,428374,20000,Live,Chukka 1,International Polo Club,Palm Beach Equine vs Patagones,Unknown,January 09. 2020,,Search Livestream,,Group,Team,Ronnie Hayes,,Joe Barry Cup,Hector Galindo,George Olivas,2020,,,,,,Non Call,Right of Way,,,,,,,,
Shot At Goal (4),415845,35000,Live,Chukka 1,International Polo Club,Palm Beach Equine vs Patagones,Unknown,January 09. 2020,Mateo Vallejos,Search Livestream,,Group,Patagones,Ronnie Hayes,,Joe Barry Cup,Hector Galindo,George Olivas,2020,Shot At Goal,87;35,Attacking 30,Wide,,,,,,,,,,,
Knock In (3),482486,40000,Live,Chukka 1,International Polo Club,Palm Beach Equine vs Patagones,Unknown,January 09. 2020,Gringo Colombres,Search Livestream,Knock In,Group,Palm Beach Equine,Ronnie Hayes,,Joe Barry Cup,Hector Galindo,George Olivas,2020,,,,,Gonzalo Ferrari,,,,,,,,,,
Foul (1),499813,25000,Live,Chukka 1,International Polo Club,Palm Beach Equine vs Patagones,Unknown,January 09. 2020,Santiago Toccalino,Search Livestream,,Group,Patagones,Ronnie Hayes,,Joe Barry Cup,Hector Galindo,George Olivas,2020,,79;127,Attacking Half,,,Foul,Reaching,Penalty 5,,,,,,,
Foul Received (1),499813,25000,Live,Chukka 1,International Polo Club,Palm Beach Equine vs Patagones,Unknown,January 09. 2020,Gringo Colombres,Search Livestream,,Group,Palm Beach Equine,Ronnie Hayes,,Joe Barry Cup,Hector Galindo,George Olivas,2020,,58;171,Defending Half,,,Foul Received,Reaching,Penalty 5,,,,,,,
Penalty 5,543781,30000,Live,Chukka 1,International Polo Club,Palm Beach Equine vs Patagones,Unknown,January 09. 2020,Gringo Colombres,Search Livestream,Penalty 5,Group,Palm Beach Equine,Ronnie Hayes,,Joe Barry Cup,Hector Galindo,George Olivas,2020,,,,,,,,,,,,,,,
Foul (2),543456,25000,Live,Chukka 1,International Polo Club,Palm Beach Equine vs Patagones,Unknown,January 09. 2020,Gonzalo Ferrari,Search Livestream,,Group,Palm Beach Equine,Ronnie Hayes,,Joe Barry Cup,Hector Galindo,George Olivas,2020,,125;108,Attacking Half,,,Foul,Right of Way,Penalty 5,,,,,,,
Foul Received (2),543456,25000,Live,Chukka 1,International Polo Club,Palm Beach Equine vs Patagones,Unknown,January 09. 2020,Santiago Toccalino,Search Livestream,,Group,Patagones,Ronnie Hayes,,Joe Barry Cup,Hector Galindo,George Olivas,2020,,21;195,Defending Half,,,Foul Received,Right of Way,Penalty 5,,,,,,,
Penalty 5 (1),595800,30000,Live,Chukka 1,International Polo Club,Palm Beach Equine vs Patagones,Unknown,January 09. 2020,Tomas Garcia del Rio,Search Livestream,Penalty 5,Group,Patagones,Ronnie Hayes,,Joe Barry Cup,Hector Galindo,George Olivas,2020,,,,,,,,,,,,,,,
Foul (3),626906,25000,Live,Chukka 1,International Polo Club,Palm Beach Equine vs Patagones,Unknown,January 09. 2020,Gringo Colombres,Search Livestream,,Group,Palm Beach Equine,Ronnie Hayes,,Joe Barry Cup,Hector Galindo,George Olivas,2020,,101;108,Attacking Half,,,Foul,Crossing,Penalty 60 yards,,,,,,,
Foul Received (3),626906,25000,Live,Chukka 1,International Polo Club,Palm Beach Equine vs Patagones,Unknown,January 09. 2020,Santiago Toccalino,Search Livestream,,Group,Patagones,Ronnie Hayes,,Joe Barry Cup,Hector Galindo,George Olivas,2020,,49;199,Defending Half,,,Foul Received,Crossing,Penalty 60 yards,,,,,,,
Penalty 60 yards (1),672481,15000,Live,Chukka 2,International Polo Club,Palm Beach Equine vs Patagones,Unknown,January 09. 2020,Santiago Toccalino,Search Livestream,,Group,Patagones,Ronnie Hayes,,Joe Barry Cup,Hector Galindo,George Olivas,2020,,,,,,,,,Penalty 60 yards,Goal,,,,,
Goal Patagones,656652,35000,Live,Chukka 2,International Polo Club,Palm Beach Equine vs Patagones,Unknown,January 09. 2020,Santiago Toccalino,Search Livestream,,Group,Patagones,Ronnie Hayes,,Joe Barry Cup,Hector Galindo,George Olivas,2020,,,,,,,,,,,Goal Patagones,,,,
Throw-in (2),711048,20000,Live,Chukka 2,International Polo Club,Palm Beach Equine vs Patagones,Unknown,January 09. 2020,Gonzalo Ferrari,Search Livestream,Throw-in,Group,Palm Beach Equine,Ronnie Hayes,Palm Beach Equine win throw-in,Joe Barry Cup,Hector Galindo,George Olivas,2020,,,,,,,,,,,,,,,
Shot At Goal (5),697793,35000,Live,Chukka 2,International Polo Club,Palm Beach Equine vs Patagones,Unknown,January 09. 2020,Gonzalo Ferrari,Search Livestream,,Group,Palm Beach Equine,Ronnie Hayes,,Joe Barry Cup,Hector Galindo,George Olivas,2020,Shot At Goal,76;12,Attacking 30,Goal,,,,,,,,,,,
Goal Palm Beach Equine (1),700362,35000,Live,Chukka 2,International Polo Club,Palm Beach Equine vs Patagones,Unknown,January 09. 2020,Gonzalo Ferrari,Search Livestream,,Group,Palm Beach Equine,Ronnie Hayes,,Joe Barry Cup,Hector Galindo,George Olivas,2020,,,,,,,,,,,Goal Palm Beach Equine,,,,Goals
Throw-in (3),756060,20000,Live,Chukka 2,International Polo Club,Palm Beach Equine vs Patagones,Unknown,January 09. 2020,Tomas Garcia del Rio,Search Livestream,Throw-in,Group,Patagones,Ronnie Hayes,Patagones win throw-in,Joe Barry Cup,Hector Galindo,George Olivas,2020,,,,,,,,,,,,,,,
Free Hit,801772,20000,Live,Chukka 2,International Polo Club,Palm Beach Equine vs Patagones,Unknown,January 09. 2020,Tomas Garcia del Rio,Search Livestream,Free Hit,Group,Patagones,Ronnie Hayes,,Joe Barry Cup,Hector Galindo,George Olivas,2020,,,,,,,,,,,,,,,
Foul (4),806085,25000,Live,Chukka 2,International Polo Club,Palm Beach Equine vs Patagones,Unknown,January 09. 2020,Santiago Toccalino,Search Livestream,,Group,Patagones,Ronnie Hayes,,Joe Barry Cup,Hector Galindo,George Olivas,2020,,107;20,Attacking 30,,,Foul,Right of Way,Penalty 5,,,,,,,
Foul Received (4),806085,25000,Live,Chukka 2,International Polo Club,Palm Beach Equine vs Patagones,Unknown,January 09. 2020,Scott Swerdlin,Search Livestream,,Group,Palm Beach Equine,Ronnie Hayes,,Joe Barry Cup,Hector Galindo,George Olivas,2020,,35;279,Defending 30,,,Foul Received,Right of Way,Penalty 5,,,,,,,
Penalty 5 (2),828232,30000,Live,Chukka 2,International Polo Club,Palm Beach Equine vs Patagones,Unknown,January 09. 2020,Gringo Colombres,Search Livestream,Penalty 5,Group,Palm Beach Equine,Ronnie Hayes,,Joe Barry Cup,Hector Galindo,George Olivas,2020,,,,,,,,,,,,,,,
Shot At Goal (6),850579,35000,Live,Chukka 2,International Polo Club,Palm Beach Equine vs Patagones,Unknown,January 09. 2020,Benjamin Avendano,Search Livestream,,Group,Patagones,Ronnie Hayes,,Joe Barry Cup,Hector Galindo,George Olivas,2020,Shot At Goal,115;39,Attacking 60,Goal,,,,,,,,,,,
Goal Patagones (1),854583,35000,Live,Chukka 2,International Polo Club,Palm Beach Equine vs Patagones,Unknown,January 09. 2020,Benjamin Avendano,Search Livestream,,Group,Patagones,Ronnie Hayes,,Joe Barry Cup,Hector Galindo,George Olivas,2020,,,,,,,,,,,Goal Patagones,,,,
Throw-in (4),915252,20000,Live,Chukka 2,International Polo Club,Palm Beach Equine vs Patagones,Unknown,January 09. 2020,Gonzalo Ferrari,Search Livestream,Throw-in,Group,Palm Beach Equine,Ronnie Hayes,Palm Beach Equine win throw-in,Joe Barry Cup,Hector Galindo,George Olivas,2020,,,,,,,,,,,,,,,
Shot At Goal (7),908437,35000,Live,Chukka 2,International Polo Club,Palm Beach Equine vs Patagones,Unknown,January 09. 2020,Mateo Vallejos,Search Livestream,,Group,Patagones,Ronnie Hayes,,Joe Barry Cup,Hector Galindo,George Olivas,2020,Shot At Goal,45;18,Attacking 30,Miss Hit,,,,,,,,,,,
Non Call (1),1017262,20000,Live,Chukka 2,International Polo Club,Palm Beach Equine vs Patagones,Unknown,January 09. 2020,,Search Livestream,,Group,Team,Ronnie Hayes,,Joe Barry Cup,Hector Galindo,George Olivas,2020,,,,,,Non Call,Reaching,,,,,,,,
Foul (5),1021134,25000,Live,Chukka 2,International Polo Club,Palm Beach Equine vs Patagones,Unknown,January 09. 2020,Mateo Vallejos,Search Livestream,,Group,Patagones,Ronnie Hayes,,Joe Barry Cup,Hector Galindo,George Olivas,2020,,66;122,Attacking Half,,,Foul,Right of Way,Penalty 60 yards,,,,,,,
Foul Received (5),1021134,25000,Live,Chukka 2,International Polo Club,Palm Beach Equine vs Patagones,Unknown,January 09. 2020,Gringo Colombres,Search Livestream,,Group,Palm Beach Equine,Ronnie Hayes,,Joe Barry Cup,Hector Galindo,George Olivas,2020,,81;175,Defending Half,,,Foul Received,Right of Way,Penalty 60 yards,,,,,,,
Penalty 60 yards (2),1103479,15000,Live,Chukka 2,International Polo Club,Palm Beach Equine vs Patagones,Unknown,January 09. 2020,Gringo Colombres,Search Livestream,,Group,Palm Beach Equine,Ronnie Hayes,,Joe Barry Cup,Hector Galindo,George Olivas,2020,,,,,,,,,Penalty 60 yards,Blocked,,,,,
Penalty Block,1110948,10000,Live,Chukka 2,International Polo Club,Palm Beach Equine vs Patagones,Unknown,January 09. 2020,Benjamin Avendano,Search Livestream,,Group,Patagones,Ronnie Hayes,,Joe Barry Cup,Hector Galindo,George Olivas,2020,,,,,,,,,,,,,,Penalty Block,
Foul (6),1101948,25000,Live,Chukka 2,International Polo Club,Palm Beach Equine vs Patagones,Unknown,January 09. 2020,Lucas Diaz Alberdi,Search Livestream,,Group,Palm Beach Equine,Ronnie Hayes,,Joe Barry Cup,Hector Galindo,George Olivas,2020,,85;31,Attacking 30,,,Foul,Improper Procedure,Penalty 5,,,,,,,
Foul Received (6),1101948,25000,Live,Chukka 2,International Polo Club,Palm Beach Equine vs Patagones,Unknown,January 09. 2020,Benjamin Avendano,Search Livestream,,Group,Patagones,Ronnie Hayes,,Joe Barry Cup,Hector Galindo,George Olivas,2020,,66;268,Defending 30,,,Foul Received,Improper Procedure,Penalty 5,,,,,,,
Penalty 5 (3),1159263,30000,Live,Chukka 2,International Polo Club,Palm Beach Equine vs Patagones,Unknown,January 09. 2020,Santiago Toccalino,Search Livestream,Penalty 5,Group,Patagones,Ronnie Hayes,,Joe Barry Cup,Hector Galindo,George Olivas,2020,,,,,,,,,,,,,,,
Foul (7),1206052,25000,Live,Chukka 2,International Polo Club,Palm Beach Equine vs Patagones,Unknown,January 09. 2020,Gringo Colombres,Search Livestream,,Group,Palm Beach Equine,Ronnie Hayes,,Joe Barry Cup,Hector Galindo,George Olivas,2020,,119;127,Attacking Half,,,Foul,Delay of Game,Penalty 60 yards,,,,,,,
Foul Received (7),1206052,25000,Live,Chukka 2,International Polo Club,Palm Beach Equine vs Patagones,Unknown,January 09. 2020,Tomas Garcia del Rio,Search Livestream,,Group,Patagones,Ronnie Hayes,,Joe Barry Cup,Hector Galindo,George Olivas,2020,,19;171,Defending Half,,,Foul Received,Delay of Game,Penalty 60 yards,,,,,,,
Yellow Card,1219223,10000,Live,Chukka 2,International Polo Club,Palm Beach Equine vs Patagones,Unknown,January 09. 2020,Gringo Colombres,Search Livestream,,Group,Palm Beach Equine,Ronnie Hayes,,Joe Barry Cup,Hector Galindo,George Olivas,2020,,140;131,Attacking Half,,,Yellow Card,Delay of Game,,,,,,,,
Penalty 60 yards (3),1288889,15000,Live,Chukka 2,International Polo Club,Palm Beach Equine vs Patagones,Unknown,January 09. 2020,Tomas Garcia del Rio,Search Livestream,,Group,Patagones,Ronnie Hayes,,Joe Barry Cup,Hector Galindo,George Olivas,2020,,,,,,,,,Penalty 60 yards,Goal,,,,,
Goal Patagones (2),1271933,35000,Live,Chukka 2,International Polo Club,Palm Beach Equine vs Patagones,Unknown,January 09. 2020,Tomas Garcia del Rio,Search Livestream,,Group,Patagones,Ronnie Hayes,,Joe Barry Cup,Hector Galindo,George Olivas,2020,,,,,,,,,,,Goal Patagones,,,,
Throw-in (5),1327064,20000,Live,Chukka 2,International Polo Club,Palm Beach Equine vs Patagones,Unknown,January 09. 2020,Gringo Colombres,Search Livestream,Throw-in,Group,Palm Beach Equine,Ronnie Hayes,Palm Beach Equine win throw-in,Joe Barry Cup,Hector Galindo,George Olivas,2020,,,,,,,,,,,,,,,
Throw-in (6),1407177,20000,Live,Chukka 3,International Polo Club,Palm Beach Equine vs Patagones,Unknown,January 09. 2020,Gonzalo Ferrari,Search Livestream,Throw-in,Group,Palm Beach Equine,Ronnie Hayes,Palm Beach Equine win throw-in,Joe Barry Cup,Hector Galindo,George Olivas,2020,,,,,,,,,,,,,,,
Shot At Goal (8),1410739,35000,Live,Chukka 3,International Polo Club,Palm Beach Equine vs Patagones,Unknown,January 09. 2020,Benjamin Avendano,Search Livestream,,Group,Patagones,Ronnie Hayes,,Joe Barry Cup,Hector Galindo,George Olivas,2020,Shot At Goal,112;18,Attacking 30,Wide,,,,,,,,,,,
Assist (1),1425739,25000,Live,Chukka 3,International Polo Club,Palm Beach Equine vs Patagones,Unknown,January 09. 2020,Tomas Garcia del Rio,Search Livestream,,Group,Patagones,Ronnie Hayes,,Joe Barry Cup,Hector Galindo,George Olivas,2020,,,,,,,,,,,,Tomas Garcia del Rio,Unsuccessful,,
Knock In (4),1478047,40000,Live,Chukka 3,International Polo Club,Palm Beach Equine vs Patagones,Unknown,January 09. 2020,Gringo Colombres,Search Livestream,Knock In,Group,Palm Beach Equine,Ronnie Hayes,,Joe Barry Cup,Hector Galindo,George Olivas,2020,,,,,Lucas Diaz Alberdi,,,,,,,,,,
Foul (8),1488133,25000,Live,Chukka 3,International Polo Club,Palm Beach Equine vs Patagones,Unknown,January 09. 2020,Lucas Diaz Alberdi,Search Livestream,,Group,Palm Beach Equine,Ronnie Hayes,,Joe Barry Cup,Hector Galindo,George Olivas,2020,,146;251,Defending 60,,,Foul,Right of Way,Penalty 5,,,,,,,
Foul Received (8),1488133,25000,Live,Chukka 3,International Polo Club,Palm Beach Equine vs Patagones,Unknown,January 09. 2020,Mateo Vallejos,Search Livestream,,Group,Patagones,Ronnie Hayes,,Joe Barry Cup,Hector Galindo,George Olivas,2020,,3;44,Attacking 60,,,Foul Received,Right of Way,Penalty 5,,,,,,,
Penalty 5 (4),1553046,30000,Live,Chukka 3,International Polo Club,Palm Beach Equine vs Patagones,Unknown,January 09. 2020,Tomas Garcia del Rio,Search Livestream,Penalty 5,Group,Patagones,Ronnie Hayes,,Joe Barry Cup,Hector Galindo,George Olivas,2020,,,,,,,,,,,,,,,
Shot At Goal (9),1527822,35000,Live,Chukka 3,International Polo Club,Palm Beach Equine vs Patagones,Unknown,January 09. 2020,Tomas Garcia del Rio,Search Livestream,,Group,Patagones,Ronnie Hayes,,Joe Barry Cup,Hector Galindo,George Olivas,2020,Shot At Goal,23;35,Attacking 30,Wide,,,,,,,,,,,
Knock In (5),1576412,40000,Live,Chukka 3,International Polo Club,Palm Beach Equine vs Patagones,Unknown,January 09. 2020,Gringo Colombres,Search Livestream,Knock In,Group,Palm Beach Equine,Ronnie Hayes,,Joe Barry Cup,Hector Galindo,George Olivas,2020,,,,,Gonzalo Ferrari,,,,,,,,,,
Shot At Goal (10),1592887,35000,Live,Chukka 3,International Polo Club,Palm Beach Equine vs Patagones,Unknown,January 09. 2020,Mateo Vallejos,Search Livestream,,Group,Patagones,Ronnie Hayes,,Joe Barry Cup,Hector Galindo,George Olivas,2020,Shot At Goal,73;35,Attacking 30,Wide,,,,,,,,,,,
Assist (2),1611091,25000,Live,Chukka 3,International Polo Club,Palm Beach Equine vs Patagones,Unknown,January 09. 2020,Santiago Toccalino,Search Livestream,,Group,Patagones,Ronnie Hayes,,Joe Barry Cup,Hector Galindo,George Olivas,2020,,,,,,,,,,,,Santiago Toccalino,Unsuccessful,,
Knock In (6),1638907,40000,Live,Chukka 3,International Polo Club,Palm Beach Equine vs Patagones,Unknown,January 09. 2020,Gonzalo Ferrari,Search Livestream,Knock In,Group,Palm Beach Equine,Ronnie Hayes,,Joe Barry Cup,Hector Galindo,George Olivas,2020,,,,,Gringo Colombres,,,,,,,,,,
Foul (9),1648327,25000,Live,Chukka 3,International Polo Club,Palm Beach Equine vs Patagones,Unknown,January 09. 2020,Unknown,Search Livestream,,Group,Palm Beach Equine,Ronnie Hayes,,Joe Barry Cup,Hector Galindo,George Olivas,2020,,63;177,Defending Half,,,Foul,Unknown,Penalty 60 yards,,,,,,,
Foul Received (9),1648327,25000,Live,Chukka 3,International Polo Club,Palm Beach Equine vs Patagones,Unknown,January 09. 2020,Unknown,Search Livestream,,Group,Patagones,Ronnie Hayes,,Joe Barry Cup,Hector Galindo,George Olivas,2020,,89;125,Attacking Half,,,Foul Received,Unknown,Penalty 60 yards,,,,,,,
Penalty 60 yards (4),1727268,15000,Live,Chukka 3,International Polo Club,Palm Beach Equine vs Patagones,Unknown,January 09. 2020,Tomas Garcia del Rio,Search Livestream,,Group,Patagones,Ronnie Hayes,,Joe Barry Cup,Hector Galindo,George Olivas,2020,,,,,,,,,Penalty 60 yards,Short,,,,,
Shot At Goal (11),1709704,35000,Live,Chukka 3,International Polo Club,Palm Beach Equine vs Patagones,Unknown,January 09. 2020,Mateo Vallejos,Search Livestream,,Group,Patagones,Ronnie Hayes,,Joe Barry Cup,Hector Galindo,George Olivas,2020,Shot At Goal,69;8,Attacking 30,Goal,,,,,,,,,,,
Goal Patagones (3),1711706,35000,Live,Chukka 3,International Polo Club,Palm Beach Equine vs Patagones,Unknown,January 09. 2020,Mateo Vallejos,Search Livestream,,Group,Patagones,Ronnie Hayes,,Joe Barry Cup,Hector Galindo,George Olivas,2020,,,,,,,,,,,Goal Patagones,,,,
Throw-in (7),1768271,20000,Live,Chukka 3,International Polo Club,Palm Beach Equine vs Patagones,Unknown,January 09. 2020,Gonzalo Ferrari,Search Livestream,Throw-in,Group,Palm Beach Equine,Ronnie Hayes,Palm Beach Equine win throw-in,Joe Barry Cup,Hector Galindo,George Olivas,2020,,,,,,,,,,,,,,,
Free Hit (1),1816920,20000,Live,Chukka 3,International Polo Club,Palm Beach Equine vs Patagones,Unknown,January 09. 2020,Gringo Colombres,Search Livestream,Free Hit,Group,Palm Beach Equine,Ronnie Hayes,,Joe Barry Cup,Hector Galindo,George Olivas,2020,,,,,,,,,,,,,,,
Foul (10),1823669,25000,Live,Chukka 3,International Polo Club,Palm Beach Equine vs Patagones,Unknown,January 09. 2020,Tomas Garcia del Rio,Search Livestream,,Group,Patagones,Ronnie Hayes,,Joe Barry Cup,Hector Galindo,George Olivas,2020,,80;267,Defending 30,,,Foul,Right of Way,Penalty 30 yards,,,,,,,
Foul Received (10),1823669,25000,Live,Chukka 3,International Polo Club,Palm Beach Equine vs Patagones,Unknown,January 09. 2020,Lucas Diaz Alberdi,Search Livestream,,Group,Palm Beach Equine,Ronnie Hayes,,Joe Barry Cup,Hector Galindo,George Olivas,2020,,69;27,Attacking 30,,,Foul Received,Right of Way,Penalty 30 yards,,,,,,,
Penalty 30 yards,1861603,15000,Live,Chukka 3,International Polo Club,Palm Beach Equine vs Patagones,Unknown,January 09. 2020,Gonzalo Ferrari,Search Livestream,,Group,Palm Beach Equine,Ronnie Hayes,,Joe Barry Cup,Hector Galindo,George Olivas,2020,,,,,,,,,Penalty 30 yards,Goal,,,,,
Goal Palm Beach Equine (2),1844739,35000,Live,Chukka 3,International Polo Club,Palm Beach Equine vs Patagones,Unknown,January 09. 2020,Gonzalo Ferrari,Search Livestream,,Group,Palm Beach Equine,Ronnie Hayes,,Joe Barry Cup,Hector Galindo,George Olivas,2020,,,,,,,,,,,Goal Palm Beach Equine,,,,
Throw-in (8),1901170,20000,Live,Chukka 3,International Polo Club,Palm Beach Equine vs Patagones,Unknown,January 09. 2020,Gringo Colombres,Search Livestream,Throw-in,Group,Palm Beach Equine,Ronnie Hayes,Palm Beach Equine win throw-in,Joe Barry Cup,Hector Galindo,George Olivas,2020,,,,,,,,,,,,,,,
Non Call (2),1920364,20000,Live,Chukka 3,International Polo Club,Palm Beach Equine vs Patagones,Unknown,January 09. 2020,,Search Livestream,,Group,Team,Ronnie Hayes,,Joe Barry Cup,Hector Galindo,George Olivas,2020,,,,,,Non Call,Dangerous Riding,,,,,,,,
Shot At Goal (12),1908002,35000,Live,Chukka 3,International Polo Club,Palm Beach Equine vs Patagones,Unknown,January 09. 2020,Benjamin Avendano,Search Livestream,,Group,Patagones,Ronnie Hayes,,Joe Barry Cup,Hector Galindo,George Olivas,2020,Shot At Goal,54;9,Attacking 30,Wide,,,,,,,,,,,
Knock In (7),1947816,40000,Live,Chukka 3,International Polo Club,Palm Beach Equine vs Patagones,Unknown,January 09. 2020,Gringo Colombres,Search Livestream,Knock In,Group,Palm Beach Equine,Ronnie Hayes,,Joe Barry Cup,Hector Galindo,George Olivas,2020,,,,,Gonzalo Ferrari,,,,,,,,,,
Shot At Goal (13),1988616,35000,Live,Chukka 3,International Polo Club,Palm Beach Equine vs Patagones,Unknown,January 09. 2020,Tomas Garcia del Rio,Search Livestream,,Group,Patagones,Ronnie Hayes,,Joe Barry Cup,Hector Galindo,George Olivas,2020,Shot At Goal,66;21,Attacking 30,Goal,,,,,,,,,,,
Goal Patagones (4),1989884,35000,Live,Chukka 3,International Polo Club,Palm Beach Equine vs Patagones,Unknown,January 09. 2020,Tomas Garcia del Rio,Search Livestream,,Group,Patagones,Ronnie Hayes,,Joe Barry Cup,Hector Galindo,George Olivas,2020,,,,,,,,,,,Goal Patagones,,,,Goals
Throw-in (9),2171040,20000,Live,Chukka 4,International Polo Club,Palm Beach Equine vs Patagones,Unknown,January 09. 2020,Santiago Toccalino,Search Livestream,Throw-in,Group,Patagones,Ronnie Hayes,Patagones win throw-in,Joe Barry Cup,Hector Galindo,George Olivas,2020,,,,,,,,,,,,,,,
Shot At Goal (14),2185746,35000,Live,Chukka 4,International Polo Club,Palm Beach Equine vs Patagones,Unknown,January 09. 2020,Gringo Colombres,Search Livestream,,Group,Palm Beach Equine,Ronnie Hayes,,Joe Barry Cup,Hector Galindo,George Olivas,2020,Shot At Goal,71;9,Attacking 30,Goal,,,,,,,,,,,
Goal Palm Beach Equine (3),2187215,35000,Live,Chukka 4,International Polo Club,Palm Beach Equine vs Patagones,Unknown,January 09. 2020,Gringo Colombres,Search Livestream,,Group,Palm Beach Equine,Ronnie Hayes,,Joe Barry Cup,Hector Galindo,George Olivas,2020,,,,,,,,,,,Goal Palm Beach Equine,,,,
Throw-in (10),2242366,20000,Live,Chukka 4,International Polo Club,Palm Beach Equine vs Patagones,Unknown,January 09. 2020,Gringo Colombres,Search Livestream,Throw-in,Group,Palm Beach Equine,Ronnie Hayes,Palm Beach Equine win throw-in,Joe Barry Cup,Hector Galindo,George Olivas,2020,,,,,,,,,,,,,,,
Foul (11),2243722,25000,Live,Chukka 4,International Polo Club,Palm Beach Equine vs Patagones,Unknown,January 09. 2020,Santiago Toccalino,Search Livestream,,Group,Patagones,Ronnie Hayes,,Joe Barry Cup,Hector Galindo,George Olivas,2020,,91;109,Attacking Half,,,Foul,Cross/High Hook,Penalty 30 yards,,,,,,,
Foul Received (11),2243722,25000,Live,Chukka 4,International Polo Club,Palm Beach Equine vs Patagones,Unknown,January 09. 2020,Lucas Diaz Alberdi,Search Livestream,,Group,Palm Beach Equine,Ronnie Hayes,,Joe Barry Cup,Hector Galindo,George Olivas,2020,,54;199,Defending Half,,,Foul Received,Cross/High Hook,Penalty 30 yards,,,,,,,
Penalty 30 yards (1),2391999,15000,Live,Chukka 4,International Polo Club,Palm Beach Equine vs Patagones,Unknown,January 09. 2020,Gonzalo Ferrari,Search Livestream,,Group,Palm Beach Equine,Ronnie Hayes,,Joe Barry Cup,Hector Galindo,George Olivas,2020,,,,,,,,,Penalty 30 yards,Goal,,,,,
Goal Palm Beach Equine (4),2377772,35000,Live,Chukka 4,International Polo Club,Palm Beach Equine vs Patagones,Unknown,January 09. 2020,Gonzalo Ferrari,Search Livestream,,Group,Palm Beach Equine,Ronnie Hayes,,Joe Barry Cup,Hector Galindo,George Olivas,2020,,,,,,,,,,,Goal Palm Beach Equine,,,,
Throw-in (11),2427863,20000,Live,Chukka 4,International Polo Club,Palm Beach Equine vs Patagones,Unknown,January 09. 2020,Santiago Toccalino,Search Livestream,Throw-in,Group,Patagones,Ronnie Hayes,Patagones win throw-in,Joe Barry Cup,Hector Galindo,George Olivas,2020,,,,,,,,,,,,,,,
Free Hit (2),2457726,20000,Live,Chukka 4,International Polo Club,Palm Beach Equine vs Patagones,Unknown,January 09. 2020,Tomas Garcia del Rio,Search Livestream,Free Hit,Group,Patagones,Ronnie Hayes,,Joe Barry Cup,Hector Galindo,George Olivas,2020,,,,,,,,,,,,,,,
Shot At Goal (15),2445339,35000,Live,Chukka 4,International Polo Club,Palm Beach Equine vs Patagones,Unknown,January 09. 2020,Santiago Toccalino,Search Livestream,,Group,Patagones,Ronnie Hayes,,Joe Barry Cup,Hector Galindo,George Olivas,2020,Shot At Goal,71;13,Attacking 30,Goal,,,,,,,,,,,
Goal Patagones (5),2446440,35000,Live,Chukka 4,International Polo Club,Palm Beach Equine vs Patagones,Unknown,January 09. 2020,Santiago Toccalino,Search Livestream,,Group,Patagones,Ronnie Hayes,,Joe Barry Cup,Hector Galindo,George Olivas,2020,,,,,,,,,,,Goal Patagones,,,,
Assist (3),2464310,25000,Live,Chukka 4,International Polo Club,Palm Beach Equine vs Patagones,Unknown,January 09. 2020,Tomas Garcia del Rio,Search Livestream,,Group,Patagones,Ronnie Hayes,,Joe Barry Cup,Hector Galindo,George Olivas,2020,,,,,,,,,,,,Tomas Garcia del Rio,Successful,,
Throw-in (12),2502771,20000,Live,Chukka 4,International Polo Club,Palm Beach Equine vs Patagones,Unknown,January 09. 2020,Lucas Diaz Alberdi,Search Livestream,Throw-in,Group,Palm Beach Equine,Ronnie Hayes,Palm Beach Equine win throw-in,Joe Barry Cup,Hector Galindo,George Olivas,2020,,,,,,,,,,,,,,,
Shot At Goal (16),2513440,35000,Live,Chukka 4,International Polo Club,Palm Beach Equine vs Patagones,Unknown,January 09. 2020,Lucas Diaz Alberdi,Search Livestream,,Group,Palm Beach Equine,Ronnie Hayes,,Joe Barry Cup,Hector Galindo,George Olivas,2020,Shot At Goal,76;16,Attacking 30,Wide,,,,,,,,,,,
Assist (4),2528440,25000,Live,Chukka 4,International Polo Club,Palm Beach Equine vs Patagones,Unknown,January 09. 2020,Gringo Colombres,Search Livestream,,Group,Palm Beach Equine,Ronnie Hayes,,Joe Barry Cup,Hector Galindo,George Olivas,2020,,,,,,,,,,,,Gringo Colombres,Unsuccessful,,
Knock In (8),2565800,40000,Live,Chukka 4,International Polo Club,Palm Beach Equine vs Patagones,Unknown,January 09. 2020,Tomas Garcia del Rio,Search Livestream,Knock In,Group,Patagones,Ronnie Hayes,,Joe Barry Cup,Hector Galindo,George Olivas,2020,,,,,Santiago Toccalino,,,,,,,,,,
Foul (12),2614158,25000,Live,Chukka 4,International Polo Club,Palm Beach Equine vs Patagones,Unknown,January 09. 2020,Santiago Toccalino,Search Livestream,,Group,Patagones,Ronnie Hayes,,Joe Barry Cup,Hector Galindo,George Olivas,2020,,55;204,Defending Half,,,Foul,Blocking,Reversed Call,,,,,,,
Foul Received (12),2614158,25000,Live,Chukka 4,International Polo Club,Palm Beach Equine vs Patagones,Unknown,January 09. 2020,Gringo Colombres,Search Livestream,,Group,Palm Beach Equine,Ronnie Hayes,,Joe Barry Cup,Hector Galindo,George Olivas,2020,,97;86,Attacking Half,,,Foul Received,Blocking,Reversed Call,,,,,,,
Throw-in (13),2660896,20000,Live,Chukka 4,International Polo Club,Palm Beach Equine vs Patagones,Unknown,January 09. 2020,Tomas Garcia del Rio,Search Livestream,Throw-in,Group,Patagones,Ronnie Hayes,Patagones win throw-in,Joe Barry Cup,Hector Galindo,George Olivas,2020,,,,,,,,,,,,,,,
Non Call (3),2706283,20000,Live,Chukka 4,International Polo Club,Palm Beach Equine vs Patagones,Unknown,January 09. 2020,,Search Livestream,,Group,Team,Ronnie Hayes,,Joe Barry Cup,Hector Galindo,George Olivas,2020,,,,,,Non Call,Right of Way,,,,,,,,
Foul (13),2716594,25000,Live,Chukka 4,International Polo Club,Palm Beach Equine vs Patagones,Unknown,January 09. 2020,Gringo Colombres,Search Livestream,,Group,Palm Beach Equine,Ronnie Hayes,,Joe Barry Cup,Hector Galindo,George Olivas,2020,,126;122,Attacking Half,,,Foul,Riding Into Shot,Penalty 5,,,,,,,
Foul Received (13),2716594,25000,Live,Chukka 4,International Polo Club,Palm Beach Equine vs Patagones,Unknown,January 09. 2020,Mateo Vallejos,Search Livestream,,Group,Patagones,Ronnie Hayes,,Joe Barry Cup,Hector Galindo,George Olivas,2020,,14;121,Attacking Half,,,Foul Received,Riding Into Shot,Penalty 5,,,,,,,
Penalty 5 (5),2752421,30000,Live,Chukka 4,International Polo Club,Palm Beach Equine vs Patagones,Unknown,January 09. 2020,Santiago Toccalino,Search Livestream,Penalty 5,Group,Patagones,Ronnie Hayes,,Joe Barry Cup,Hector Galindo,George Olivas,2020,,,,,,,,,,,,,,,
Knock In (9),2854989,40000,Live,Chukka 4,International Polo Club,Palm Beach Equine vs Patagones,Unknown,January 09. 2020,Gringo Colombres,Search Livestream,Knock In,Group,Palm Beach Equine,Ronnie Hayes,,Joe Barry Cup,Hector Galindo,George Olivas,2020,,,,,Lucas Diaz Alberdi,,,,,,,,,,
Safety 60,2929937,15000,Live,Chukka 5,International Polo Club,Palm Beach Equine vs Patagones,Unknown,January 09. 2020,Gringo Colombres,Search Livestream,,Group,Palm Beach Equine,Ronnie Hayes,,Joe Barry Cup,Hector Galindo,George Olivas,2020,,,,,,,,,Safety 60,Blocked,,,,,
Penalty Block (1),2936238,10000,Live,Chukka 5,International Polo Club,Palm Beach Equine vs Patagones,Unknown,January 09. 2020,Benjamin Avendano,Search Livestream,,Group,Patagones,Ronnie Hayes,,Joe Barry Cup,Hector Galindo,George Olivas,2020,,,,,,,,,,,,,,Penalty Block,
Shot At Goal (17),2939399,35000,Live,Chukka 5,International Polo Club,Palm Beach Equine vs Patagones,Unknown,January 09. 2020,Benjamin Avendano,Search Livestream,,Group,Patagones,Ronnie Hayes,,Joe Barry Cup,Hector Galindo,George Olivas,2020,Shot At Goal,80;40,Attacking 60,Blocked,,,,,,,,,,,
Shot Block (1),2969004,10000,Live,Chukka 5,International Polo Club,Palm Beach Equine vs Patagones,Unknown,January 09. 2020,Gonzalo Ferrari,Search Livestream,,Group,Palm Beach Equine,Ronnie Hayes,,Joe Barry Cup,Hector Galindo,George Olivas,2020,,,,,,,,,,,,,,Shot Block,
Foul (14),2967111,25000,Live,Chukka 5,International Polo Club,Palm Beach Equine vs Patagones,Unknown,January 09. 2020,Gonzalo Ferrari,Search Livestream,,Group,Palm Beach Equine,Ronnie Hayes,,Joe Barry Cup,Hector Galindo,George Olivas,2020,,62;285,Defending 30,,,Foul,Right of Way,Penalty 30 yards,,,,,,,
Foul Received (14),2967111,25000,Live,Chukka 5,International Polo Club,Palm Beach Equine vs Patagones,Unknown,January 09. 2020,Tomas Garcia del Rio,Search Livestream,,Group,Patagones,Ronnie Hayes,,Joe Barry Cup,Hector Galindo,George Olivas,2020,,83;15,Attacking 30,,,Foul Received,Right of Way,Penalty 30 yards,,,,,,,
Penalty 30 yards Spot,3023959,10000,Live,Chukka 5,International Polo Club,Palm Beach Equine vs Patagones,Unknown,January 09. 2020,Tomas Garcia del Rio,Search Livestream,,Group,Patagones,Ronnie Hayes,,Joe Barry Cup,Hector Galindo,George Olivas,2020,,,,,,,,,Penalty 30 yards Spot,Goal,,,,,
Goal Patagones (6),3003430,35000,Live,Chukka 5,International Polo Club,Palm Beach Equine vs Patagones,Unknown,January 09. 2020,Tomas Garcia del Rio,Search Livestream,,Group,Patagones,Ronnie Hayes,,Joe Barry Cup,Hector Galindo,George Olivas,2020,,,,,,,,,,,Goal Patagones,,,,
Throw-in (14),3053492,20000,Live,Chukka 5,International Polo Club,Palm Beach Equine vs Patagones,Unknown,January 09. 2020,Tomas Garcia del Rio,Search Livestream,Throw-in,Group,Patagones,Ronnie Hayes,Patagones win throw-in,Joe Barry Cup,Hector Galindo,George Olivas,2020,,,,,,,,,,,,,,,
Foul (15),3089767,25000,Live,Chukka 5,International Polo Club,Palm Beach Equine vs Patagones,Unknown,January 09. 2020,Gonzalo Ferrari,Search Livestream,,Group,Palm Beach Equine,Ronnie Hayes,,Joe Barry Cup,Hector Galindo,George Olivas,2020,,5;165,Defending Half,,,Foul,Right of Way,Penalty 5,,,,,,,
Foul Received (15),3089767,25000,Live,Chukka 5,International Polo Club,Palm Beach Equine vs Patagones,Unknown,January 09. 2020,Benjamin Avendano,Search Livestream,,Group,Patagones,Ronnie Hayes,,Joe Barry Cup,Hector Galindo,George Olivas,2020,,141;134,Attacking Half,,,Foul Received,Right of Way,Penalty 5,,,,,,,
Penalty 5 (6),3129531,30000,Live,Chukka 5,International Polo Club,Palm Beach Equine vs Patagones,Unknown,January 09. 2020,Tomas Garcia del Rio,Search Livestream,Penalty 5,Group,Patagones,Ronnie Hayes,,Joe Barry Cup,Hector Galindo,George Olivas,2020,,,,,,,,,,,,,,,
Foul (16),3122800,25000,Live,Chukka 5,International Polo Club,Palm Beach Equine vs Patagones,Unknown,January 09. 2020,Lucas Diaz Alberdi,Search Livestream,,Group,Palm Beach Equine,Ronnie Hayes,,Joe Barry Cup,Hector Galindo,George Olivas,2020,,138;203,Defending Half,,,Foul,Dangerous Riding,Penalty 30 yards,,,,,,,
Foul Received (16),3122800,25000,Live,Chukka 5,International Polo Club,Palm Beach Equine vs Patagones,Unknown,January 09. 2020,Mateo Vallejos,Search Livestream,,Group,Patagones,Ronnie Hayes,,Joe Barry Cup,Hector Galindo,George Olivas,2020,,13;113,Attacking Half,,,Foul Received,Dangerous Riding,Penalty 30 yards,,,,,,,
Penalty 30 yards (2),3212452,15000,Live,Chukka 5,International Polo Club,Palm Beach Equine vs Patagones,Unknown,January 09. 2020,Tomas Garcia del Rio,Search Livestream,,Group,Patagones,Ronnie Hayes,,Joe Barry Cup,Hector Galindo,George Olivas,2020,,,,,,,,,Penalty 30 yards,Wide,,,,,
Knock In (10),3234435,40000,Live,Chukka 5,International Polo Club,Palm Beach Equine vs Patagones,Unknown,January 09. 2020,Gringo Colombres,Search Livestream,Knock In,Group,Palm Beach Equine,Ronnie Hayes,,Joe Barry Cup,Hector Galindo,George Olivas,2020,,,,,Lucas Diaz Alberdi,,,,,,,,,,
Shot At Goal (18),3314274,35000,Live,Chukka 5,International Polo Club,Palm Beach Equine vs Patagones,Unknown,January 09. 2020,Gringo Colombres,Search Livestream,,Group,Palm Beach Equine,Ronnie Hayes,,Joe Barry Cup,Hector Galindo,George Olivas,2020,Shot At Goal,62;38,Attacking 30,Wide,,,,,,,,,,,
Knock In (11),3360948,40000,Live,Chukka 5,International Polo Club,Palm Beach Equine vs Patagones,Unknown,January 09. 2020,Santiago Toccalino,Search Livestream,Knock In,Group,Patagones,Ronnie Hayes,,Joe Barry Cup,Hector Galindo,George Olivas,2020,,,,,,,,,,,,,,,
Foul (17),3368112,25000,Live,Chukka 5,International Polo Club,Palm Beach Equine vs Patagones,Unknown,January 09. 2020,Lucas Diaz Alberdi,Search Livestream,,Group,Palm Beach Equine,Ronnie Hayes,,Joe Barry Cup,Hector Galindo,George Olivas,2020,,6;47,Attacking 60,,,Foul,Right of Way,Penalty 5B,,,,,,,
Foul Received (17),3368112,25000,Live,Chukka 5,International Polo Club,Palm Beach Equine vs Patagones,Unknown,January 09. 2020,Tomas Garcia del Rio,Search Livestream,,Group,Patagones,Ronnie Hayes,,Joe Barry Cup,Hector Galindo,George Olivas,2020,,146;252,Defending 60,,,Foul Received,,Penalty 5B,,,,,,,
Penalty 5b,3444646,30000,Live,Chukka 5,International Polo Club,Palm Beach Equine vs Patagones,Unknown,January 09. 2020,Tomas Garcia del Rio,Search Livestream,Penalty 5b,Group,Patagones,Ronnie Hayes,,Joe Barry Cup,Hector Galindo,George Olivas,2020,,,,,,,,,,,,,,,
Throw-in (15),3691325,20000,Live,Chukka 6,International Polo Club,Palm Beach Equine vs Patagones,Unknown,January 09. 2020,Gringo Colombres,Search Livestream,Throw-in,Group,Palm Beach Equine,Ronnie Hayes,Palm Beach Equine win throw-in,Joe Barry Cup,Hector Galindo,George Olivas,2020,,,,,,,,,,,,,,,
Foul (18),3688165,25000,Live,Chukka 6,International Polo Club,Palm Beach Equine vs Patagones,Unknown,January 09. 2020,Gringo Colombres,Search Livestream,,Group,Palm Beach Equine,Ronnie Hayes,,Joe Barry Cup,Hector Galindo,George Olivas,2020,,141;117,Attacking Half,,,Foul,Right of Way,Penalty 5,,,,,,,
Foul Received (18),3688165,25000,Live,Chukka 6,International Polo Club,Palm Beach Equine vs Patagones,Unknown,January 09. 2020,Tomas Garcia del Rio,Search Livestream,,Group,Patagones,Ronnie Hayes,,Joe Barry Cup,Hector Galindo,George Olivas,2020,,4;183,Defending Half,,,Foul Received,Right of Way,Penalty 5,,,,,,,
Penalty 5 (7),3727795,30000,Live,Chukka 6,International Polo Club,Palm Beach Equine vs Patagones,Unknown,January 09. 2020,Tomas Garcia del Rio,Search Livestream,Penalty 5,Group,Patagones,Ronnie Hayes,,Joe Barry Cup,Hector Galindo,George Olivas,2020,,,,,,,,,,,,,,,
Shot At Goal (19),3712438,35000,Live,Chukka 6,International Polo Club,Palm Beach Equine vs Patagones,Unknown,January 09. 2020,Mateo Vallejos,Search Livestream,,Group,Patagones,Ronnie Hayes,,Joe Barry Cup,Hector Galindo,George Olivas,2020,Shot At Goal,57;39,Attacking 60,Wide,,,,,,,,,,,
Assist (5),3728272,25000,Live,Chukka 6,International Polo Club,Palm Beach Equine vs Patagones,Unknown,January 09. 2020,Tomas Garcia del Rio,Search Livestream,,Group,Patagones,Ronnie Hayes,,Joe Barry Cup,Hector Galindo,George Olivas,2020,,,,,,,,,,,,Tomas Garcia del Rio,Unsuccessful,,
Knock In (12),3756423,40000,Live,Chukka 6,International Polo Club,Palm Beach Equine vs Patagones,Unknown,January 09. 2020,Gringo Colombres,Search Livestream,Knock In,Group,Palm Beach Equine,Ronnie Hayes,,Joe Barry Cup,Hector Galindo,George Olivas,2020,,,,,Gonzalo Ferrari,,,,,,,,,,
Shot At Goal (20),3753713,35000,Live,Chukka 6,International Polo Club,Palm Beach Equine vs Patagones,Unknown,January 09. 2020,Gonzalo Ferrari,Search Livestream,,Group,Palm Beach Equine,Ronnie Hayes,,Joe Barry Cup,Hector Galindo,George Olivas,2020,Shot At Goal,96;22,Attacking 30,Goal,,,,,,,,,,,
Goal Palm Beach Equine (5),3756816,35000,Live,Chukka 6,International Polo Club,Palm Beach Equine vs Patagones,Unknown,January 09. 2020,Gonzalo Ferrari,Search Livestream,,Group,Palm Beach Equine,Ronnie Hayes,,Joe Barry Cup,Hector Galindo,George Olivas,2020,,,,,,,,,,,Goal Palm Beach Equine,,,,
Assist (6),3773351,25000,Live,Chukka 6,International Polo Club,Palm Beach Equine vs Patagones,Unknown,January 09. 2020,Gringo Colombres,Search Livestream,,Group,Palm Beach Equine,Ronnie Hayes,,Joe Barry Cup,Hector Galindo,George Olivas,2020,,,,,,,,,,,,Gringo Colombres,Successful,,
Throw-in (16),3810845,20000,Live,Chukka 6,International Polo Club,Palm Beach Equine vs Patagones,Unknown,January 09. 2020,Mateo Vallejos,Search Livestream,Throw-in,Group,Patagones,Ronnie Hayes,Patagones win throw-in,Joe Barry Cup,Hector Galindo,George Olivas,2020,,,,,,,,,,,,,,,
Non Call (4),3834176,20000,Live,Chukka 6,International Polo Club,Palm Beach Equine vs Patagones,Unknown,January 09. 2020,,Search Livestream,,Group,Team,Ronnie Hayes,,Joe Barry Cup,Hector Galindo,George Olivas,2020,,,,,,Non Call,Right of Way,,,,,,,,
Foul (19),3844254,25000,Live,Chukka 6,International Polo Club,Palm Beach Equine vs Patagones,Unknown,January 09. 2020,Benjamin Avendano,Search Livestream,,Group,Patagones,Ronnie Hayes,,Joe Barry Cup,Hector Galindo,George Olivas,2020,,108;229,Defending 60,,,Foul,Cross/High Hook,Penalty 30 yards,,,,,,,
Foul Received (19),3844254,25000,Live,Chukka 6,International Polo Club,Palm Beach Equine vs Patagones,Unknown,January 09. 2020,Gringo Colombres,Search Livestream,,Group,Palm Beach Equine,Ronnie Hayes,,Joe Barry Cup,Hector Galindo,George Olivas,2020,,52;77,Attacking Half,,,Foul Received,Cross/High Hook,Penalty 30 yards,,,,,,,
Penalty 30 yards (3),3906979,15000,Live,Chukka 6,International Polo Club,Palm Beach Equine vs Patagones,Unknown,January 09. 2020,Gonzalo Ferrari,Search Livestream,,Group,Palm Beach Equine,Ronnie Hayes,,Joe Barry Cup,Hector Galindo,George Olivas,2020,,,,,,,,,Penalty 30 yards,Goal,,,,,
Goal Palm Beach Equine (6),3891384,35000,Live,Chukka 6,International Polo Club,Palm Beach Equine vs Patagones,Unknown,January 09. 2020,Gonzalo Ferrari,Search Livestream,,Group,Palm Beach Equine,Ronnie Hayes,,Joe Barry Cup,Hector Galindo,George Olivas,2020,,,,,,,,,,,Goal Palm Beach Equine,,,,
Throw-in (17),3940708,20000,Live,Chukka 6,International Polo Club,Palm Beach Equine vs Patagones,Unknown,January 09. 2020,Tomas Garcia del Rio,Search Livestream,Throw-in,Group,Patagones,Ronnie Hayes,Patagones win throw-in,Joe Barry Cup,Hector Galindo,George Olivas,2020,,,,,,,,,,,,,,,
Foul (20),3938848,25000,Live,Chukka 6,International Polo Club,Palm Beach Equine vs Patagones,Unknown,January 09. 2020,Benjamin Avendano,Search Livestream,,Group,Patagones,Ronnie Hayes,,Joe Barry Cup,Hector Galindo,George Olivas,2020,,98;112,Attacking Half,,,Foul,Reaching,Penalty 5,,,,,,,
Foul Received (20),3938848,25000,Live,Chukka 6,International Polo Club,Palm Beach Equine vs Patagones,Unknown,January 09. 2020,Scott Swerdlin,Search Livestream,,Group,Palm Beach Equine,Ronnie Hayes,,Joe Barry Cup,Hector Galindo,George Olivas,2020,,28;185,Defending Half,,,Foul Received,Reaching,Penalty 5,,,,,,,
Penalty 5 (8),3983551,30000,Live,Chukka 6,International Polo Club,Palm Beach Equine vs Patagones,Unknown,January 09. 2020,Gonzalo Ferrari,Search Livestream,Penalty 5,Group,Palm Beach Equine,Ronnie Hayes,,Joe Barry Cup,Hector Galindo,George Olivas,2020,,,,,,,,,,,,,,,
Foul (21),4024534,25000,Live,Chukka 6,International Polo Club,Palm Beach Equine vs Patagones,Unknown,January 09. 2020,Gringo Colombres,Search Livestream,,Group,Palm Beach Equine,Ronnie Hayes,,Joe Barry Cup,Hector Galindo,George Olivas,2020,,58;26,Attacking 30,,,Foul,Reaching,Penalty 5,,,,,,,
Foul Received (21),4024534,25000,Live,Chukka 6,International Polo Club,Palm Beach Equine vs Patagones,Unknown,January 09. 2020,Tomas Garcia del Rio,Search Livestream,,Group,Patagones,Ronnie Hayes,,Joe Barry Cup,Hector Galindo,George Olivas,2020,,94;279,Defending 30,,,Foul Received,Reaching,Penalty 5,,,,,,,
Penalty 5 (9),4060528,30000,Live,Chukka 6,International Polo Club,Palm Beach Equine vs Patagones,Unknown,January 09. 2020,Tomas Garcia del Rio,Search Livestream,Penalty 5,Group,Patagones,Ronnie Hayes,,Joe Barry Cup,Hector Galindo,George Olivas,2020,,,,,,,,,,,,,,,
Shot At Goal (21),4083008,35000,Live,Chukka 6,International Polo Club,Palm Beach Equine vs Patagones,Unknown,January 09. 2020,Lucas Diaz Alberdi,Search Livestream,,Group,Palm Beach Equine,Ronnie Hayes,,Joe Barry Cup,Hector Galindo,George Olivas,2020,Shot At Goal,94;27,Attacking 30,Goal,,,,,,,,,,,
Goal Palm Beach Equine (7),4084944,35000,Live,Chukka 6,International Polo Club,Palm Beach Equine vs Patagones,Unknown,January 09. 2020,Lucas Diaz Alberdi,Search Livestream,,Group,Palm Beach Equine,Ronnie Hayes,,Joe Barry Cup,Hector Galindo,George Olivas,2020,,,,,,,,,,,Goal Palm Beach Equine,,,,
Throw-in (18),4142209,20000,Live,Chukka 6,International Polo Club,Palm Beach Equine vs Patagones,Unknown,January 09. 2020,Gringo Colombres,Search Livestream,Throw-in,Group,Palm Beach Equine,Ronnie Hayes,Palm Beach Equine win throw-in,Joe Barry Cup,Hector Galindo,George Olivas,2020,,,,,,,,,,,,,,,
Foul (22),4175752,25000,Live,Chukka 6,International Polo Club,Palm Beach Equine vs Patagones,Unknown,January 09. 2020,Gringo Colombres,Search Livestream,,Group,Palm Beach Equine,Ronnie Hayes,,Joe Barry Cup,Hector Galindo,George Olivas,2020,,80;190,Defending Half,,,Foul,Blocking,Penalty 30 yards,,,,,,,
Foul Received (22),4175752,25000,Live,Chukka 6,International Polo Club,Palm Beach Equine vs Patagones,Unknown,January 09. 2020,Tomas Garcia del Rio,Search Livestream,,Group,Patagones,Ronnie Hayes,,Joe Barry Cup,Hector Galindo,George Olivas,2020,,82;108,Attacking Half,,,Foul Received,Blocking,Penalty 30 yards,,,,,,,
Penalty 30 yards (4),4233772,15000,Live,Chukka 6,International Polo Club,Palm Beach Equine vs Patagones,Unknown,January 09. 2020,Santiago Toccalino,Search Livestream,,Group,Patagones,Ronnie Hayes,,Joe Barry Cup,Hector Galindo,George Olivas,2020,,,,,,,,,Penalty 30 yards,Wide,,,,,
Knock In (13),4258558,40000,Live,Chukka 6,International Polo Club,Palm Beach Equine vs Patagones,Unknown,January 09. 2020,Gringo Colombres,Search Livestream,Knock In,Group,Palm Beach Equine,Ronnie Hayes,,Joe Barry Cup,Hector Galindo,George Olivas,2020,,,,,Gonzalo Ferrari,,,,,,,,,,
Shot At Goal (22),4301260,35000,Live,Chukka 6,International Polo Club,Palm Beach Equine vs Patagones,Unknown,January 09. 2020,Gringo Colombres,Search Livestream,,Group,Palm Beach Equine,Ronnie Hayes,,Joe Barry Cup,Hector Galindo,George Olivas,2020,Shot At Goal,72;42,Attacking 60,Wide,,,,,,,,,,,
Knock In (14),4338471,40000,Live,Chukka 6,International Polo Club,Palm Beach Equine vs Patagones,Unknown,January 09. 2020,Tomas Garcia del Rio,Search Livestream,Knock In,Group,Patagones,Ronnie Hayes,,Joe Barry Cup,Hector Galindo,George Olivas,2020,,,,,,,,,,,,,,,