Name,Position,Duration,Camera Angle,Chukka,Club,Game,General Field Area,Goal,Instant Replay Official,Location,Match Date,Player,Search Event,Stage,Team,Third Umpire,Tournament,Umpire 1,Umpire 2,Year,Shot At Goal,Shot At Goal Outcome,Set Play,Throw-in Outcome,Assist,Assist Outcome,Highlight Reel,Foul,Foul Outcome,Foul Type,Penalties,Penalty Outcome,Knock-in Player 2,Collision,Chukka Length
Goal Tonkawa,0,35000,Live,Chukka 1,International Polo Club,Santa Clara vs Tonkawa,Attacking 30,Goal Tonkawa,Unknown,78;3,February 09. 2020,Sapo Caset,Search LiveStream,Group,Tonkawa,Unknown,C.V. Whitney Cup,Unknown,Unknown,2020,,,,,,,,,,,,,,,
Shot At Goal,0,35000,Live,Chukka 1,International Polo Club,Santa Clara vs Tonkawa,Attacking 30,,Unknown,76;18,February 09. 2020,Sapo Caset,Search LiveStream,Group,Tonkawa,Unknown,C.V. Whitney Cup,Unknown,Unknown,2020,Shot At Goal,Goal,,,,,,,,,,,,,
Throw-in,174,20000,Live,Chukka 1,International Polo Club,Santa Clara vs Tonkawa,,,Unknown,,February 09. 2020,Matt Coppola,Search LiveStream,Group,Tonkawa,Unknown,C.V. Whitney Cup,Unknown,Unknown,2020,,,Throw-in,Tonkawa win throw-in,,,,,,,,,,,
Assist,10634,25000,Live,Chukka 1,International Polo Club,Santa Clara vs Tonkawa,,,Unknown,,February 09. 2020,Matt Coppola,Search LiveStream,Group,Tonkawa,Unknown,C.V. Whitney Cup,Unknown,Unknown,2020,,,,,Matt Coppola,Successful,,,,,,,,,
Throw-in (1),57773,20000,Live,Chukka 1,International Polo Club,Santa Clara vs Tonkawa,,,Unknown,,February 09. 2020,Ignatius Du Plessis,Search LiveStream,Group,Santa Clara,Unknown,C.V. Whitney Cup,Unknown,Unknown,2020,,,Throw-in,Tonkawa win throw-in,,,,,,,,,,,
Shot At Goal (1),74302,35000,Live,Chukka 1,International Polo Club,Santa Clara vs Tonkawa,Attacking 30,,Unknown,73;17,February 09. 2020,Ignacio Toccalino,Search LiveStream,Group,Tonkawa,Unknown,C.V. Whitney Cup,Unknown,Unknown,2020,Shot At Goal,Goal,,,,,,,,,,,,,
Goal Tonkawa (1),76058,35000,Live,Chukka 1,International Polo Club,Santa Clara vs Tonkawa,Attacking 30,Goal Tonkawa,Unknown,74;3,February 09. 2020,Ignacio Toccalino,Search LiveStream,Group,Tonkawa,Unknown,C.V. Whitney Cup,Unknown,Unknown,2020,,,,,,,,,,,,,,,
Assist (1),91058,25000,Live,Chukka 1,International Polo Club,Santa Clara vs Tonkawa,,,Unknown,,February 09. 2020,Jeff Hildebrand,Search LiveStream,Group,Tonkawa,Unknown,C.V. Whitney Cup,Unknown,Unknown,2020,,,,,Jeff Hildebrand,Successful,,,,,,,,,
Throw-in (2),135023,20000,Live,Chukka 1,International Polo Club,Santa Clara vs Tonkawa,,,Unknown,,February 09. 2020,Matias Magrini,Search LiveStream,Group,Santa Clara,Unknown,C.V. Whitney Cup,Unknown,Unknown,2020,,,Throw-in,Santa Clara win throw-in,,,,,,,,,,,
Shot At Goal (2),161984,35000,Live,Chukka 1,International Polo Club,Santa Clara vs Tonkawa,Attacking 30,,Unknown,76;13,February 09. 2020,Ignacio Toccalino,Search LiveStream,Group,Tonkawa,Unknown,C.V. Whitney Cup,Unknown,Unknown,2020,Shot At Goal,Goal,,,,,,,,,,,,,
Goal Tonkawa (2),163267,35000,Live,Chukka 1,International Polo Club,Santa Clara vs Tonkawa,Attacking 30,Goal Tonkawa,Unknown,72;3,February 09. 2020,Ignacio Toccalino,Search LiveStream,Group,Tonkawa,Unknown,C.V. Whitney Cup,Unknown,Unknown,2020,,,,,,,Goals,,,,,,,,
Shot At Goal (3),207429,35000,Live,Chukka 1,International Polo Club,Santa Clara vs Tonkawa,Attacking 30,,Unknown,71;21,February 09. 2020,Matt Coppola,Search LiveStream,Group,Tonkawa,Unknown,C.V. Whitney Cup,Unknown,Unknown,2020,Shot At Goal,Goal,,,,,,,,,,,,,
Goal Tonkawa (3),209185,35000,Live,Chukka 1,International Polo Club,Santa Clara vs Tonkawa,Attacking 30,Goal Tonkawa,Unknown,76;2,February 09. 2020,Matt Coppola,Search LiveStream,Group,Tonkawa,Unknown,C.V. Whitney Cup,Unknown,Unknown,2020,,,,,,,Goals,,,,,,,,
Throw-in (3),217236,20000,Live,Chukka 1,International Polo Club,Santa Clara vs Tonkawa,,,Unknown,,February 09. 2020,Matt Coppola,Search LiveStream,Group,Tonkawa,Unknown,C.V. Whitney Cup,Unknown,Unknown,2020,,,Throw-in,Tonkawa win throw-in,,,,,,,,,,,
Shot At Goal (4),254731,35000,Live,Chukka 1,International Polo Club,Santa Clara vs Tonkawa,Attacking 30,,Unknown,77;17,February 09. 2020,Sapo Caset,Search LiveStream,Group,Tonkawa,Unknown,C.V. Whitney Cup,Unknown,Unknown,2020,Shot At Goal,Goal,,,,,,,,,,,,,
Goal Tonkawa (4),256757,35000,Live,Chukka 1,International Polo Club,Santa Clara vs Tonkawa,Attacking 30,Goal Tonkawa,Unknown,73;2,February 09. 2020,Sapo Caset,Search LiveStream,Group,Tonkawa,Unknown,C.V. Whitney Cup,Unknown,Unknown,2020,,,,,,,,,,,,,,,
Throw-in (4),265855,20000,Live,Chukka 1,International Polo Club,Santa Clara vs Tonkawa,,,Unknown,,February 09. 2020,Ignacio Toccalino,Search LiveStream,Group,Tonkawa,Unknown,C.V. Whitney Cup,Unknown,Unknown,2020,,,Throw-in,Tonkawa win throw-in,,,,,,,,,,,
Assist (2),273648,25000,Live,Chukka 1,International Polo Club,Santa Clara vs Tonkawa,,,Unknown,,February 09. 2020,Jeff Hildebrand,Search LiveStream,Group,Tonkawa,Unknown,C.V. Whitney Cup,Unknown,Unknown,2020,,,,,Jeff Hildebrand,Successful,,,,,,,,,
Throw-in (5),319538,20000,Live,Chukka 1,International Polo Club,Santa Clara vs Tonkawa,,,Unknown,,February 09. 2020,Luis Escobar,Search LiveStream,Group,Santa Clara,Unknown,C.V. Whitney Cup,Unknown,Unknown,2020,,,Throw-in,Santa Clara win throw-in,,,,,,,,,,,
Foul,336164,25000,Live,Chukka 1,International Polo Club,Santa Clara vs Tonkawa,Defending 30,,Unknown,57;280,February 09. 2020,Sapo Caset,Search LiveStream,Group,Tonkawa,Unknown,C.V. Whitney Cup,Unknown,Unknown,2020,,,,,,,,Foul,Penalty 30 yards,Dangerous Riding,,,,,
Foul Received,336164,25000,Live,Chukka 1,International Polo Club,Santa Clara vs Tonkawa,Attacking 30,,Unknown,94;20,February 09. 2020,Matias Magrini,Search LiveStream,Group,Santa Clara,Unknown,C.V. Whitney Cup,Unknown,Unknown,2020,,,,,,,,Foul Received,Penalty 30 yards,Dangerous Riding,,,,,
Goal Santa Clara,338325,35000,Live,Chukka 1,International Polo Club,Santa Clara vs Tonkawa,Attacking 30,Goal Santa Clara,Unknown,75;3,February 09. 2020,Luis Escobar,Search LiveStream,Group,Santa Clara,Unknown,C.V. Whitney Cup,Unknown,Unknown,2020,,,,,,,,,,,,,,,
Penalty 30 yards Spot,360793,10000,Live,Chukka 1,International Polo Club,Santa Clara vs Tonkawa,,,Unknown,,February 09. 2020,Luis Escobar,Search LiveStream,Group,Santa Clara,Unknown,C.V. Whitney Cup,Unknown,Unknown,2020,,,,,,,,,,,Penalty 30 yards Spot,Goal,,,
Throw-in (6),393239,20000,Live,Chukka 1,International Polo Club,Santa Clara vs Tonkawa,,,Unknown,,February 09. 2020,Sapo Caset,Search LiveStream,Group,Tonkawa,Unknown,C.V. Whitney Cup,Unknown,Unknown,2020,,,Throw-in,Tonkawa win throw-in,,,,,,,,,,,
Non Call,414478,20000,Live,Chukka 1,International Polo Club,Santa Clara vs Tonkawa,,,Unknown,,February 09. 2020,,Search LiveStream,Group,Team,Unknown,C.V. Whitney Cup,Unknown,Unknown,2020,,,,,,,,Non Call,,Right of Way,,,,,
Foul (1),419926,25000,Live,Chukka 1,International Polo Club,Santa Clara vs Tonkawa,Attacking 30,,Unknown,129;18,February 09. 2020,Matt Coppola,Search LiveStream,Group,Tonkawa,Unknown,C.V. Whitney Cup,Unknown,Unknown,2020,,,,,,,,Foul,Penalty 5,Reaching,,,,,
Foul Received (1),419926,25000,Live,Chukka 1,International Polo Club,Santa Clara vs Tonkawa,Defending 30,,Unknown,19;281,February 09. 2020,Ignatius Du Plessis,Search LiveStream,Group,Santa Clara,Unknown,C.V. Whitney Cup,Unknown,Unknown,2020,,,,,,,,Foul Received,Penalty 5,Reaching,,,,,
Penalty 5,455903,30000,Live,Chukka 1,International Polo Club,Santa Clara vs Tonkawa,,,Unknown,,February 09. 2020,Luis Escobar,Search LiveStream,Group,Santa Clara,Unknown,C.V. Whitney Cup,Unknown,Unknown,2020,,,Penalty 5,,,,,,,,,,,,
Shot At Goal (5),489040,35000,Live,Chukka 2,International Polo Club,Santa Clara vs Tonkawa,Attacking 30,,Unknown,94;20,February 09. 2020,Henry Porter,Search LiveStream,Group,Santa Clara,Unknown,C.V. Whitney Cup,Unknown,Unknown,2020,Shot At Goal,Miss Hit,,,,,,,,,,,,,
Throw-in (7),504485,20000,Live,Chukka 2,International Polo Club,Santa Clara vs Tonkawa,,,Unknown,,February 09. 2020,Henry Porter,Search LiveStream,Group,Santa Clara,Unknown,C.V. Whitney Cup,Unknown,Unknown,2020,,,Throw-in,Santa Clara win throw-in,,,,,,,,,,,
Knock In,531719,40000,Live,Chukka 2,International Polo Club,Santa Clara vs Tonkawa,,,Unknown,,February 09. 2020,Sapo Caset,Search LiveStream,Group,Tonkawa,Unknown,C.V. Whitney Cup,Unknown,Unknown,2020,,,Knock In,,,,,,,,,,Ignacio Toccalino,,
Foul (2),584552,25000,Live,Chukka 2,International Polo Club,Santa Clara vs Tonkawa,Defending Half,,Unknown,146;198,February 09. 2020,Matias Magrini,Search LiveStream,Group,Santa Clara,Unknown,C.V. Whitney Cup,Unknown,Unknown,2020,,,,,,,,Foul,Penalty 5B,Dangerous Riding,,,,,
Foul Received (2),584552,25000,Live,Chukka 2,International Polo Club,Santa Clara vs Tonkawa,Attacking Half,,Unknown,8;92,February 09. 2020,Sapo Caset,Search LiveStream,Group,Tonkawa,Unknown,C.V. Whitney Cup,Unknown,Unknown,2020,,,,,,,,Foul Received,Penalty 5B,Dangerous Riding,,,,,
Shot At Goal (6),638813,35000,Live,Chukka 2,International Polo Club,Santa Clara vs Tonkawa,Attacking 30,,Unknown,68;21,February 09. 2020,Matt Coppola,Search LiveStream,Group,Tonkawa,Unknown,C.V. Whitney Cup,Unknown,Unknown,2020,Shot At Goal,Wide,,,,,,,,,,,,,
Assist (3),655805,25000,Live,Chukka 2,International Polo Club,Santa Clara vs Tonkawa,,,Unknown,,February 09. 2020,Sapo Caset,Search LiveStream,Group,Tonkawa,Unknown,C.V. Whitney Cup,Unknown,Unknown,2020,,,,,Sapo Caset,Unsuccessful,,,,,,,,,
Penalty 5b,656858,30000,Live,Chukka 2,International Polo Club,Santa Clara vs Tonkawa,,,Unknown,,February 09. 2020,Sapo Caset,Search LiveStream,Group,Tonkawa,Unknown,C.V. Whitney Cup,Unknown,Unknown,2020,,,Penalty 5b,,,,,,,,,,,,
Knock In (1),682268,40000,Live,Chukka 2,International Polo Club,Santa Clara vs Tonkawa,,,Unknown,,February 09. 2020,Luis Escobar,Search LiveStream,Group,Santa Clara,Unknown,C.V. Whitney Cup,Unknown,Unknown,2020,,,Knock In,,,,,,,,,,Matias Magrini,,
Non Call (1),706423,20000,Live,Chukka 2,International Polo Club,Santa Clara vs Tonkawa,,,Unknown,,February 09. 2020,,Search LiveStream,Group,Team,Unknown,C.V. Whitney Cup,Unknown,Unknown,2020,,,,,,,,Non Call,,Crossing,,,,,
Foul (3),718962,25000,Live,Chukka 2,International Polo Club,Santa Clara vs Tonkawa,Defending 30,,Unknown,76;288,February 09. 2020,Sapo Caset,Search LiveStream,Group,Tonkawa,Unknown,C.V. Whitney Cup,Unknown,Unknown,2020,,,,,,,,Foul,Penalty 30 yards,Blocking,,,,,
Foul Received (3),718962,25000,Live,Chukka 2,International Polo Club,Santa Clara vs Tonkawa,Attacking 30,,Unknown,77;12,February 09. 2020,Ignatius Du Plessis,Search LiveStream,Group,Santa Clara,Unknown,C.V. Whitney Cup,Unknown,Unknown,2020,,,,,,,,Foul Received,Penalty 30 yards,Blocking,,,,,
Foul (4),730882,25000,Live,Chukka 2,International Polo Club,Santa Clara vs Tonkawa,Attacking 30,,Unknown,71;30,February 09. 2020,Matias Magrini,Search LiveStream,Group,Santa Clara,Unknown,C.V. Whitney Cup,Unknown,Unknown,2020,,,,,,,,Foul,Penalty 5,Technical,,,,,
Shot At Goal (7),737402,35000,Live,Chukka 2,International Polo Club,Santa Clara vs Tonkawa,Attacking 30,,Unknown,60;21,February 09. 2020,Ignacio Toccalino,Search LiveStream,Group,Tonkawa,Unknown,C.V. Whitney Cup,Unknown,Unknown,2020,Shot At Goal,Wide,,,,,,,,,,,,,
Penalty 5 (1),747412,30000,Live,Chukka 2,International Polo Club,Santa Clara vs Tonkawa,,,Unknown,,February 09. 2020,Sapo Caset,Search LiveStream,Group,Tonkawa,Unknown,C.V. Whitney Cup,Unknown,Unknown,2020,,,Penalty 5,,,,,,,,,,,,
Assist (4),755036,25000,Live,Chukka 2,International Polo Club,Santa Clara vs Tonkawa,,,Unknown,,February 09. 2020,Sapo Caset,Search LiveStream,Group,Tonkawa,Unknown,C.V. Whitney Cup,Unknown,Unknown,2020,,,,,Sapo Caset,Unsuccessful,,,,,,,,,
Knock In (2),784200,40000,Live,Chukka 2,International Polo Club,Santa Clara vs Tonkawa,,,Unknown,,February 09. 2020,Luis Escobar,Search LiveStream,Group,Santa Clara,Unknown,C.V. Whitney Cup,Unknown,Unknown,2020,,,Knock In,,,,,,,,,,Ignatius Du Plessis,,
Knock In (3),825796,40000,Live,Chukka 2,International Polo Club,Santa Clara vs Tonkawa,,,Unknown,,February 09. 2020,Sapo Caset,Search LiveStream,Group,Tonkawa,Unknown,C.V. Whitney Cup,Unknown,Unknown,2020,,,Knock In,,,,,,,,,,,,
Foul (5),831057,25000,Live,Chukka 2,International Polo Club,Santa Clara vs Tonkawa,Attacking Half,,Unknown,62;112,February 09. 2020,Matias Magrini,Search LiveStream,Group,Santa Clara,Unknown,C.V. Whitney Cup,Unknown,Unknown,2020,,,,,,,,Foul,Penalty 60 yards,Crossing,,,,,
Foul Received (5),831057,25000,Live,Chukka 2,International Polo Club,Santa Clara vs Tonkawa,Defending Half,,Unknown,78;185,February 09. 2020,Sapo Caset,Search LiveStream,Group,Tonkawa,Unknown,C.V. Whitney Cup,Unknown,Unknown,2020,,,,,,,,Foul Received,Penalty 60 yards,Crossing,,,,,
Goal Tonkawa (5),875932,35000,Live,Chukka 2,International Polo Club,Santa Clara vs Tonkawa,Attacking 30,Goal Tonkawa,Unknown,78;3,February 09. 2020,Sapo Caset,Search LiveStream,Group,Tonkawa,Unknown,C.V. Whitney Cup,Unknown,Unknown,2020,,,,,,,,,,,,,,,
Penalty 60 yards,893434,15000,Live,Chukka 2,International Polo Club,Santa Clara vs Tonkawa,,,Unknown,,February 09. 2020,Sapo Caset,Search LiveStream,Group,Tonkawa,Unknown,C.V. Whitney Cup,Unknown,Unknown,2020,,,,,,,,,,,Penalty 60 yards,Wide,,,
Throw-in (8),928989,20000,Live,Chukka 2,International Polo Club,Santa Clara vs Tonkawa,,,Unknown,,February 09. 2020,Ignatius Du Plessis,Search LiveStream,Group,Santa Clara,Unknown,C.V. Whitney Cup,Unknown,Unknown,2020,,,Throw-in,Santa Clara win throw-in,,,,,,,,,,,
Foul (6),987886,25000,Live,Chukka 2,International Polo Club,Santa Clara vs Tonkawa,Attacking Half,,Unknown,9;88,February 09. 2020,Matt Coppola,Search LiveStream,Group,Tonkawa,Unknown,C.V. Whitney Cup,Unknown,Unknown,2020,,,,,,,,Foul,Penalty 5,Right of Way,,,,,
Foul Received (6),987886,25000,Live,Chukka 2,International Polo Club,Santa Clara vs Tonkawa,Defending Half,,Unknown,145;190,February 09. 2020,Matias Magrini,Search LiveStream,Group,Santa Clara,Unknown,C.V. Whitney Cup,Unknown,Unknown,2020,,,,,,,,Foul Received,Penalty 5,Right of Way,,,,,
Penalty 5 (2),1029096,30000,Live,Chukka 2,International Polo Club,Santa Clara vs Tonkawa,,,Unknown,,February 09. 2020,Luis Escobar,Search LiveStream,Group,Santa Clara,Unknown,C.V. Whitney Cup,Unknown,Unknown,2020,,,Penalty 5,,,,,,,,,,,,
Foul (7),1040861,25000,Live,Chukka 2,International Polo Club,Santa Clara vs Tonkawa,Attacking Half,,Unknown,109;88,February 09. 2020,Luis Escobar,Search LiveStream,Group,Santa Clara,Unknown,C.V. Whitney Cup,Unknown,Unknown,2020,,,,,,,,Foul,Penalty 5B,Crossing,,,,,
Foul Received (7),1040861,25000,Live,Chukka 2,International Polo Club,Santa Clara vs Tonkawa,Defending 60,,Unknown,40;239,February 09. 2020,Sapo Caset,Search LiveStream,Group,Tonkawa,Unknown,C.V. Whitney Cup,Unknown,Unknown,2020,,,,,,,,Foul Received,Penalty 5B,Crossing,,,,,
Collision,1050232,15000,Live,Chukka 2,International Polo Club,Santa Clara vs Tonkawa,Defending 60,,Unknown,43;240,February 09. 2020,Ignacio Toccalino,Search LiveStream,Group,Tonkawa,Unknown,C.V. Whitney Cup,Unknown,Unknown,2020,,,,,,,,,,,,,,Collision,
Foul (8),1056424,25000,Live,Chukka 2,International Polo Club,Santa Clara vs Tonkawa,Attacking Half,,Unknown,116;99,February 09. 2020,Ignacio Toccalino,Search LiveStream,Group,Tonkawa,Unknown,C.V. Whitney Cup,Unknown,Unknown,2020,,,,,,,,Foul,Penalty 5,Dangerous Riding,,,,,
Foul Received (8),1056424,25000,Live,Chukka 2,International Polo Club,Santa Clara vs Tonkawa,Defending Half,,Unknown,26;195,February 09. 2020,Ignatius Du Plessis,Search LiveStream,Group,Santa Clara,Unknown,C.V. Whitney Cup,Unknown,Unknown,2020,,,,,,,,Foul Received,Penalty 5,Dangerous Riding,,,,,
Penalty 5b (1),1057692,30000,Live,Chukka 2,International Polo Club,Santa Clara vs Tonkawa,,,Unknown,,February 09. 2020,Sapo Caset,Search LiveStream,Group,Tonkawa,Unknown,C.V. Whitney Cup,Unknown,Unknown,2020,,,Penalty 5b,,,,,,,,,,,,
Penalty 5 (3),1088315,30000,Live,Chukka 2,International Polo Club,Santa Clara vs Tonkawa,,,Unknown,,February 09. 2020,Luis Escobar,Search LiveStream,Group,Santa Clara,Unknown,C.V. Whitney Cup,Unknown,Unknown,2020,,,Penalty 5,,,,,,,,,,,,
Shot At Goal (8),1094174,35000,Live,Chukka 2,International Polo Club,Santa Clara vs Tonkawa,Attacking 30,,Unknown,60;18,February 09. 2020,Sapo Caset,Search LiveStream,Group,Tonkawa,Unknown,C.V. Whitney Cup,Unknown,Unknown,2020,Shot At Goal,Goal,,,,,,,,,,,,,
Goal Tonkawa (6),1097314,35000,Live,Chukka 2,International Polo Club,Santa Clara vs Tonkawa,Attacking 30,Goal Tonkawa,Unknown,76;3,February 09. 2020,Sapo Caset,Search LiveStream,Group,Tonkawa,Unknown,C.V. Whitney Cup,Unknown,Unknown,2020,,,,,,,,,,,,,,,
Throw-in (9),1135894,20000,Live,Chukka 3,International Polo Club,Santa Clara vs Tonkawa,,,Unknown,,February 09. 2020,Sapo Caset,Search LiveStream,Group,Tonkawa,Unknown,C.V. Whitney Cup,Unknown,Unknown,2020,,,Throw-in,Tonkawa win throw-in,,,,,,,,,,,
Foul Received (9),1170617,25000,Live,Chukka 3,International Polo Club,Santa Clara vs Tonkawa,Attacking 60,,Unknown,12;48,February 09. 2020,Sapo Caset,Search LiveStream,Group,Tonkawa,Unknown,C.V. Whitney Cup,Unknown,Unknown,2020,,,,,,,,Foul Received,Penalty 30 yards,Dangerous Riding,,,,,
Foul (9),1170854,25000,Live,Chukka 3,International Polo Club,Santa Clara vs Tonkawa,Defending 60,,Unknown,132;245,February 09. 2020,Ignatius Du Plessis,Search LiveStream,Group,Santa Clara,Unknown,C.V. Whitney Cup,Unknown,Unknown,2020,,,,,,,,Foul,Penalty 30 yards,Dangerous Riding,,,,,
Yellow Card,1190253,10000,Live,Chukka 3,International Polo Club,Santa Clara vs Tonkawa,,,Unknown,,February 09. 2020,Ignatius Du Plessis,Search LiveStream,Group,Santa Clara,Unknown,C.V. Whitney Cup,Unknown,Unknown,2020,,,,,,,,Yellow Card,,Dangerous Riding,,,,,
Goal Tonkawa (7),1222447,35000,Live,Chukka 3,International Polo Club,Santa Clara vs Tonkawa,Attacking 30,Goal Tonkawa,Unknown,75;3,February 09. 2020,Sapo Caset,Search LiveStream,Group,Tonkawa,Unknown,C.V. Whitney Cup,Unknown,Unknown,2020,,,,,,,,,,,,,,,
Penalty 30 yards,1240827,15000,Live,Chukka 3,International Polo Club,Santa Clara vs Tonkawa,,,Unknown,,February 09. 2020,Sapo Caset,Search LiveStream,Group,Tonkawa,Unknown,C.V. Whitney Cup,Unknown,Unknown,2020,,,,,,,,,,,Penalty 30 yards,Goal,,,
Penalty 5b (2),1298564,30000,Live,Chukka 3,International Polo Club,Santa Clara vs Tonkawa,,,Unknown,,February 09. 2020,Sapo Caset,Search LiveStream,Group,Tonkawa,Unknown,C.V. Whitney Cup,Unknown,Unknown,2020,,,Penalty 5b,,,,,,,,,,,,
Foul (10),1313131,25000,Live,Chukka 3,International Polo Club,Santa Clara vs Tonkawa,Attacking Half,,Unknown,126;97,February 09. 2020,Sapo Caset,Search LiveStream,Group,Tonkawa,Unknown,C.V. Whitney Cup,Unknown,Unknown,2020,,,,,,,,Foul,Penalty 5,Right of Way,,,,,
Foul Received (10),1313131,25000,Live,Chukka 3,International Polo Club,Santa Clara vs Tonkawa,Defending Half,,Unknown,19;190,February 09. 2020,Matias Magrini,Search LiveStream,Group,Santa Clara,Unknown,C.V. Whitney Cup,Unknown,Unknown,2020,,,,,,,,Foul Received,Penalty 5,Right of Way,,,,,
Penalty 5 (4),1339992,30000,Live,Chukka 3,International Polo Club,Santa Clara vs Tonkawa,,,Unknown,,February 09. 2020,Ignatius Du Plessis,Search LiveStream,Group,Santa Clara,Unknown,C.V. Whitney Cup,Unknown,Unknown,2020,,,Penalty 5,,,,,,,,,,,,
Foul (11),1359082,25000,Live,Chukka 3,International Polo Club,Santa Clara vs Tonkawa,Defending 30,,Unknown,128;280,February 09. 2020,Sapo Caset,Search LiveStream,Group,Tonkawa,Unknown,C.V. Whitney Cup,Unknown,Unknown,2020,,,,,,,,Foul,Penalty 30 yards,Dangerous Riding,,,,,
Foul Received (11),1359082,25000,Live,Chukka 3,International Polo Club,Santa Clara vs Tonkawa,Attacking 30,,Unknown,14;18,February 09. 2020,Ignatius Du Plessis,Search LiveStream,Group,Santa Clara,Unknown,C.V. Whitney Cup,Unknown,Unknown,2020,,,,,,,,Foul Received,Penalty 30 yards,Dangerous Riding,,,,,
Penalty 30 yards (1),1380902,15000,Live,Chukka 3,International Polo Club,Santa Clara vs Tonkawa,,,Unknown,,February 09. 2020,Luis Escobar,Search LiveStream,Group,Santa Clara,Unknown,C.V. Whitney Cup,Unknown,Unknown,2020,,,,,,,,,,,Penalty 30 yards,Wide,,,
Knock In (4),1400948,40000,Live,Chukka 3,International Polo Club,Santa Clara vs Tonkawa,,,Unknown,,February 09. 2020,Sapo Caset,Search LiveStream,Group,Tonkawa,Unknown,C.V. Whitney Cup,Unknown,Unknown,2020,,,Knock In,,,,,,,,,,Ignacio Toccalino,,
Shot At Goal (9),1417320,35000,Live,Chukka 3,International Polo Club,Santa Clara vs Tonkawa,Attacking 30,,Unknown,62;15,February 09. 2020,Sapo Caset,Search LiveStream,Group,Tonkawa,Unknown,C.V. Whitney Cup,Unknown,Unknown,2020,Shot At Goal,Goal,,,,,,,,,,,,,
Goal Tonkawa (8),1419245,35000,Live,Chukka 3,International Polo Club,Santa Clara vs Tonkawa,Attacking 30,Goal Tonkawa,Unknown,72;3,February 09. 2020,Sapo Caset,Search LiveStream,Group,Tonkawa,Unknown,C.V. Whitney Cup,Unknown,Unknown,2020,,,,,,,Goals,,,,,,,,
Assist (5),1433772,25000,Live,Chukka 3,International Polo Club,Santa Clara vs Tonkawa,,,Unknown,,February 09. 2020,Ignacio Toccalino,Search LiveStream,Group,Tonkawa,Unknown,C.V. Whitney Cup,Unknown,Unknown,2020,,,,,Ignacio Toccalino,Successful,,,,,,,,,
Throw-in (10),1473281,20000,Live,Chukka 3,International Polo Club,Santa Clara vs Tonkawa,,,Unknown,,February 09. 2020,Sapo Caset,Search LiveStream,Group,Tonkawa,Unknown,C.V. Whitney Cup,Unknown,Unknown,2020,,,Throw-in,Tonkawa win throw-in,,,,,,,,,,,
Foul (12),1503277,25000,Live,Chukka 3,International Polo Club,Santa Clara vs Tonkawa,Defending 60,,Unknown,73;252,February 09. 2020,Matias Magrini,Search LiveStream,Group,Santa Clara,Unknown,C.V. Whitney Cup,Unknown,Unknown,2020,,,,,,,,Foul,Penalty 30 yards,Right of Way,,,,,
Foul Received (12),1503277,25000,Live,Chukka 3,International Polo Club,Santa Clara vs Tonkawa,Attacking 60,,Unknown,79;51,February 09. 2020,Ignacio Toccalino,Search LiveStream,Group,Tonkawa,Unknown,C.V. Whitney Cup,Unknown,Unknown,2020,,,,,,,,Foul Received,Penalty 30 yards,Right of Way,,,,,
Goal Tonkawa (9),1523876,35000,Live,Chukka 3,International Polo Club,Santa Clara vs Tonkawa,Attacking 30,Goal Tonkawa,Unknown,77;2,February 09. 2020,Sapo Caset,Search LiveStream,Group,Tonkawa,Unknown,C.V. Whitney Cup,Unknown,Unknown,2020,,,,,,,,,,,,,,,
Penalty 30 yards (2),1541817,15000,Live,Chukka 3,International Polo Club,Santa Clara vs Tonkawa,,,Unknown,,February 09. 2020,Sapo Caset,Search LiveStream,Group,Tonkawa,Unknown,C.V. Whitney Cup,Unknown,Unknown,2020,,,,,,,,,,,Penalty 30 yards,Goal,,,
Shot At Goal (10),1613078,35000,Live,Chukka 3,International Polo Club,Santa Clara vs Tonkawa,Attacking 30,,Unknown,68;27,February 09. 2020,Matt Coppola,Search LiveStream,Group,Tonkawa,Unknown,C.V. Whitney Cup,Unknown,Unknown,2020,Shot At Goal,Wide,,,,,,,,,,,,,
Throw-in (11),1613229,20000,Live,Chukka 3,International Polo Club,Santa Clara vs Tonkawa,,,Unknown,,February 09. 2020,Matias Magrini,Search LiveStream,Group,Santa Clara,Unknown,C.V. Whitney Cup,Unknown,Unknown,2020,,,Throw-in,Santa Clara win throw-in,,,,,,,,,,,
Knock In (5),1653934,40000,Live,Chukka 3,International Polo Club,Santa Clara vs Tonkawa,,,Unknown,,February 09. 2020,Ignatius Du Plessis,Search LiveStream,Group,Santa Clara,Unknown,C.V. Whitney Cup,Unknown,Unknown,2020,,,Knock In,,,,,,,,,,Ignatius Du Plessis,,
Shot At Goal (11),1662541,35000,Live,Chukka 3,International Polo Club,Santa Clara vs Tonkawa,Attacking 30,,Unknown,96;20,February 09. 2020,Matias Magrini,Search LiveStream,Group,Santa Clara,Unknown,C.V. Whitney Cup,Unknown,Unknown,2020,Shot At Goal,Goal,,,,,,,,,,,,,
Goal Santa Clara (1),1664466,35000,Live,Chukka 3,International Polo Club,Santa Clara vs Tonkawa,Attacking 30,Goal Santa Clara,Unknown,77;3,February 09. 2020,Matias Magrini,Search LiveStream,Group,Santa Clara,Unknown,C.V. Whitney Cup,Unknown,Unknown,2020,,,,,,,,,,,,,,,
Shot At Goal (12),1707345,35000,Live,Chukka 3,International Polo Club,Santa Clara vs Tonkawa,Attacking 30,,Unknown,76;25,February 09. 2020,Sapo Caset,Search LiveStream,Group,Tonkawa,Unknown,C.V. Whitney Cup,Unknown,Unknown,2020,Shot At Goal,Goal,,,,,,,,,,,,,
Goal Tonkawa (10),1710957,35000,Live,Chukka 3,International Polo Club,Santa Clara vs Tonkawa,Attacking 30,Goal Tonkawa,Unknown,78;2,February 09. 2020,Sapo Caset,Search LiveStream,Group,Tonkawa,Unknown,C.V. Whitney Cup,Unknown,Unknown,2020,,,,,,,Goals,,,,,,,,
Throw-in (12),1720764,20000,Live,Chukka 3,International Polo Club,Santa Clara vs Tonkawa,,,Unknown,,February 09. 2020,Sapo Caset,Search LiveStream,Group,Tonkawa,Unknown,C.V. Whitney Cup,Unknown,Unknown,2020,,,Throw-in,Tonkawa win throw-in,,,,,,,,,,,
Throw-in (13),1770118,20000,Live,Chukka 4,International Polo Club,Santa Clara vs Tonkawa,,,Unknown,,February 09. 2020,Ignacio Toccalino,Search LiveStream,Group,Tonkawa,Unknown,C.V. Whitney Cup,Unknown,Unknown,2020,,,Throw-in,Tonkawa win throw-in,,,,,,,,,,,Chukka Length
Shot At Goal,1779081,35000,Live,Chukka 4,International Polo Club,Santa Clara vs Tonkawa,Attacking 30,,Unknown,61;20,February 09. 2020,Matias Magrini,Search LiveStream,Group,Santa Clara,Unknown,C.V. Whitney Cup,Unknown,Unknown,2020,Shot At Goal,Short,,,,,,,,,,,,,Chukka Length
Assist,1795430,25000,Live,Chukka 4,International Polo Club,Santa Clara vs Tonkawa,,,Unknown,,February 09. 2020,Luis Escobar,Search LiveStream,Group,Santa Clara,Unknown,C.V. Whitney Cup,Unknown,Unknown,2020,,,,,Luis Escobar,Unsuccessful,,,,,,,,,Chukka Length
Foul (13),1799331,25000,Live,Chukka 4,International Polo Club,Santa Clara vs Tonkawa,Attacking 30,,Unknown,80;9,February 09. 2020,Henry Porter,Search LiveStream,Group,Santa Clara,Unknown,C.V. Whitney Cup,Unknown,Unknown,2020,,,,,,,,Foul,Penalty 5,Right of Way,,,,,Chukka Length
Foul Received,1799331,25000,Live,Chukka 4,International Polo Club,Santa Clara vs Tonkawa,Defending 30,,Unknown,74;286,February 09. 2020,Sapo Caset,Search LiveStream,Group,Tonkawa,Unknown,C.V. Whitney Cup,Unknown,Unknown,2020,,,,,,,,Foul Received,Penalty 5,Right of Way,,,,,Chukka Length
Penalty 5 (5),1845093,30000,Live,Chukka 4,International Polo Club,Santa Clara vs Tonkawa,,,Unknown,,February 09. 2020,Sapo Caset,Search LiveStream,Group,Tonkawa,Unknown,C.V. Whitney Cup,Unknown,Unknown,2020,,,Penalty 5,,,,,,,,,,,,Chukka Length
Shot At Goal (1),1867851,35000,Live,Chukka 4,International Polo Club,Santa Clara vs Tonkawa,Attacking 30,,Unknown,73;8,February 09. 2020,Ignacio Toccalino,Search LiveStream,Group,Tonkawa,Unknown,C.V. Whitney Cup,Unknown,Unknown,2020,Shot At Goal,Goal,,,,,,,,,,,,,Chukka Length
Goal Tonkawa (11),1868964,35000,Live,Chukka 4,International Polo Club,Santa Clara vs Tonkawa,Attacking 30,Goal Tonkawa,Unknown,76;2,February 09. 2020,Ignacio Toccalino,Search LiveStream,Group,Tonkawa,Unknown,C.V. Whitney Cup,Unknown,Unknown,2020,,,,,,,,,,,,,,,Chukka Length
Throw-in (14),1923509,20000,Live,Chukka 4,International Polo Club,Santa Clara vs Tonkawa,,,Unknown,,February 09. 2020,Jeff Hildebrand,Search LiveStream,Group,Tonkawa,Unknown,C.V. Whitney Cup,Unknown,Unknown,2020,,,Throw-in,Tonkawa win throw-in,,,,,,,,,,,Chukka Length
Foul (14),1934711,25000,Live,Chukka 4,International Polo Club,Santa Clara vs Tonkawa,Attacking Half,,Unknown,73;126,February 09. 2020,Sapo Caset,Search LiveStream,Group,Tonkawa,Unknown,C.V. Whitney Cup,Unknown,Unknown,2020,,,,,,,,Foul,Penalty 30 yards,Dangerous Riding,,,,,Chukka Length
Foul Received (1),1934711,25000,Live,Chukka 4,International Polo Club,Santa Clara vs Tonkawa,Defending Half,,Unknown,76;170,February 09. 2020,Ignatius Du Plessis,Search LiveStream,Group,Santa Clara,Unknown,C.V. Whitney Cup,Unknown,Unknown,2020,,,,,,,,Foul Received,Penalty 30 yards,Dangerous Riding,,,,,Chukka Length
Goal Santa Clara (2),1988897,35000,Live,Chukka 4,International Polo Club,Santa Clara vs Tonkawa,Attacking 30,Goal Santa Clara,Unknown,76;2,February 09. 2020,Ignatius Du Plessis,Search LiveStream,Group,Santa Clara,Unknown,C.V. Whitney Cup,Unknown,Unknown,2020,,,,,,,,,,,,,,,Chukka Length
Penalty 30 yards,2007481,15000,Live,Chukka 4,International Polo Club,Santa Clara vs Tonkawa,,,Unknown,,February 09. 2020,Ignatius Du Plessis,Search LiveStream,Group,Santa Clara,Unknown,C.V. Whitney Cup,Unknown,Unknown,2020,,,,,,,,,,,Penalty 30 yards,Goal,,,Chukka Length
Throw-in (15),2047388,20000,Live,Chukka 4,International Polo Club,Santa Clara vs Tonkawa,,,Unknown,,February 09. 2020,Matt Coppola,Search LiveStream,Group,Tonkawa,Unknown,C.V. Whitney Cup,Unknown,Unknown,2020,,,Throw-in,Tonkawa win throw-in,,,,,,,,,,,Chukka Length
Shot At Goal (2),2066369,35000,Live,Chukka 4,International Polo Club,Santa Clara vs Tonkawa,Attacking 30,,Unknown,35;20,February 09. 2020,Sapo Caset,Search LiveStream,Group,Tonkawa,Unknown,C.V. Whitney Cup,Unknown,Unknown,2020,Shot At Goal,Wide,,,,,,,,,,,,,Chukka Length
Knock In (6),2110480,40000,Live,Chukka 4,International Polo Club,Santa Clara vs Tonkawa,,,Unknown,,February 09. 2020,Ignatius Du Plessis,Search LiveStream,Group,Santa Clara,Unknown,C.V. Whitney Cup,Unknown,Unknown,2020,,,Knock In,,,,,,,,,,Matias Magrini,,Chukka Length
Shot At Goal (3),2123705,35000,Live,Chukka 4,International Polo Club,Santa Clara vs Tonkawa,Attacking 60,,Unknown,126;47,February 09. 2020,Sapo Caset,Search LiveStream,Group,Tonkawa,Unknown,C.V. Whitney Cup,Unknown,Unknown,2020,Shot At Goal,Wide,,,,,,,,,,,,,Chukka Length
Knock In (7),2168963,40000,Live,Chukka 4,International Polo Club,Santa Clara vs Tonkawa,,,Unknown,,February 09. 2020,Ignatius Du Plessis,Search LiveStream,Group,Santa Clara,Unknown,C.V. Whitney Cup,Unknown,Unknown,2020,,,Knock In,,,,,,,,,,Matias Magrini,,Chukka Length
Foul (15),2185135,25000,Live,Chukka 4,International Polo Club,Santa Clara vs Tonkawa,Defending Half,,Unknown,9;197,February 09. 2020,Matias Magrini,Search LiveStream,Group,Santa Clara,Unknown,C.V. Whitney Cup,Unknown,Unknown,2020,,,,,,,,Foul,Penalty 60 yards,Right of Way,,,,,Chukka Length
Foul Received (2),2185135,25000,Live,Chukka 4,International Polo Club,Santa Clara vs Tonkawa,Attacking Half,,Unknown,146;98,February 09. 2020,Matt Coppola,Search LiveStream,Group,Tonkawa,Unknown,C.V. Whitney Cup,Unknown,Unknown,2020,,,,,,,,Foul Received,Penalty 60 yards,Right of Way,,,,,Chukka Length
Goal Tonkawa (12),2249540,35000,Live,Chukka 4,International Polo Club,Santa Clara vs Tonkawa,Attacking 30,Goal Tonkawa,Unknown,76;3,February 09. 2020,Sapo Caset,Search LiveStream,Group,Tonkawa,Unknown,C.V. Whitney Cup,Unknown,Unknown,2020,,,,,,,,,,,,,,,Chukka Length
Penalty 60 yards,2266505,15000,Live,Chukka 4,International Polo Club,Santa Clara vs Tonkawa,,,Unknown,,February 09. 2020,Sapo Caset,Search LiveStream,Group,Tonkawa,Unknown,C.V. Whitney Cup,Unknown,Unknown,2020,,,,,,,,,,,Penalty 60 yards,Goal,,,Chukka Length
Shot At Goal (4),2292880,35000,Live,Chukka 4,International Polo Club,Santa Clara vs Tonkawa,Attacking 30,,Unknown,76;13,February 09. 2020,Henry Porter,Search LiveStream,Group,Santa Clara,Unknown,C.V. Whitney Cup,Unknown,Unknown,2020,Shot At Goal,Goal,,,,,,,,,,,,,Chukka Length
Goal Santa Clara (3),2295038,35000,Live,Chukka 4,International Polo Club,Santa Clara vs Tonkawa,Attacking 30,Goal Santa Clara,Unknown,76;1,February 09. 2020,Henry Porter,Search LiveStream,Group,Santa Clara,Unknown,C.V. Whitney Cup,Unknown,Unknown,2020,,,,,,,,,,,,,,,Chukka Length
Non Call (2),2299222,20000,Live,Chukka 4,International Polo Club,Santa Clara vs Tonkawa,,,Unknown,,February 09. 2020,,Search LiveStream,Group,Team,Unknown,C.V. Whitney Cup,Unknown,Unknown,2020,,,,,,,,Non Call,,Right of Way,,,,,Chukka Length
Throw-in (16),2299971,20000,Live,Chukka 4,International Polo Club,Santa Clara vs Tonkawa,,,Unknown,,February 09. 2020,Matias Magrini,Search LiveStream,Group,Santa Clara,Unknown,C.V. Whitney Cup,Unknown,Unknown,2020,,,Throw-in,Santa Clara win throw-in,,,,,,,,,,,Chukka Length
Assist (1),2309398,25000,Live,Chukka 4,International Polo Club,Santa Clara vs Tonkawa,,,Unknown,,February 09. 2020,Ignatius Du Plessis,Search LiveStream,Group,Santa Clara,Unknown,C.V. Whitney Cup,Unknown,Unknown,2020,,,,,Ignatius Du Plessis,Successful,,,,,,,,,Chukka Length
Shot At Goal (5),2336556,35000,Live,Chukka 4,International Polo Club,Santa Clara vs Tonkawa,Attacking 60,,Unknown,132;47,February 09. 2020,Matt Coppola,Search LiveStream,Group,Tonkawa,Unknown,C.V. Whitney Cup,Unknown,Unknown,2020,Shot At Goal,Wide,,,,,,,,,,,,,Chukka Length
Throw-in (17),2349044,20000,Live,Chukka 4,International Polo Club,Santa Clara vs Tonkawa,,,Unknown,,February 09. 2020,Sapo Caset,Search LiveStream,Group,Tonkawa,Unknown,C.V. Whitney Cup,Unknown,Unknown,2020,,,Throw-in,Tonkawa win throw-in,,,,,,,,,,,Chukka Length
Assist (2),2356615,25000,Live,Chukka 4,International Polo Club,Santa Clara vs Tonkawa,,,Unknown,,February 09. 2020,Sapo Caset,Search LiveStream,Group,Tonkawa,Unknown,C.V. Whitney Cup,Unknown,Unknown,2020,,,,,Sapo Caset,Unsuccessful,,,,,,,,,Chukka Length
Knock In (8),2380951,40000,Live,Chukka 5,International Polo Club,Santa Clara vs Tonkawa,,,Unknown,,February 09. 2020,Ignatius Du Plessis,Search LiveStream,Group,Santa Clara,Unknown,C.V. Whitney Cup,Unknown,Unknown,2020,,,Knock In,,,,,,,,,,Luis Escobar,,
Shot At Goal (6),2445340,35000,Live,Chukka 5,International Polo Club,Santa Clara vs Tonkawa,Attacking 30,,Unknown,85;22,February 09. 2020,Matias Magrini,Search LiveStream,Group,Santa Clara,Unknown,C.V. Whitney Cup,Unknown,Unknown,2020,Shot At Goal,Goal,,,,,,,,,,,,,Chukka Length
Goal Santa Clara (4),2447093,35000,Live,Chukka 5,International Polo Club,Santa Clara vs Tonkawa,Attacking 30,Goal Santa Clara,Unknown,77;2,February 09. 2020,Matias Magrini,Search LiveStream,Group,Santa Clara,Unknown,C.V. Whitney Cup,Unknown,Unknown,2020,,,,,,,,,,,,,,,Chukka Length
Assist (3),2462532,25000,Live,Chukka 5,International Polo Club,Santa Clara vs Tonkawa,,,Unknown,,February 09. 2020,Ignatius Du Plessis,Search LiveStream,Group,Santa Clara,Unknown,C.V. Whitney Cup,Unknown,Unknown,2020,,,,,Ignatius Du Plessis,Successful,,,,,,,,,Chukka Length
Shot At Goal (7),2503013,35000,Live,Chukka 5,International Polo Club,Santa Clara vs Tonkawa,Attacking 60,,Unknown,80;42,February 09. 2020,Luis Escobar,Search LiveStream,Group,Santa Clara,Unknown,C.V. Whitney Cup,Unknown,Unknown,2020,Shot At Goal,Goal,,,,,,,,,,,,,Chukka Length
Goal Santa Clara (5),2505138,35000,Live,Chukka 5,International Polo Club,Santa Clara vs Tonkawa,Attacking 30,Goal Santa Clara,Unknown,75;3,February 09. 2020,Luis Escobar,Search LiveStream,Group,Santa Clara,Unknown,C.V. Whitney Cup,Unknown,Unknown,2020,,,,,,,,,,,,,,,Chukka Length
Non Call (3),2506219,20000,Live,Chukka 5,International Polo Club,Santa Clara vs Tonkawa,,,Unknown,,February 09. 2020,,Search LiveStream,Group,Team,Unknown,C.V. Whitney Cup,Unknown,Unknown,2020,,,,,,,,Non Call,,Reaching,,,,,Chukka Length
Throw-in (18),2509294,20000,Live,Chukka 5,International Polo Club,Santa Clara vs Tonkawa,,,Unknown,,February 09. 2020,Ignacio Toccalino,Search LiveStream,Group,Tonkawa,Unknown,C.V. Whitney Cup,Unknown,Unknown,2020,,,Throw-in,Tonkawa win throw-in,,,,,,,,,,,Chukka Length
Throw-in (19),2559885,20000,Live,Chukka 5,International Polo Club,Santa Clara vs Tonkawa,,,Unknown,,February 09. 2020,Henry Porter,Search LiveStream,Group,Santa Clara,Unknown,C.V. Whitney Cup,Unknown,Unknown,2020,,,Throw-in,Santa Clara win throw-in,,,,,,,,,,,Chukka Length
Shot At Goal (8),2652458,35000,Live,Chukka 5,International Polo Club,Santa Clara vs Tonkawa,Attacking 30,,Unknown,94;17,February 09. 2020,Luis Escobar,Search LiveStream,Group,Santa Clara,Unknown,C.V. Whitney Cup,Unknown,Unknown,2020,Shot At Goal,Wide,,,,,,,,,,,,,Chukka Length
Assist (4),2669245,25000,Live,Chukka 5,International Polo Club,Santa Clara vs Tonkawa,,,Unknown,,February 09. 2020,Ignatius Du Plessis,Search LiveStream,Group,Santa Clara,Unknown,C.V. Whitney Cup,Unknown,Unknown,2020,,,,,Ignatius Du Plessis,Unsuccessful,,,,,,,,,Chukka Length
Knock In (9),2702606,40000,Live,Chukka 5,International Polo Club,Santa Clara vs Tonkawa,,,Unknown,,February 09. 2020,Ignacio Toccalino,Search LiveStream,Group,Tonkawa,Unknown,C.V. Whitney Cup,Unknown,Unknown,2020,,,Knock In,,,,,,,,,,Matt Coppola,,Chukka Length
Shot At Goal (9),2720890,35000,Live,Chukka 5,International Polo Club,Santa Clara vs Tonkawa,Attacking 30,,Unknown,74;9,February 09. 2020,Sapo Caset,Search LiveStream,Group,Tonkawa,Unknown,C.V. Whitney Cup,Unknown,Unknown,2020,Shot At Goal,Goal,,,,,,,,,,,,,Chukka Length
Goal Tonkawa (13),2722239,35000,Live,Chukka 5,International Polo Club,Santa Clara vs Tonkawa,Attacking 30,Goal Tonkawa,Unknown,77;1,February 09. 2020,Sapo Caset,Search LiveStream,Group,Tonkawa,Unknown,C.V. Whitney Cup,Unknown,Unknown,2020,,,,,,,,,,,,,,,Chukka Length
Assist (5),2737610,25000,Live,Chukka 5,International Polo Club,Santa Clara vs Tonkawa,,,Unknown,,February 09. 2020,Ignacio Toccalino,Search LiveStream,Group,Tonkawa,Unknown,C.V. Whitney Cup,Unknown,Unknown,2020,,,,,Ignacio Toccalino,Successful,,,,,,,,,Chukka Length
Shot At Goal (10),2762341,35000,Live,Chukka 5,International Polo Club,Santa Clara vs Tonkawa,Attacking 30,,Unknown,81;18,February 09. 2020,Matias Magrini,Search LiveStream,Group,Santa Clara,Unknown,C.V. Whitney Cup,Unknown,Unknown,2020,Shot At Goal,Goal,,,,,,,,,,,,,Chukka Length
Goal Santa Clara (6),2764364,35000,Live,Chukka 5,International Polo Club,Santa Clara vs Tonkawa,Attacking 30,Goal Santa Clara,Unknown,76;1,February 09. 2020,Matias Magrini,Search LiveStream,Group,Santa Clara,Unknown,C.V. Whitney Cup,Unknown,Unknown,2020,,,,,,,,,,,,,,,Chukka Length
Throw-in (20),2774322,20000,Live,Chukka 5,International Polo Club,Santa Clara vs Tonkawa,,,Unknown,,February 09. 2020,Matias Magrini,Search LiveStream,Group,Santa Clara,Unknown,C.V. Whitney Cup,Unknown,Unknown,2020,,,Throw-in,Santa Clara win throw-in,,,,,,,,,,,Chukka Length
Assist (6),2779297,25000,Live,Chukka 5,International Polo Club,Santa Clara vs Tonkawa,,,Unknown,,February 09. 2020,Luis Escobar,Search LiveStream,Group,Santa Clara,Unknown,C.V. Whitney Cup,Unknown,Unknown,2020,,,,,Luis Escobar,Successful,,,,,,,,,Chukka Length
Throw-in (21),2809391,20000,Live,Chukka 6,International Polo Club,Santa Clara vs Tonkawa,,,Unknown,,February 09. 2020,Sapo Caset,Search LiveStream,Group,Tonkawa,Unknown,C.V. Whitney Cup,Unknown,Unknown,2020,,,Throw-in,Tonkawa win throw-in,,,,,,,,,,,Chukka Length
Chukka Length (3),2814391,0,Live,Chukka 6,International Polo Club,Santa Clara vs Tonkawa,,,Unknown,,February 09. 2020,,Search LiveStream,Group,Team,Unknown,C.V. Whitney Cup,Unknown,Unknown,2020,,,,,,,,,,,,,,,Chukka Length
Non Call (4),2819132,20000,Live,Chukka 6,International Polo Club,Santa Clara vs Tonkawa,,,Unknown,,February 09. 2020,,Search LiveStream,Group,Team,Unknown,C.V. Whitney Cup,Unknown,Unknown,2020,,,,,,,,Non Call,,Right of Way,,,,,Chukka Length
Foul (16),2911117,25000,Live,Chukka 6,International Polo Club,Santa Clara vs Tonkawa,Attacking Half,,Unknown,89;101,February 09. 2020,Sapo Caset,Search LiveStream,Group,Tonkawa,Unknown,C.V. Whitney Cup,Unknown,Unknown,2020,,,,,,,,Foul,Penalty 5,Dangerous Riding,,,,,Chukka Length
Foul Received (3),2911117,25000,Live,Chukka 6,International Polo Club,Santa Clara vs Tonkawa,Defending Half,,Unknown,62;181,February 09. 2020,Matias Magrini,Search LiveStream,Group,Santa Clara,Unknown,C.V. Whitney Cup,Unknown,Unknown,2020,,,,,,,,Foul Received,Penalty 5,Dangerous Riding,,,,,Chukka Length
Penalty 5 (6),2926347,30000,Live,Chukka 6,International Polo Club,Santa Clara vs Tonkawa,,,Unknown,,February 09. 2020,Ignatius Du Plessis,Search LiveStream,Group,Santa Clara,Unknown,C.V. Whitney Cup,Unknown,Unknown,2020,,,Penalty 5,,,,,,,,,,,,Chukka Length
Knock In (10),2981378,40000,Live,Chukka 6,International Polo Club,Santa Clara vs Tonkawa,,,Unknown,,February 09. 2020,Sapo Caset,Search LiveStream,Group,Tonkawa,Unknown,C.V. Whitney Cup,Unknown,Unknown,2020,,,Knock In,,,,,,,,,,Ignacio Toccalino,,Chukka Length
Foul (17),3010029,25000,Live,Chukka 6,International Polo Club,Santa Clara vs Tonkawa,Attacking Half,,Unknown,140;84,February 09. 2020,Jeff Hildebrand,Search LiveStream,Group,Tonkawa,Unknown,C.V. Whitney Cup,Unknown,Unknown,2020,,,,,,,,Foul,Penalty 5,Right of Way,,,,,Chukka Length
Foul Received (4),3010029,25000,Live,Chukka 6,International Polo Club,Santa Clara vs Tonkawa,Defending Half,,Unknown,10;203,February 09. 2020,Matias Magrini,Search LiveStream,Group,Santa Clara,Unknown,C.V. Whitney Cup,Unknown,Unknown,2020,,,,,,,,Foul Received,Penalty 5,Right of Way,,,,,Chukka Length
Shot At Goal (11),3025580,35000,Live,Chukka 6,International Polo Club,Santa Clara vs Tonkawa,Attacking 30,,Unknown,82;20,February 09. 2020,Luis Escobar,Search LiveStream,Group,Santa Clara,Unknown,C.V. Whitney Cup,Unknown,Unknown,2020,Shot At Goal,Short,,,,,,,,,,,,,Chukka Length
Penalty 5 (7),3031456,30000,Live,Chukka 6,International Polo Club,Santa Clara vs Tonkawa,,,Unknown,,February 09. 2020,Ignatius Du Plessis,Search LiveStream,Group,Santa Clara,Unknown,C.V. Whitney Cup,Unknown,Unknown,2020,,,Penalty 5,,,,,,,,,,,,Chukka Length
Goal Santa Clara (7),3032123,35000,Live,Chukka 6,International Polo Club,Santa Clara vs Tonkawa,Attacking 30,Goal Santa Clara,Unknown,76;2,February 09. 2020,Matias Magrini,Search LiveStream,Group,Santa Clara,Unknown,C.V. Whitney Cup,Unknown,Unknown,2020,,,,,,,,,,,,,,,Chukka Length
Foul (18),3044885,25000,Live,Chukka 6,International Polo Club,Santa Clara vs Tonkawa,Defending 30,,Unknown,71;289,February 09. 2020,Sapo Caset,Search LiveStream,Group,Tonkawa,Unknown,C.V. Whitney Cup,Unknown,Unknown,2020,,,,,,,,Foul,Penalty 1,Right of Way,,,,,Chukka Length
Foul Received (5),3044885,25000,Live,Chukka 6,International Polo Club,Santa Clara vs Tonkawa,Attacking 30,,Unknown,80;8,February 09. 2020,Matias Magrini,Search LiveStream,Group,Santa Clara,Unknown,C.V. Whitney Cup,Unknown,Unknown,2020,,,,,,,,Foul Received,Penalty 1,Right of Way,,,,,Chukka Length
Assist (7),3046212,25000,Live,Chukka 6,International Polo Club,Santa Clara vs Tonkawa,,,Unknown,,February 09. 2020,Ignatius Du Plessis,Search LiveStream,Group,Santa Clara,Unknown,C.V. Whitney Cup,Unknown,Unknown,2020,,,,,Ignatius Du Plessis,Successful,,,,,,,,,Chukka Length
Penalty 1,3056785,10000,Live,Chukka 6,International Polo Club,Santa Clara vs Tonkawa,,,Unknown,,February 09. 2020,Matias Magrini,Search LiveStream,Group,Santa Clara,Unknown,C.V. Whitney Cup,Unknown,Unknown,2020,,,,,,,,,,,Penalty 1,Goal,,,Chukka Length
Shot At Goal (12),3104771,35000,Live,Chukka 6,International Polo Club,Santa Clara vs Tonkawa,Attacking 60,,Unknown,66;49,February 09. 2020,Henry Porter,Search LiveStream,Group,Santa Clara,Unknown,C.V. Whitney Cup,Unknown,Unknown,2020,Shot At Goal,Wide,,,,,,,,,,,,,Chukka Length
Assist (8),3122907,25000,Live,Chukka 6,International Polo Club,Santa Clara vs Tonkawa,,,Unknown,,February 09. 2020,Ignatius Du Plessis,Search LiveStream,Group,Santa Clara,Unknown,C.V. Whitney Cup,Unknown,Unknown,2020,,,,,Ignatius Du Plessis,Unsuccessful,,,,,,,,,Chukka Length
Penalty 5b (3),3124341,30000,Live,Chukka 6,International Polo Club,Santa Clara vs Tonkawa,,,Unknown,,February 09. 2020,Ignatius Du Plessis,Search LiveStream,Group,Santa Clara,Unknown,C.V. Whitney Cup,Unknown,Unknown,2020,,,Penalty 5b,,,,,,,,,,,,Chukka Length