Name,Position,Duration,Camera Angle,Club,Instant Replay Official,Tournament,Year,Chukka,Third Umpire,Umpire 2,Umpire 1,Search Event,Game,Match Date,Stage,Set Play,Throw-in Outcome,Player,Team,Chukka Length,Foul,Foul Type,Shot At Goal,Shot At Goal Outcome,Location,General Field Area,Goal,Assist Outcome,Assist,Knock-in Player 2,Foul Outcome,Umpire Focal,Umpire Trailing,Penalties,Penalty Outcome,Highlight Reel,Penalty Block,Collision
Throw-in,981633,20000,Live,International Polo Club,Unknown,C.V. Whitney Cup,2020,Chukka 1,Unknown,Unknown,Unknown,Search Livestream,Daily Racing Form vs Postage Stamp Farm,February 09. 2020,Group,Throw-in,Daily Racing Form win throw-in,Agustin Obregon,Daily Racing Form,,,,,,,,,,,,,,,,,,,
Chukka Length,981633,533494,Live,International Polo Club,Unknown,C.V. Whitney Cup,2020,Chukka 1,Unknown,Unknown,Unknown,Search Livestream,Daily Racing Form vs Postage Stamp Farm,February 09. 2020,Group,,,,Team,Chukka Length,,,,,,,,,,,,,,,,,,
Game Length,981633,6767933,Live,International Polo Club,Unknown,C.V. Whitney Cup,2020,,Unknown,Unknown,Unknown,Search Livestream,Daily Racing Form vs Postage Stamp Farm,February 09. 2020,Group,,,,Team,Game Length,,,,,,,,,,,,,,,,,,
Non Call,998400,20000,Live,International Polo Club,Unknown,C.V. Whitney Cup,2020,Chukka 1,Unknown,Unknown,Unknown,Search Livestream,Daily Racing Form vs Postage Stamp Farm,February 09. 2020,Group,,,,Team,,Non Call,Right of Way,,,,,,,,,,,,,,,,
Shot At Goal,1077133,35000,Live,International Polo Club,Unknown,C.V. Whitney Cup,2020,Chukka 1,Unknown,Unknown,Unknown,Search Livestream,Daily Racing Form vs Postage Stamp Farm,February 09. 2020,Group,,,Valerio Zubiaurre,Postage Stamp Farm,,,,Shot At Goal,Goal,82;20,Attacking 30,,,,,,,,,,,,
Goal Postage Stamp Farm,1078800,35000,Live,International Polo Club,Unknown,C.V. Whitney Cup,2020,Chukka 1,Unknown,Unknown,Unknown,Search Livestream,Daily Racing Form vs Postage Stamp Farm,February 09. 2020,Group,,,Valerio Zubiaurre,Postage Stamp Farm,,,,,,73;4,Attacking 30,Goal Postage Stamp Farm,,,,,,,,,,,
Assist,1095000,25000,Live,International Polo Club,Unknown,C.V. Whitney Cup,2020,Chukka 1,Unknown,Unknown,Unknown,Search Livestream,Daily Racing Form vs Postage Stamp Farm,February 09. 2020,Group,,,Mariano Gonzalez Jr.,Postage Stamp Farm,,,,,,,,,Successful,Mariano Gonzalez Jr.,,,,,,,,,
Throw-in (1),1155833,20000,Live,International Polo Club,Unknown,C.V. Whitney Cup,2020,Chukka 1,Unknown,Unknown,Unknown,Search Livestream,Daily Racing Form vs Postage Stamp Farm,February 09. 2020,Group,Throw-in,Postage Stamp Farm win throw-in,Felipe Tro,Postage Stamp Farm,,,,,,,,,,,,,,,,,,,
Shot At Goal (1),1162166,35000,Live,International Polo Club,Unknown,C.V. Whitney Cup,2020,Chukka 1,Unknown,Unknown,Unknown,Search Livestream,Daily Racing Form vs Postage Stamp Farm,February 09. 2020,Group,,,Agustin Obregon,Daily Racing Form,,,,Shot At Goal,Wide,7;104,Attacking Half,,,,,,,,,,,,
Knock In,1213566,40000,Live,International Polo Club,Unknown,C.V. Whitney Cup,2020,Chukka 1,Unknown,Unknown,Unknown,Search Livestream,Daily Racing Form vs Postage Stamp Farm,February 09. 2020,Group,Knock In,,Mariano Gonzalez Jr.,Postage Stamp Farm,,,,,,,,,,,Mariano Aguerre,,,,,,,,
Shot At Goal (2),1245333,35000,Live,International Polo Club,Unknown,C.V. Whitney Cup,2020,Chukka 1,Unknown,Unknown,Unknown,Search Livestream,Daily Racing Form vs Postage Stamp Farm,February 09. 2020,Group,,,Costi Caset,Daily Racing Form,,,,Shot At Goal,Goal,80;27,Attacking 30,,,,,,,,,,,,
Goal Daily Racing Form,1246133,35000,Live,International Polo Club,Unknown,C.V. Whitney Cup,2020,Chukka 1,Unknown,Unknown,Unknown,Search Livestream,Daily Racing Form vs Postage Stamp Farm,February 09. 2020,Group,,,Costi Caset,Daily Racing Form,,,,,,82;6,Attacking 30,Goal Daily Racing Form,,,,,,,,,,,
Assist (1),1261533,25000,Live,International Polo Club,Unknown,C.V. Whitney Cup,2020,Chukka 1,Unknown,Unknown,Unknown,Search Livestream,Daily Racing Form vs Postage Stamp Farm,February 09. 2020,Group,,,Agustin Obregon,Daily Racing Form,,,,,,,,,Successful,Agustin Obregon,,,,,,,,,
Throw-in (2),1306533,20000,Live,International Polo Club,Unknown,C.V. Whitney Cup,2020,Chukka 1,Unknown,Unknown,Unknown,Search Livestream,Daily Racing Form vs Postage Stamp Farm,February 09. 2020,Group,Throw-in,Postage Stamp Farm win throw-in,Mariano Gonzalez Jr.,Postage Stamp Farm,,,,,,,,,,,,,,,,,,,
Foul,1314266,25000,Live,International Polo Club,Unknown,C.V. Whitney Cup,2020,Chukka 1,Unknown,Unknown,Unknown,Search Livestream,Daily Racing Form vs Postage Stamp Farm,February 09. 2020,Group,,,Agustin Obregon,Daily Racing Form,,Foul,Dangerous Use of Mallet,,,117;202,Defending Half,,,,,Penalty 60 yards,9;186,45;195,,,,,
Foul Received,1314266,25000,Live,International Polo Club,Unknown,C.V. Whitney Cup,2020,Chukka 1,Unknown,Unknown,Unknown,Search Livestream,Daily Racing Form vs Postage Stamp Farm,February 09. 2020,Group,,,Mariano Aguerre,Postage Stamp Farm,,Foul Received,Dangerous Use of Mallet,,,21;94,Attacking Half,,,,,Penalty 60 yards,,,,,,,
Penalty 60 yards,1389533,15000,Live,International Polo Club,Unknown,C.V. Whitney Cup,2020,Chukka 1,Unknown,Unknown,Unknown,Search Livestream,Daily Racing Form vs Postage Stamp Farm,February 09. 2020,Group,,,Mariano Gonzalez Jr.,Postage Stamp Farm,,,,,,,,,,,,,,,Penalty 60 yards,Wide,,,
Knock In (1),1413800,40000,Live,International Polo Club,Unknown,C.V. Whitney Cup,2020,Chukka 1,Unknown,Unknown,Unknown,Search Livestream,Daily Racing Form vs Postage Stamp Farm,February 09. 2020,Group,Knock In,,Tomas Collingwood,Daily Racing Form,,,,,,,,,,,Jared Zenni,,,,,,,,
Shot At Goal (3),1420733,35000,Live,International Polo Club,Unknown,C.V. Whitney Cup,2020,Chukka 1,Unknown,Unknown,Unknown,Search Livestream,Daily Racing Form vs Postage Stamp Farm,February 09. 2020,Group,,,Agustin Obregon,Daily Racing Form,,,,Shot At Goal,Wide,88;76,Attacking Half,,,,,,,,,,,,
Knock In (2),1469366,40000,Live,International Polo Club,Unknown,C.V. Whitney Cup,2020,Chukka 1,Unknown,Unknown,Unknown,Search Livestream,Daily Racing Form vs Postage Stamp Farm,February 09. 2020,Group,Knock In,,Mariano Gonzalez Jr.,Postage Stamp Farm,,,,,,,,,,,Valerio Zubiaurre,,,,,,,,
Shot At Goal (4),1472533,35000,Live,International Polo Club,Unknown,C.V. Whitney Cup,2020,Chukka 1,Unknown,Unknown,Unknown,Search Livestream,Daily Racing Form vs Postage Stamp Farm,February 09. 2020,Group,,,Agustin Obregon,Daily Racing Form,,,,Shot At Goal,Goal,83;17,Attacking 30,,,,,,,,,,,,
Goal Daily Racing Form (1),1474200,35000,Live,International Polo Club,Unknown,C.V. Whitney Cup,2020,Chukka 1,Unknown,Unknown,Unknown,Search Livestream,Daily Racing Form vs Postage Stamp Farm,February 09. 2020,Group,,,Agustin Obregon,Daily Racing Form,,,,,,83;7,Attacking 30,Goal Daily Racing Form,,,,,,,,,Goals,,
Non Call (1),1478633,20000,Live,International Polo Club,Unknown,C.V. Whitney Cup,2020,Chukka 1,Unknown,Unknown,Unknown,Search Livestream,Daily Racing Form vs Postage Stamp Farm,February 09. 2020,Group,,,,Team,,Non Call,Right of Way,,,,,,,,,,,,,,,,
Throw-in (3),1690333,20000,Live,International Polo Club,Unknown,C.V. Whitney Cup,2020,Chukka 2,Unknown,Unknown,Unknown,Search Livestream,Daily Racing Form vs Postage Stamp Farm,February 09. 2020,Group,Throw-in,Postage Stamp Farm win throw-in,Valerio Zubiaurre,Postage Stamp Farm,,,,,,,,,,,,,,,,,,,
Chukka Length (1),1690333,757133,Live,International Polo Club,Unknown,C.V. Whitney Cup,2020,Chukka 2,Unknown,Unknown,Unknown,Search Livestream,Daily Racing Form vs Postage Stamp Farm,February 09. 2020,Group,,,,Team,Chukka Length,,,,,,,,,,,,,,,,,,
Shot At Goal (5),1706966,35000,Live,International Polo Club,Unknown,C.V. Whitney Cup,2020,Chukka 2,Unknown,Unknown,Unknown,Search Livestream,Daily Racing Form vs Postage Stamp Farm,February 09. 2020,Group,,,Mariano Gonzalez Jr.,Postage Stamp Farm,,,,Shot At Goal,Goal,81;21,Attacking 30,,,,,,,,,,,,
Goal Postage Stamp Farm (1),1707833,35000,Live,International Polo Club,Unknown,C.V. Whitney Cup,2020,Chukka 2,Unknown,Unknown,Unknown,Search Livestream,Daily Racing Form vs Postage Stamp Farm,February 09. 2020,Group,,,Mariano Gonzalez Jr.,Postage Stamp Farm,,,,,,73;6,Attacking 30,Goal Postage Stamp Farm,,,,,,,,,,,
Assist (2),1723533,25000,Live,International Polo Club,Unknown,C.V. Whitney Cup,2020,Chukka 2,Unknown,Unknown,Unknown,Search Livestream,Daily Racing Form vs Postage Stamp Farm,February 09. 2020,Group,,,Valerio Zubiaurre,Postage Stamp Farm,,,,,,,,,Successful,Valerio Zubiaurre,,,,,,,,,
Throw-in (4),1770000,20000,Live,International Polo Club,Unknown,C.V. Whitney Cup,2020,Chukka 2,Unknown,Unknown,Unknown,Search Livestream,Daily Racing Form vs Postage Stamp Farm,February 09. 2020,Group,Throw-in,Postage Stamp Farm win throw-in,Valerio Zubiaurre,Postage Stamp Farm,,,,,,,,,,,,,,,,,,,
Shot At Goal (6),1823266,35000,Live,International Polo Club,Unknown,C.V. Whitney Cup,2020,Chukka 2,Unknown,Unknown,Unknown,Search Livestream,Daily Racing Form vs Postage Stamp Farm,February 09. 2020,Group,,,Mariano Gonzalez Jr.,Postage Stamp Farm,,,,Shot At Goal,Wide,91;81,Attacking Half,,,,,,,,,,,,
Knock In (3),1874900,40000,Live,International Polo Club,Unknown,C.V. Whitney Cup,2020,Chukka 2,Unknown,Unknown,Unknown,Search Livestream,Daily Racing Form vs Postage Stamp Farm,February 09. 2020,Group,Knock In,,Tomas Collingwood,Daily Racing Form,,,,,,,,,,,Agustin Obregon,,,,,,,,
Foul (1),1884400,25000,Live,International Polo Club,Unknown,C.V. Whitney Cup,2020,Chukka 2,Unknown,Unknown,Unknown,Search Livestream,Daily Racing Form vs Postage Stamp Farm,February 09. 2020,Group,,,Agustin Obregon,Daily Racing Form,,Foul,Near Side,,,7;244,Defending 60,,,,,Penalty 60 yards,7;243,71;244,,,,,
Foul Received (1),1884400,25000,Live,International Polo Club,Unknown,C.V. Whitney Cup,2020,Chukka 2,Unknown,Unknown,Unknown,Search Livestream,Daily Racing Form vs Postage Stamp Farm,February 09. 2020,Group,,,Mariano Aguerre,Postage Stamp Farm,,Foul Received,Near Side,,,10;54,Attacking 60,,,,,Penalty 60 yards,,,,,,,
Penalty 60 yards (1),1979535,15000,Live,International Polo Club,Unknown,C.V. Whitney Cup,2020,Chukka 2,Unknown,Unknown,Unknown,Search Livestream,Daily Racing Form vs Postage Stamp Farm,February 09. 2020,Group,,,Mariano Gonzalez Jr.,Postage Stamp Farm,,,,,,,,,,,,,,,Penalty 60 yards,Wide,,,
Knock In (4),2003766,40000,Live,International Polo Club,Unknown,C.V. Whitney Cup,2020,Chukka 2,Unknown,Unknown,Unknown,Search Livestream,Daily Racing Form vs Postage Stamp Farm,February 09. 2020,Group,Knock In,,Tomas Collingwood,Daily Racing Form,,,,,,,,,,,Agustin Obregon,,,,,,,,
Foul (2),2055566,25000,Live,International Polo Club,Unknown,C.V. Whitney Cup,2020,Chukka 2,Unknown,Unknown,Unknown,Search Livestream,Daily Racing Form vs Postage Stamp Farm,February 09. 2020,Group,,,Jared Zenni,Daily Racing Form,,Foul,Right of Way,,,78;122,Attacking Half,,,,,Penalty 5,135;136,59;133,,,,,
Foul Received (2),2055566,25000,Live,International Polo Club,Unknown,C.V. Whitney Cup,2020,Chukka 2,Unknown,Unknown,Unknown,Search Livestream,Daily Racing Form vs Postage Stamp Farm,February 09. 2020,Group,,,Mariano Aguerre,Postage Stamp Farm,,Foul Received,Right of Way,,,67;181,Defending Half,,,,,Penalty 5,,,,,,,
Penalty 5,2128266,30000,Live,International Polo Club,Unknown,C.V. Whitney Cup,2020,Chukka 2,Unknown,Unknown,Unknown,Search Livestream,Daily Racing Form vs Postage Stamp Farm,February 09. 2020,Group,Penalty 5,,Valerio Zubiaurre,Postage Stamp Farm,,,,,,,,,,,,,,,,,,,
Foul Received (3),2129933,25000,Live,International Polo Club,Unknown,C.V. Whitney Cup,2020,Chukka 2,Unknown,Unknown,Unknown,Search Livestream,Daily Racing Form vs Postage Stamp Farm,February 09. 2020,Group,,,Jared Zenni,Daily Racing Form,,Foul Received,Riding Into Shot,,,115;213,Defending Half,,,,,Penalty 5B,,,,,,,
Foul (3),2129933,25000,Live,International Polo Club,Unknown,C.V. Whitney Cup,2020,Chukka 2,Unknown,Unknown,Unknown,Search Livestream,Daily Racing Form vs Postage Stamp Farm,February 09. 2020,Group,,,Felipe Tro,Postage Stamp Farm,,Foul,Riding Into Shot,,,26;86,Attacking Half,,,,,Penalty 5B,13;131,74;109,,,,,
Penalty 5b,2234666,30000,Live,International Polo Club,Unknown,C.V. Whitney Cup,2020,Chukka 2,Unknown,Unknown,Unknown,Search Livestream,Daily Racing Form vs Postage Stamp Farm,February 09. 2020,Group,Penalty 5b,,Tomas Collingwood,Daily Racing Form,,,,,,,,,,,,,,,,,,,
Shot At Goal (7),2235400,35000,Live,International Polo Club,Unknown,C.V. Whitney Cup,2020,Chukka 2,Unknown,Unknown,Unknown,Search Livestream,Daily Racing Form vs Postage Stamp Farm,February 09. 2020,Group,,,Valerio Zubiaurre,Postage Stamp Farm,,,,Shot At Goal,Wide,95;58,Attacking 60,,,,,,,,,,,,
Knock In (5),2286666,40000,Live,International Polo Club,Unknown,C.V. Whitney Cup,2020,Chukka 2,Unknown,Unknown,Unknown,Search Livestream,Daily Racing Form vs Postage Stamp Farm,February 09. 2020,Group,Knock In,,Jared Zenni,Daily Racing Form,,,,,,,,,,,,,,,,,,,
Foul Received (4),2291400,25000,Live,International Polo Club,Unknown,C.V. Whitney Cup,2020,Chukka 2,Unknown,Unknown,Unknown,Search Livestream,Daily Racing Form vs Postage Stamp Farm,February 09. 2020,Group,,,Agustin Obregon,Daily Racing Form,,Foul Received,Blocking,,,8;247,Defending 60,,,,,Penalty 5,,,,,,,
Foul (4),2291400,25000,Live,International Polo Club,Unknown,C.V. Whitney Cup,2020,Chukka 2,Unknown,Unknown,Unknown,Search Livestream,Daily Racing Form vs Postage Stamp Farm,February 09. 2020,Group,,,Valerio Zubiaurre,Postage Stamp Farm,,Foul,Blocking,,,136;51,Attacking 60,,,,,Penalty 5,57;57,125;45,,,,,
Shot At Goal (8),2331633,35000,Live,International Polo Club,Unknown,C.V. Whitney Cup,2020,Chukka 2,Unknown,Unknown,Unknown,Search Livestream,Daily Racing Form vs Postage Stamp Farm,February 09. 2020,Group,,,Felipe Tro,Postage Stamp Farm,,,,Shot At Goal,Wide,69;53,Attacking 60,,,,,,,,,,,,
Penalty 5 (1),2335300,30000,Live,International Polo Club,Unknown,C.V. Whitney Cup,2020,Chukka 2,Unknown,Unknown,Unknown,Search Livestream,Daily Racing Form vs Postage Stamp Farm,February 09. 2020,Group,Penalty 5,,Tomas Collingwood,Daily Racing Form,,,,,,,,,,,,,,,,,,,
Assist (3),2349733,25000,Live,International Polo Club,Unknown,C.V. Whitney Cup,2020,Chukka 2,Unknown,Unknown,Unknown,Search Livestream,Daily Racing Form vs Postage Stamp Farm,February 09. 2020,Group,,,Mariano Aguerre,Postage Stamp Farm,,,,,,,,,Unsuccessful,Mariano Aguerre,,,,,,,,,
Knock In (6),2382266,40000,Live,International Polo Club,Unknown,C.V. Whitney Cup,2020,Chukka 2,Unknown,Unknown,Unknown,Search Livestream,Daily Racing Form vs Postage Stamp Farm,February 09. 2020,Group,Knock In,,Tomas Collingwood,Daily Racing Form,,,,,,,,,,,Costi Caset,,,,,,,,
Foul (5),2403466,25000,Live,International Polo Club,Unknown,C.V. Whitney Cup,2020,Chukka 2,Unknown,Unknown,Unknown,Search Livestream,Daily Racing Form vs Postage Stamp Farm,February 09. 2020,Group,,,Agustin Obregon,Daily Racing Form,,Foul,Right of Way,,,129;185,Defending Half,,,,,Penalty 60 yards,3;183,67;175,,,,,
Foul Received (5),2403466,25000,Live,International Polo Club,Unknown,C.V. Whitney Cup,2020,Chukka 2,Unknown,Unknown,Unknown,Search Livestream,Daily Racing Form vs Postage Stamp Farm,February 09. 2020,Group,,,Mariano Aguerre,Postage Stamp Farm,,Foul Received,Right of Way,,,12;90,Attacking Half,,,,,Penalty 60 yards,,,,,,,
Penalty 60 yards (2),2654383,15000,Live,International Polo Club,Unknown,C.V. Whitney Cup,2020,Chukka 3,Unknown,Unknown,Unknown,Search Livestream,Daily Racing Form vs Postage Stamp Farm,February 09. 2020,Group,,,Mariano Aguerre,Postage Stamp Farm,,,,,,,,,,,,,,,Penalty 60 yards,Blocked,,,
Chukka Length (2),2655800,829733,Live,International Polo Club,Unknown,C.V. Whitney Cup,2020,Chukka 3,Unknown,Unknown,Unknown,Search Livestream,Daily Racing Form vs Postage Stamp Farm,February 09. 2020,Group,,,,Team,Chukka Length,,,,,,,,,,,,,,,,,,
Shot At Goal (9),2656533,35000,Live,International Polo Club,Unknown,C.V. Whitney Cup,2020,Chukka 3,Unknown,Unknown,Unknown,Search Livestream,Daily Racing Form vs Postage Stamp Farm,February 09. 2020,Group,,,Jared Zenni,Daily Racing Form,,,,Shot At Goal,Short,62;44,Attacking 60,,,,,,,,,,,,
Penalty Block,2665800,10000,Live,International Polo Club,Unknown,C.V. Whitney Cup,2020,Chukka 3,Unknown,Unknown,Unknown,Search Livestream,Daily Racing Form vs Postage Stamp Farm,February 09. 2020,Group,,,Jared Zenni,Daily Racing Form,,,,,,,,,,,,,,,,,,Penalty Block,
Foul (6),2702833,25000,Live,International Polo Club,Unknown,C.V. Whitney Cup,2020,Chukka 3,Unknown,Unknown,Unknown,Search Livestream,Daily Racing Form vs Postage Stamp Farm,February 09. 2020,Group,,,Costi Caset,Daily Racing Form,,Foul,Reaching,,,102;239,Defending 60,,,,,Penalty 30 yards,23;195,118;199,,,,,
Foul Received (6),2702833,25000,Live,International Polo Club,Unknown,C.V. Whitney Cup,2020,Chukka 3,Unknown,Unknown,Unknown,Search Livestream,Daily Racing Form vs Postage Stamp Farm,February 09. 2020,Group,,,Valerio Zubiaurre,Postage Stamp Farm,,Foul Received,Reaching,,,41;45,Attacking 60,,,,,Penalty 30 yards,,,,,,,
Goal Postage Stamp Farm (2),2736666,35000,Live,International Polo Club,Unknown,C.V. Whitney Cup,2020,Chukka 3,Unknown,Unknown,Unknown,Search Livestream,Daily Racing Form vs Postage Stamp Farm,February 09. 2020,Group,,,Mariano Gonzalez Jr.,Postage Stamp Farm,,,,,,,,Goal Postage Stamp Farm,,,,,,,,,,,
Penalty 30 yards,2755366,15000,Live,International Polo Club,Unknown,C.V. Whitney Cup,2020,Chukka 3,Unknown,Unknown,Unknown,Search Livestream,Daily Racing Form vs Postage Stamp Farm,February 09. 2020,Group,,,Mariano Gonzalez Jr.,Postage Stamp Farm,,,,,,,,,,,,,,,Penalty 30 yards,Goal,,,
Shot At Goal (10),2792800,35000,Live,International Polo Club,Unknown,C.V. Whitney Cup,2020,Chukka 3,Unknown,Unknown,Unknown,Search Livestream,Daily Racing Form vs Postage Stamp Farm,February 09. 2020,Group,,,Agustin Obregon,Daily Racing Form,,,,Shot At Goal,Goal,23;63,Attacking 60,,,,,,,,,,,,
Goal Daily Racing Form (2),2795566,35000,Live,International Polo Club,Unknown,C.V. Whitney Cup,2020,Chukka 3,Unknown,Unknown,Unknown,Search Livestream,Daily Racing Form vs Postage Stamp Farm,February 09. 2020,Group,,,Agustin Obregon,Daily Racing Form,,,,,,78;6,Attacking 30,Goal Daily Racing Form,,,,,,,,,,,
Throw-in (5),2799866,20000,Live,International Polo Club,Unknown,C.V. Whitney Cup,2020,Chukka 3,Unknown,Unknown,Unknown,Search Livestream,Daily Racing Form vs Postage Stamp Farm,February 09. 2020,Group,Throw-in,Postage Stamp Farm win throw-in,Mariano Aguerre,Postage Stamp Farm,,,,,,,,,,,,,,,,,,,
Assist (4),2811066,25000,Live,International Polo Club,Unknown,C.V. Whitney Cup,2020,Chukka 3,Unknown,Unknown,Unknown,Search Livestream,Daily Racing Form vs Postage Stamp Farm,February 09. 2020,Group,,,Costi Caset,Daily Racing Form,,,,,,,,,Successful,Costi Caset,,,,,,,,,
Throw-in (6),2850800,20000,Live,International Polo Club,Unknown,C.V. Whitney Cup,2020,Chukka 3,Unknown,Unknown,Unknown,Search Livestream,Daily Racing Form vs Postage Stamp Farm,February 09. 2020,Group,Throw-in,Postage Stamp Farm win throw-in,Valerio Zubiaurre,Postage Stamp Farm,,,,,,,,,,,,,,,,,,,
Foul Received (7),2863100,25000,Live,International Polo Club,Unknown,C.V. Whitney Cup,2020,Chukka 3,Unknown,Unknown,Unknown,Search Livestream,Daily Racing Form vs Postage Stamp Farm,February 09. 2020,Group,,,Agustin Obregon,Daily Racing Form,,Foul Received,Dangerous Riding,,,78;245,Defending 60,,,,,Penalty 60 yards,,,,,,,
Foul (7),2863100,25000,Live,International Polo Club,Unknown,C.V. Whitney Cup,2020,Chukka 3,Unknown,Unknown,Unknown,Search Livestream,Daily Racing Form vs Postage Stamp Farm,February 09. 2020,Group,,,Mariano Aguerre,Postage Stamp Farm,,Foul,Dangerous Riding,,,80;49,Attacking 60,,,,,Penalty 60 yards,12;88,82;88,,,,,
Penalty 60 yards (3),3047633,15000,Live,International Polo Club,Unknown,C.V. Whitney Cup,2020,Chukka 3,Unknown,Unknown,Unknown,Search Livestream,Daily Racing Form vs Postage Stamp Farm,February 09. 2020,Group,,,Agustin Obregon,Daily Racing Form,,,,,,,,,,,,,,,Penalty 60 yards,Wide,,,
Knock In (7),3070166,40000,Live,International Polo Club,Unknown,C.V. Whitney Cup,2020,Chukka 3,Unknown,Unknown,Unknown,Search Livestream,Daily Racing Form vs Postage Stamp Farm,February 09. 2020,Group,Knock In,,Mariano Gonzalez Jr.,Postage Stamp Farm,,,,,,,,,,,,,,,,,,,
Free Hit,3099733,20000,Live,International Polo Club,Unknown,C.V. Whitney Cup,2020,Chukka 3,Unknown,Unknown,Unknown,Search Livestream,Daily Racing Form vs Postage Stamp Farm,February 09. 2020,Group,Free Hit,,Tomas Collingwood,Daily Racing Form,,,,,,,,,,,,,,,,,,,
Shot At Goal (11),3139166,35000,Live,International Polo Club,Unknown,C.V. Whitney Cup,2020,Chukka 3,Unknown,Unknown,Unknown,Search Livestream,Daily Racing Form vs Postage Stamp Farm,February 09. 2020,Group,,,Valerio Zubiaurre,Postage Stamp Farm,,,,Shot At Goal,Blocked,69;59,Attacking 60,,,,,,,,,,,,
Shot Block,3164666,10000,Live,International Polo Club,Unknown,C.V. Whitney Cup,2020,Chukka 3,Unknown,Unknown,Unknown,Search Livestream,Daily Racing Form vs Postage Stamp Farm,February 09. 2020,Group,,,Costi Caset,Daily Racing Form,,,,,,,,,,,,,,,,,,Shot Block,
Foul Received (8),3168366,25000,Live,International Polo Club,Unknown,C.V. Whitney Cup,2020,Chukka 3,Unknown,Unknown,Unknown,Search Livestream,Daily Racing Form vs Postage Stamp Farm,February 09. 2020,Group,,,Jared Zenni,Daily Racing Form,,Foul Received,Right of Way,,,22;245,Defending 60,,,,,Penalty 5,,,,,,,
Foul (8),3168366,25000,Live,International Polo Club,Unknown,C.V. Whitney Cup,2020,Chukka 3,Unknown,Unknown,Unknown,Search Livestream,Daily Racing Form vs Postage Stamp Farm,February 09. 2020,Group,,,Valerio Zubiaurre,Postage Stamp Farm,,Foul,Right of Way,,,112;53,Attacking 60,,,,,Penalty 5,45;49,120;86,,,,,
Penalty 5 (2),3282933,30000,Live,International Polo Club,Unknown,C.V. Whitney Cup,2020,Chukka 3,Unknown,Unknown,Unknown,Search Livestream,Daily Racing Form vs Postage Stamp Farm,February 09. 2020,Group,Penalty 5,,Tomas Collingwood,Daily Racing Form,,,,,,,,,,,,,,,,,,,
Shot At Goal (12),3307966,35000,Live,International Polo Club,Unknown,C.V. Whitney Cup,2020,Chukka 3,Unknown,Unknown,Unknown,Search Livestream,Daily Racing Form vs Postage Stamp Farm,February 09. 2020,Group,,,Mariano Aguerre,Postage Stamp Farm,,,,Shot At Goal,Wide,41;57,Attacking 60,,,,,,,,,,,,
Knock In (8),3351966,40000,Live,International Polo Club,Unknown,C.V. Whitney Cup,2020,Chukka 3,Unknown,Unknown,Unknown,Search Livestream,Daily Racing Form vs Postage Stamp Farm,February 09. 2020,Group,Knock In,,Tomas Collingwood,Daily Racing Form,,,,,,,,,,,Agustin Obregon,,,,,,,,
Foul (9),3364700,25000,Live,International Polo Club,Unknown,C.V. Whitney Cup,2020,Chukka 3,Unknown,Unknown,Unknown,Search Livestream,Daily Racing Form vs Postage Stamp Farm,February 09. 2020,Group,,,Mariano Aguerre,Postage Stamp Farm,,Foul,Blocking,,,123;103,Attacking Half,,,,,Penalty 5B,9;97,126;117,,,,,
Foul Received (9),3364783,25000,Live,International Polo Club,Unknown,C.V. Whitney Cup,2020,Chukka 3,Unknown,Unknown,Unknown,Search Livestream,Daily Racing Form vs Postage Stamp Farm,February 09. 2020,Group,,,Jared Zenni,Daily Racing Form,,Foul Received,Blocking,,,23;185,Defending Half,,,,,Penalty 5B,,,,,,,
Shot At Goal (13),3417200,35000,Live,International Polo Club,Unknown,C.V. Whitney Cup,2020,Chukka 3,Unknown,Unknown,Unknown,Search Livestream,Daily Racing Form vs Postage Stamp Farm,February 09. 2020,Group,,,Jared Zenni,Daily Racing Form,,,,Shot At Goal,Blocked,139;40,Attacking 60,,,,,,,,,,,,
Penalty 5b (1),3424966,30000,Live,International Polo Club,Unknown,C.V. Whitney Cup,2020,Chukka 3,Unknown,Unknown,Unknown,Search Livestream,Daily Racing Form vs Postage Stamp Farm,February 09. 2020,Group,Penalty 5b,,Tomas Collingwood,Daily Racing Form,,,,,,,,,,,,,,,,,,,
Shot Block (1),3446466,10000,Live,International Polo Club,Unknown,C.V. Whitney Cup,2020,Chukka 3,Unknown,Unknown,Unknown,Search Livestream,Daily Racing Form vs Postage Stamp Farm,February 09. 2020,Group,,,Mariano Aguerre,Postage Stamp Farm,,,,,,,,,,,,,,,,,,Shot Block,
Free Hit (1),4501266,20000,Live,International Polo Club,Unknown,C.V. Whitney Cup,2020,Chukka 4,Unknown,Unknown,Unknown,Search Livestream,Daily Racing Form vs Postage Stamp Farm,February 09. 2020,Group,Free Hit,,Tomas Collingwood,Daily Racing Form,,,,,,,,,,,,,,,,,,,
Chukka Length (3),4502966,587084,Live,International Polo Club,Unknown,C.V. Whitney Cup,2020,Chukka 4,Unknown,Unknown,Unknown,Search Livestream,Daily Racing Form vs Postage Stamp Farm,February 09. 2020,Group,,,,Team,Chukka Length,,,,,,,,,,,,,,,,,,
Non Call (2),4514933,20000,Live,International Polo Club,Unknown,C.V. Whitney Cup,2020,Chukka 4,Unknown,Unknown,Unknown,Search Livestream,Daily Racing Form vs Postage Stamp Farm,February 09. 2020,Group,,,,Team,,Non Call,Blocking,,,,,,,,,,,,,,,,
Shot At Goal (14),4552400,35000,Live,International Polo Club,Unknown,C.V. Whitney Cup,2020,Chukka 4,Unknown,Unknown,Unknown,Search Livestream,Daily Racing Form vs Postage Stamp Farm,February 09. 2020,Group,,,Felipe Tro,Postage Stamp Farm,,,,Shot At Goal,Wide,55;16,Attacking 30,,,,,,,,,,,,
Knock In (9),4598133,40000,Live,International Polo Club,Unknown,C.V. Whitney Cup,2020,Chukka 4,Unknown,Unknown,Unknown,Search Livestream,Daily Racing Form vs Postage Stamp Farm,February 09. 2020,Group,Knock In,,Tomas Collingwood,Daily Racing Form,,,,,,,,,,,,,,,,,,,
Shot At Goal (15),4688800,35000,Live,International Polo Club,Unknown,C.V. Whitney Cup,2020,Chukka 4,Unknown,Unknown,Unknown,Search Livestream,Daily Racing Form vs Postage Stamp Farm,February 09. 2020,Group,,,Felipe Tro,Postage Stamp Farm,,,,Shot At Goal,Goal,73;40,Attacking 60,,,,,,,,,,,,
Goal Postage Stamp Farm (3),4691866,35000,Live,International Polo Club,Unknown,C.V. Whitney Cup,2020,Chukka 4,Unknown,Unknown,Unknown,Search Livestream,Daily Racing Form vs Postage Stamp Farm,February 09. 2020,Group,,,Felipe Tro,Postage Stamp Farm,,,,,,74;6,Attacking 30,Goal Postage Stamp Farm,,,,,,,,,,,
Assist (5),4707933,25000,Live,International Polo Club,Unknown,C.V. Whitney Cup,2020,Chukka 4,Unknown,Unknown,Unknown,Search Livestream,Daily Racing Form vs Postage Stamp Farm,February 09. 2020,Group,,,Valerio Zubiaurre,Postage Stamp Farm,,,,,,,,,Successful,Valerio Zubiaurre,,,,,,,,,
Throw-in (7),4746333,20000,Live,International Polo Club,Unknown,C.V. Whitney Cup,2020,Chukka 4,Unknown,Unknown,Unknown,Search Livestream,Daily Racing Form vs Postage Stamp Farm,February 09. 2020,Group,Throw-in,Postage Stamp Farm win throw-in,Mariano Aguerre,Postage Stamp Farm,,,,,,,,,,,,,,,,,,,
Foul Received (10),4748066,25000,Live,International Polo Club,Unknown,C.V. Whitney Cup,2020,Chukka 4,Unknown,Unknown,Unknown,Search Livestream,Daily Racing Form vs Postage Stamp Farm,February 09. 2020,Group,,,Costi Caset,Daily Racing Form,,Foul Received,Dangerous Riding,,,53;262,Defending 60,,,,,Penalty 5,,,,,,,
Foul (10),4748066,25000,Live,International Polo Club,Unknown,C.V. Whitney Cup,2020,Chukka 4,Unknown,Unknown,Unknown,Search Livestream,Daily Racing Form vs Postage Stamp Farm,February 09. 2020,Group,,,Mariano Gonzalez Jr.,Postage Stamp Farm,,Foul,Dangerous Riding,,,97;44,Attacking 60,,,,,Penalty 5,80;115,144;84,,,,,
Penalty 5 (3),4797933,30000,Live,International Polo Club,Unknown,C.V. Whitney Cup,2020,Chukka 4,Unknown,Unknown,Unknown,Search Livestream,Daily Racing Form vs Postage Stamp Farm,February 09. 2020,Group,Penalty 5,,Tomas Collingwood,Daily Racing Form,,,,,,,,,,,,,,,,,,,
Shot At Goal (16),4812366,35000,Live,International Polo Club,Unknown,C.V. Whitney Cup,2020,Chukka 4,Unknown,Unknown,Unknown,Search Livestream,Daily Racing Form vs Postage Stamp Farm,February 09. 2020,Group,,,Jared Zenni,Daily Racing Form,,,,Shot At Goal,Short,132;43,Attacking 60,,,,,,,,,,,,
Shot At Goal (17),4831300,35000,Live,International Polo Club,Unknown,C.V. Whitney Cup,2020,Chukka 4,Unknown,Unknown,Unknown,Search Livestream,Daily Racing Form vs Postage Stamp Farm,February 09. 2020,Group,,,Tomas Collingwood,Daily Racing Form,,,,Shot At Goal,Short,26;53,Attacking 60,,,,,,,,,,,,
Foul (11),4881366,25000,Live,International Polo Club,Unknown,C.V. Whitney Cup,2020,Chukka 4,Unknown,Unknown,Unknown,Search Livestream,Daily Racing Form vs Postage Stamp Farm,February 09. 2020,Group,,,Agustin Obregon,Daily Racing Form,,Foul,Right of Way,,,132;198,Defending Half,,,,,Penalty 40 yards,12;183,60;193,,,,,
Foul Received (11),4881366,25000,Live,International Polo Club,Unknown,C.V. Whitney Cup,2020,Chukka 4,Unknown,Unknown,Unknown,Search Livestream,Daily Racing Form vs Postage Stamp Farm,February 09. 2020,Group,,,Valerio Zubiaurre,Postage Stamp Farm,,Foul Received,Right of Way,,,23;94,Attacking Half,,,,,Penalty 40 yards,,,,,,,
Goal Postage Stamp Farm (4),4933133,35000,Live,International Polo Club,Unknown,C.V. Whitney Cup,2020,Chukka 4,Unknown,Unknown,Unknown,Search Livestream,Daily Racing Form vs Postage Stamp Farm,February 09. 2020,Group,,,Mariano Gonzalez Jr.,Postage Stamp Farm,,,,,,,,Goal Postage Stamp Farm,,,,,,,,,,,
Penalty 40 yards,4951433,15000,Live,International Polo Club,Unknown,C.V. Whitney Cup,2020,Chukka 4,Unknown,Unknown,Unknown,Search Livestream,Daily Racing Form vs Postage Stamp Farm,February 09. 2020,Group,,,Mariano Gonzalez Jr.,Postage Stamp Farm,,,,,,,,,,,,,,,Penalty 40 yards,Goal,,,
Throw-in (8),4984866,20000,Live,International Polo Club,Unknown,C.V. Whitney Cup,2020,Chukka 4,Unknown,Unknown,Unknown,Search Livestream,Daily Racing Form vs Postage Stamp Farm,February 09. 2020,Group,Throw-in,Daily Racing Form win throw-in,Tomas Collingwood,Daily Racing Form,,,,,,,,,,,,,,,,,,,
Foul Received (12),4989033,25000,Live,International Polo Club,Unknown,C.V. Whitney Cup,2020,Chukka 4,Unknown,Unknown,Unknown,Search Livestream,Daily Racing Form vs Postage Stamp Farm,February 09. 2020,Group,,,Agustin Obregon,Daily Racing Form,,Foul Received,Right of Way,,,16;89,Attacking Half,,,,,Penalty 30 yards,,,,,,,
Foul (12),4989033,25000,Live,International Polo Club,Unknown,C.V. Whitney Cup,2020,Chukka 4,Unknown,Unknown,Unknown,Search Livestream,Daily Racing Form vs Postage Stamp Farm,February 09. 2020,Group,,,Mariano Aguerre,Postage Stamp Farm,,Foul,Right of Way,,,133;213,Defending Half,,,,,Penalty 30 yards,8;199,135;192,,,,,
Goal Daily Racing Form (3),5028833,35000,Live,International Polo Club,Unknown,C.V. Whitney Cup,2020,Chukka 4,Unknown,Unknown,Unknown,Search Livestream,Daily Racing Form vs Postage Stamp Farm,February 09. 2020,Group,,,Jared Zenni,Daily Racing Form,,,,,,,,Goal Daily Racing Form,,,,,,,,,,,
Penalty 30 yards (1),5046055,15000,Live,International Polo Club,Unknown,C.V. Whitney Cup,2020,Chukka 4,Unknown,Unknown,Unknown,Search Livestream,Daily Racing Form vs Postage Stamp Farm,February 09. 2020,Group,,,Jared Zenni,Daily Racing Form,,,,,,,,,,,,,,,Penalty 30 yards,Goal,,,
Shot At Goal (18),5243600,35000,Live,International Polo Club,Unknown,C.V. Whitney Cup,2020,Chukka 5,Unknown,Unknown,Unknown,Search Livestream,Daily Racing Form vs Postage Stamp Farm,February 09. 2020,Group,,,Valerio Zubiaurre,Postage Stamp Farm,,,,Shot At Goal,Goal,58;33,Attacking 30,,,,,,,,,,,,
Goal Postage Stamp Farm (5),5245066,35000,Live,International Polo Club,Unknown,C.V. Whitney Cup,2020,Chukka 5,Unknown,Unknown,Unknown,Search Livestream,Daily Racing Form vs Postage Stamp Farm,February 09. 2020,Group,,,Valerio Zubiaurre,Postage Stamp Farm,,,,,,80;4,Attacking 30,Goal Postage Stamp Farm,,,,,,,,,Goals,,
Throw-in (9),5256666,20000,Live,International Polo Club,Unknown,C.V. Whitney Cup,2020,Chukka 5,Unknown,Unknown,Unknown,Search Livestream,Daily Racing Form vs Postage Stamp Farm,February 09. 2020,Group,Throw-in,Daily Racing Form win throw-in,Tomas Collingwood,Daily Racing Form,,,,,,,,,,,,,,,,,,,
Chukka Length (4),5256666,773766,Live,International Polo Club,Unknown,C.V. Whitney Cup,2020,Chukka 5,Unknown,Unknown,Unknown,Search Livestream,Daily Racing Form vs Postage Stamp Farm,February 09. 2020,Group,,,,Team,Chukka Length,,,,,,,,,,,,,,,,,,
Throw-in (10),5305200,20000,Live,International Polo Club,Unknown,C.V. Whitney Cup,2020,Chukka 5,Unknown,Unknown,Unknown,Search Livestream,Daily Racing Form vs Postage Stamp Farm,February 09. 2020,Group,Throw-in,Postage Stamp Farm win throw-in,Valerio Zubiaurre,Postage Stamp Farm,,,,,,,,,,,,,,,,,,,
Foul Received (13),5307133,25000,Live,International Polo Club,Unknown,C.V. Whitney Cup,2020,Chukka 5,Unknown,Unknown,Unknown,Search Livestream,Daily Racing Form vs Postage Stamp Farm,February 09. 2020,Group,,,Jared Zenni,Daily Racing Form,,Foul Received,Dangerous Use of Mallet,,,34;171,Defending Half,,,,,Penalty 5,,,,,,,
Foul (13),5307133,25000,Live,International Polo Club,Unknown,C.V. Whitney Cup,2020,Chukka 5,Unknown,Unknown,Unknown,Search Livestream,Daily Racing Form vs Postage Stamp Farm,February 09. 2020,Group,,,Felipe Tro,Postage Stamp Farm,,Foul,Dangerous Use of Mallet,,,113;109,Attacking Half,,,,,Penalty 5,24;98,115;127,,,,,
Shot At Goal (19),5352166,35000,Live,International Polo Club,Unknown,C.V. Whitney Cup,2020,Chukka 5,Unknown,Unknown,Unknown,Search Livestream,Daily Racing Form vs Postage Stamp Farm,February 09. 2020,Group,,,Costi Caset,Daily Racing Form,,,,Shot At Goal,Blocked,79;34,Attacking 30,,,,,,,,,,,,
Penalty 5 (4),5362233,30000,Live,International Polo Club,Unknown,C.V. Whitney Cup,2020,Chukka 5,Unknown,Unknown,Unknown,Search Livestream,Daily Racing Form vs Postage Stamp Farm,February 09. 2020,Group,Penalty 5,,Tomas Collingwood,Daily Racing Form,,,,,,,,,,,,,,,,,,,
Shot Block (2),5378500,10000,Live,International Polo Club,Unknown,C.V. Whitney Cup,2020,Chukka 5,Unknown,Unknown,Unknown,Search Livestream,Daily Racing Form vs Postage Stamp Farm,February 09. 2020,Group,,,Mariano Gonzalez Jr.,Postage Stamp Farm,,,,,,,,,,,,,,,,,,Shot Block,
Non Call (3),5419433,20000,Live,International Polo Club,Unknown,C.V. Whitney Cup,2020,Chukka 5,Unknown,Unknown,Unknown,Search Livestream,Daily Racing Form vs Postage Stamp Farm,February 09. 2020,Group,,,,Team,,Non Call,Blocking,,,,,,,,,,,,,,,,
Foul Received (14),5434900,25000,Live,International Polo Club,Unknown,C.V. Whitney Cup,2020,Chukka 5,Unknown,Unknown,Unknown,Search Livestream,Daily Racing Form vs Postage Stamp Farm,February 09. 2020,Group,,,Jared Zenni,Daily Racing Form,,Foul Received,Right of Way,,,77;242,Defending 60,,,,,Penalty 5B,,,,,,,
Foul (14),5434900,25000,Live,International Polo Club,Unknown,C.V. Whitney Cup,2020,Chukka 5,Unknown,Unknown,Unknown,Search Livestream,Daily Racing Form vs Postage Stamp Farm,February 09. 2020,Group,,,Felipe Tro,Postage Stamp Farm,,Foul,Right of Way,,,73;51,Attacking 60,,,,,Penalty 5B,130;72,16;90,,,,,
Penalty 5b (2),5511100,30000,Live,International Polo Club,Unknown,C.V. Whitney Cup,2020,Chukka 5,Unknown,Unknown,Unknown,Search Livestream,Daily Racing Form vs Postage Stamp Farm,February 09. 2020,Group,Penalty 5b,,Tomas Collingwood,Daily Racing Form,,,,,,,,,,,,,,,,,,,
Foul Received (15),5519633,25000,Live,International Polo Club,Unknown,C.V. Whitney Cup,2020,Chukka 5,Unknown,Unknown,Unknown,Search Livestream,Daily Racing Form vs Postage Stamp Farm,February 09. 2020,Group,,,Costi Caset,Daily Racing Form,,Foul Received,Right of Way,,,53;43,Attacking 60,,,,,Penalty 40 yards,,,,,,,
Foul (15),5519633,25000,Live,International Polo Club,Unknown,C.V. Whitney Cup,2020,Chukka 5,Unknown,Unknown,Unknown,Search Livestream,Daily Racing Form vs Postage Stamp Farm,February 09. 2020,Group,,,Felipe Tro,Postage Stamp Farm,,Foul,Right of Way,,,53;239,Defending 60,,,,,Penalty 40 yards,93;235,55;186,,,,,
Goal Daily Racing Form (4),5582700,35000,Live,International Polo Club,Unknown,C.V. Whitney Cup,2020,Chukka 5,Unknown,Unknown,Unknown,Search Livestream,Daily Racing Form vs Postage Stamp Farm,February 09. 2020,Group,,,Jared Zenni,Daily Racing Form,,,,,,,,Goal Daily Racing Form,,,,,,,,,,,
Penalty 40 yards (1),5600833,15000,Live,International Polo Club,Unknown,C.V. Whitney Cup,2020,Chukka 5,Unknown,Unknown,Unknown,Search Livestream,Daily Racing Form vs Postage Stamp Farm,February 09. 2020,Group,,,Jared Zenni,Daily Racing Form,,,,,,,,,,,,,,,Penalty 40 yards,Goal,,,
Throw-in (11),5640533,20000,Live,International Polo Club,Unknown,C.V. Whitney Cup,2020,Chukka 5,Unknown,Unknown,Unknown,Search Livestream,Daily Racing Form vs Postage Stamp Farm,February 09. 2020,Group,Throw-in,Postage Stamp Farm win throw-in,Valerio Zubiaurre,Postage Stamp Farm,,,,,,,,,,,,,,,,,,,
Shot At Goal (20),5647933,35000,Live,International Polo Club,Unknown,C.V. Whitney Cup,2020,Chukka 5,Unknown,Unknown,Unknown,Search Livestream,Daily Racing Form vs Postage Stamp Farm,February 09. 2020,Group,,,Mariano Gonzalez Jr.,Postage Stamp Farm,,,,Shot At Goal,Goal,73;3,Attacking 30,,,,,,,,,,,,
Goal Postage Stamp Farm (6),5648600,35000,Live,International Polo Club,Unknown,C.V. Whitney Cup,2020,Chukka 5,Unknown,Unknown,Unknown,Search Livestream,Daily Racing Form vs Postage Stamp Farm,February 09. 2020,Group,,,Mariano Gonzalez Jr.,Postage Stamp Farm,,,,,,73;6,Attacking 30,Goal Postage Stamp Farm,,,,,,,,,,,
Assist (6),5664000,25000,Live,International Polo Club,Unknown,C.V. Whitney Cup,2020,Chukka 5,Unknown,Unknown,Unknown,Search Livestream,Daily Racing Form vs Postage Stamp Farm,February 09. 2020,Group,,,Mariano Aguerre,Postage Stamp Farm,,,,,,,,,Successful,Mariano Aguerre,,,,,,,,,
Throw-in (12),5787466,20000,Live,International Polo Club,Unknown,C.V. Whitney Cup,2020,Chukka 5,Unknown,Unknown,Unknown,Search Livestream,Daily Racing Form vs Postage Stamp Farm,February 09. 2020,Group,Throw-in,Postage Stamp Farm win throw-in,Valerio Zubiaurre,Postage Stamp Farm,,,,,,,,,,,,,,,,,,,
Foul (16),5805800,25000,Live,International Polo Club,Unknown,C.V. Whitney Cup,2020,Chukka 5,Unknown,Unknown,Unknown,Search Livestream,Daily Racing Form vs Postage Stamp Farm,February 09. 2020,Group,,,Agustin Obregon,Daily Racing Form,,Foul,Blocking,,,23;217,Defending Half,,,,,Penalty 60 yards,14;185,98;186,,,,,
Foul Received (16),5805800,25000,Live,International Polo Club,Unknown,C.V. Whitney Cup,2020,Chukka 5,Unknown,Unknown,Unknown,Search Livestream,Daily Racing Form vs Postage Stamp Farm,February 09. 2020,Group,,,Felipe Tro,Postage Stamp Farm,,Foul Received,Blocking,,,118;83,Attacking Half,,,,,Penalty 60 yards,,,,,,,
Goal Postage Stamp Farm (7),5865900,35000,Live,International Polo Club,Unknown,C.V. Whitney Cup,2020,Chukka 5,Unknown,Unknown,Unknown,Search Livestream,Daily Racing Form vs Postage Stamp Farm,February 09. 2020,Group,,,Valerio Zubiaurre,Postage Stamp Farm,,,,,,,,Goal Postage Stamp Farm,,,,,,,,,,,
Penalty 60 yards (4),5883666,15000,Live,International Polo Club,Unknown,C.V. Whitney Cup,2020,Chukka 5,Unknown,Unknown,Unknown,Search Livestream,Daily Racing Form vs Postage Stamp Farm,February 09. 2020,Group,,,Valerio Zubiaurre,Postage Stamp Farm,,,,,,,,,,,,,,,Penalty 60 yards,Goal,,,
Throw-in (13),5921266,20000,Live,International Polo Club,Unknown,C.V. Whitney Cup,2020,Chukka 5,Unknown,Unknown,Unknown,Search Livestream,Daily Racing Form vs Postage Stamp Farm,February 09. 2020,Group,Throw-in,Daily Racing Form win throw-in,Agustin Obregon,Daily Racing Form,,,,,,,,,,,,,,,,,,,
Foul Received (17),5922033,25000,Live,International Polo Club,Unknown,C.V. Whitney Cup,2020,Chukka 5,Unknown,Unknown,Unknown,Search Livestream,Daily Racing Form vs Postage Stamp Farm,February 09. 2020,Group,,,Jared Zenni,Daily Racing Form,,Foul Received,Right of Way,,,80;175,Defending Half,,,,,Penalty 60 yards,,,,,,,
Foul (17),5922033,25000,Live,International Polo Club,Unknown,C.V. Whitney Cup,2020,Chukka 5,Unknown,Unknown,Unknown,Search Livestream,Daily Racing Form vs Postage Stamp Farm,February 09. 2020,Group,,,Felipe Tro,Postage Stamp Farm,,Foul,Right of Way,,,63;120,Attacking Half,,,,,Penalty 60 yards,38;126,124;170,,,,,
Goal Daily Racing Form (5),5965400,35000,Live,International Polo Club,Unknown,C.V. Whitney Cup,2020,Chukka 5,Unknown,Unknown,Unknown,Search Livestream,Daily Racing Form vs Postage Stamp Farm,February 09. 2020,Group,,,Agustin Obregon,Daily Racing Form,,,,,,,,Goal Daily Racing Form,,,,,,,,,,,
Penalty 60 yards (5),5982913,15000,Live,International Polo Club,Unknown,C.V. Whitney Cup,2020,Chukka 5,Unknown,Unknown,Unknown,Search Livestream,Daily Racing Form vs Postage Stamp Farm,February 09. 2020,Group,,,Agustin Obregon,Daily Racing Form,,,,,,,,,,,,,,,Penalty 60 yards,Goal,,,
Foul Received (18),6014833,25000,Live,International Polo Club,Unknown,C.V. Whitney Cup,2020,Chukka 5,Unknown,Unknown,Unknown,Search Livestream,Daily Racing Form vs Postage Stamp Farm,February 09. 2020,Group,,,Agustin Obregon,Daily Racing Form,,Foul Received,Dangerous Use of Mallet,,,58;138,Attacking Half,,,,,Penalty 40 yards,,,,,,,
Foul (18),6014833,25000,Live,International Polo Club,Unknown,C.V. Whitney Cup,2020,Chukka 5,Unknown,Unknown,Unknown,Search Livestream,Daily Racing Form vs Postage Stamp Farm,February 09. 2020,Group,,,Valerio Zubiaurre,Postage Stamp Farm,,Foul,Dangerous Use of Mallet,,,87;162,Defending Half,,,,,Penalty 40 yards,120;179,20;130,,,,,
Throw-in (14),6017200,20000,Live,International Polo Club,Unknown,C.V. Whitney Cup,2020,Chukka 5,Unknown,Unknown,Unknown,Search Livestream,Daily Racing Form vs Postage Stamp Farm,February 09. 2020,Group,Throw-in,Postage Stamp Farm win throw-in,Valerio Zubiaurre,Postage Stamp Farm,,,,,,,,,,,,,,,,,,,
Injury Time,6030533,298666,Live,International Polo Club,Unknown,C.V. Whitney Cup,2020,Chukka 5,Unknown,Unknown,Unknown,Search Livestream,Daily Racing Form vs Postage Stamp Farm,February 09. 2020,Group,,,,Team,Injury Time,,,,,,,,,,,,,,,,,,
Chukka Length (5),6332066,282251,Live,International Polo Club,Unknown,C.V. Whitney Cup,2020,Chukka 5,Unknown,Unknown,Unknown,Search Livestream,Daily Racing Form vs Postage Stamp Farm,February 09. 2020,Group,,,,Team,Chukka Length,,,,,,,,,,,,,,,,,,
Yellow Card,6333900,10000,Live,International Polo Club,Unknown,C.V. Whitney Cup,2020,Chukka 5,Unknown,Unknown,Unknown,Search Livestream,Daily Racing Form vs Postage Stamp Farm,February 09. 2020,Group,,,Valerio Zubiaurre,Postage Stamp Farm,,Yellow Card,Dangerous Use of Mallet,,,,,,,,,,,,,,,,
Goal Daily Racing Form (6),6376900,35000,Live,International Polo Club,Unknown,C.V. Whitney Cup,2020,Chukka 5,Unknown,Unknown,Unknown,Search Livestream,Daily Racing Form vs Postage Stamp Farm,February 09. 2020,Group,,,Jared Zenni,Daily Racing Form,,,,,,,,Goal Daily Racing Form,,,,,,,,,,,
Penalty 40 yards (2),6395050,15000,Live,International Polo Club,Unknown,C.V. Whitney Cup,2020,Chukka 5,Unknown,Unknown,Unknown,Search Livestream,Daily Racing Form vs Postage Stamp Farm,February 09. 2020,Group,,,Jared Zenni,Daily Racing Form,,,,,,,,,,,,,,,Penalty 40 yards,Goal,,,
Throw-in (15),6432566,20000,Live,International Polo Club,Unknown,C.V. Whitney Cup,2020,Chukka 5,Unknown,Unknown,Unknown,Search Livestream,Daily Racing Form vs Postage Stamp Farm,February 09. 2020,Group,Throw-in,Postage Stamp Farm win throw-in,Valerio Zubiaurre,Postage Stamp Farm,,,,,,119;108,Attacking Half,,,,,,,,,,,,
Foul (19),6463466,25000,Live,International Polo Club,Unknown,C.V. Whitney Cup,2020,Chukka 5,Unknown,Unknown,Unknown,Search Livestream,Daily Racing Form vs Postage Stamp Farm,February 09. 2020,Group,,,Jared Zenni,Daily Racing Form,,Foul,Crossing,,,22;95,Attacking Half,,,,,Penalty 5,71;170,135;144,,,,,
Foul Received (19),6463466,25000,Live,International Polo Club,Unknown,C.V. Whitney Cup,2020,Chukka 5,Unknown,Unknown,Unknown,Search Livestream,Daily Racing Form vs Postage Stamp Farm,February 09. 2020,Group,,,Valerio Zubiaurre,Postage Stamp Farm,,Foul Received,Crossing,,,121;207,Defending Half,,,,,Penalty 5,,,,,,,
Shot At Goal (21),6559200,35000,Live,International Polo Club,Unknown,C.V. Whitney Cup,2020,Chukka 5,Unknown,Unknown,Unknown,Search Livestream,Daily Racing Form vs Postage Stamp Farm,February 09. 2020,Group,,,Valerio Zubiaurre,Postage Stamp Farm,,,,Shot At Goal,Goal,76;24,Attacking 30,,,,,,,,,,,,
Goal Postage Stamp Farm (8),6560166,35000,Live,International Polo Club,Unknown,C.V. Whitney Cup,2020,Chukka 5,Unknown,Unknown,Unknown,Search Livestream,Daily Racing Form vs Postage Stamp Farm,February 09. 2020,Group,,,Valerio Zubiaurre,Postage Stamp Farm,,,,,,73;7,Attacking 30,Goal Postage Stamp Farm,,,,,,,,,,,
Penalty 5 (5),6578133,30000,Live,International Polo Club,Unknown,C.V. Whitney Cup,2020,Chukka 5,Unknown,Unknown,Unknown,Search Livestream,Daily Racing Form vs Postage Stamp Farm,February 09. 2020,Group,Penalty 5,,Mariano Aguerre,Postage Stamp Farm,,,,,,,,,,,,,,,,,,,
Throw-in (16),6777000,20000,Live,International Polo Club,Unknown,C.V. Whitney Cup,2020,Chukka 6,Unknown,Unknown,Unknown,Search Livestream,Daily Racing Form vs Postage Stamp Farm,February 09. 2020,Group,Throw-in,Daily Racing Form win throw-in,Costi Caset,Daily Racing Form,,,,,,,,,,,,,,,,,,,
Chukka Length (6),6777000,63266,Live,International Polo Club,Unknown,C.V. Whitney Cup,2020,Chukka 6,Unknown,Unknown,Unknown,Search Livestream,Daily Racing Form vs Postage Stamp Farm,February 09. 2020,Group,,,,Team,Chukka Length,,,,,,,,,,,,,,,,,,
Free Hit (2),6803433,20000,Live,International Polo Club,Unknown,C.V. Whitney Cup,2020,Chukka 6,Unknown,Unknown,Unknown,Search Livestream,Daily Racing Form vs Postage Stamp Farm,February 09. 2020,Group,Free Hit,,Tomas Collingwood,Daily Racing Form,,,,,,,,,,,,,,,,,,,
Collision,6836566,15000,Live,International Polo Club,Unknown,C.V. Whitney Cup,2020,Chukka 6,Unknown,Unknown,Unknown,Search Livestream,Daily Racing Form vs Postage Stamp Farm,February 09. 2020,Group,,,Valerio Zubiaurre,Postage Stamp Farm,,,,,,,,,,,,,,,,,,,Collision
Injury Time (1),6840266,214666,Live,International Polo Club,Unknown,C.V. Whitney Cup,2020,Chukka 6,Unknown,Unknown,Unknown,Search Livestream,Daily Racing Form vs Postage Stamp Farm,February 09. 2020,Group,,,,Team,Injury Time,,,,,,,,,,,,,,,,,,
Foul (20),7047933,25000,Live,International Polo Club,Unknown,C.V. Whitney Cup,2020,Chukka 6,Unknown,Unknown,Unknown,Search Livestream,Daily Racing Form vs Postage Stamp Farm,February 09. 2020,Group,,,Mariano Aguerre,Postage Stamp Farm,,Foul,Technical,,,119;243,Defending 60,,,,,Penalty 60 yards,115;222,118;218,,,,,
Chukka Length (7),7055200,334000,Live,International Polo Club,Unknown,C.V. Whitney Cup,2020,Chukka 6,Unknown,Unknown,Unknown,Search Livestream,Daily Racing Form vs Postage Stamp Farm,February 09. 2020,Group,,,,Team,Chukka Length,,,,,,,,,,,,,,,,,,
Penalty 60 yards (6),7112066,15000,Live,International Polo Club,Unknown,C.V. Whitney Cup,2020,Chukka 6,Unknown,Unknown,Unknown,Search Livestream,Daily Racing Form vs Postage Stamp Farm,February 09. 2020,Group,,,Jared Zenni,Daily Racing Form,,,,,,,,,,,,,,,Penalty 60 yards,Blocked,,,
Penalty Block (1),7117933,10000,Live,International Polo Club,Unknown,C.V. Whitney Cup,2020,Chukka 6,Unknown,Unknown,Unknown,Search Livestream,Daily Racing Form vs Postage Stamp Farm,February 09. 2020,Group,,,Felipe Tro,Postage Stamp Farm,,,,,,,,,,,,,,,,,,Penalty Block,
Safety 60,7183566,15000,Live,International Polo Club,Unknown,C.V. Whitney Cup,2020,Chukka 6,Unknown,Unknown,Unknown,Search Livestream,Daily Racing Form vs Postage Stamp Farm,February 09. 2020,Group,,,Jared Zenni,Daily Racing Form,,,,,,,,,,,,,,,Safety 60,Wide,,,
Knock In (10),7207233,40000,Live,International Polo Club,Unknown,C.V. Whitney Cup,2020,Chukka 6,Unknown,Unknown,Unknown,Search Livestream,Daily Racing Form vs Postage Stamp Farm,February 09. 2020,Group,Knock In,,Mariano Gonzalez Jr.,Postage Stamp Farm,,,,,,,,,,,,,,,,,,,
Shot At Goal (22),7343833,35000,Live,International Polo Club,Unknown,C.V. Whitney Cup,2020,Chukka 6,Unknown,Unknown,Unknown,Search Livestream,Daily Racing Form vs Postage Stamp Farm,February 09. 2020,Group,,,Mariano Gonzalez Jr.,Postage Stamp Farm,,,,Shot At Goal,Wide,76;115,Attacking Half,,,,,,,,,,,,
Injury Time (2),7389800,79033,Live,International Polo Club,Unknown,C.V. Whitney Cup,2020,Chukka 6,Unknown,Unknown,Unknown,Search Livestream,Daily Racing Form vs Postage Stamp Farm,February 09. 2020,Group,,,,Team,Injury Time,,,,,,,,,,,,,,,,,,
Chukka Length (8),7459966,298807,Live,International Polo Club,Unknown,C.V. Whitney Cup,2020,Chukka 6,Unknown,Unknown,Unknown,Search Livestream,Daily Racing Form vs Postage Stamp Farm,February 09. 2020,Group,,,,Team,Chukka Length,,,,,,,,,,,,,,,,,,
Knock In (11),7467958,40000,Live,International Polo Club,Unknown,C.V. Whitney Cup,2020,Chukka 6,Unknown,Unknown,Unknown,Search Livestream,Daily Racing Form vs Postage Stamp Farm,February 09. 2020,Group,Knock In,,Tomas Collingwood,Daily Racing Form,,,,,,,,,,,,,,,,,,,
Foul Received (20),7472766,25000,Live,International Polo Club,Unknown,C.V. Whitney Cup,2020,Chukka 6,Unknown,Unknown,Unknown,Search Livestream,Daily Racing Form vs Postage Stamp Farm,February 09. 2020,Group,,,Costi Caset,Daily Racing Form,,Foul Received,Crossing,,,28;116,Attacking Half,,,,,Penalty 5,,,,,,,
Foul (21),7472766,25000,Live,International Polo Club,Unknown,C.V. Whitney Cup,2020,Chukka 6,Unknown,Unknown,Unknown,Search Livestream,Daily Racing Form vs Postage Stamp Farm,February 09. 2020,Group,,,Mariano Gonzalez Jr.,Postage Stamp Farm,,Foul,Crossing,,,28;116,Attacking Half,,,,,Penalty 5,5;97,93;48,,,,,
Penalty 5 (6),7510966,30000,Live,International Polo Club,Unknown,C.V. Whitney Cup,2020,Chukka 6,Unknown,Unknown,Unknown,Search Livestream,Daily Racing Form vs Postage Stamp Farm,February 09. 2020,Group,Penalty 5,,Tomas Collingwood,Daily Racing Form,,,,,,,,,,,,,,,,,,,
Shot At Goal (23),7521500,35000,Live,International Polo Club,Unknown,C.V. Whitney Cup,2020,Chukka 6,Unknown,Unknown,Unknown,Search Livestream,Daily Racing Form vs Postage Stamp Farm,February 09. 2020,Group,,,Valerio Zubiaurre,Postage Stamp Farm,,,,Shot At Goal,Wide,80;18,Attacking 30,,,,,,,,,,,,
Knock In (12),7564633,40000,Live,International Polo Club,Unknown,C.V. Whitney Cup,2020,Chukka 6,Unknown,Unknown,Unknown,Search Livestream,Daily Racing Form vs Postage Stamp Farm,February 09. 2020,Group,Knock In,,Tomas Collingwood,Daily Racing Form,,,,,,,,,,,,,,,,,,,
Shot At Goal (24),7601666,35000,Live,International Polo Club,Unknown,C.V. Whitney Cup,2020,Chukka 6,Unknown,Unknown,Unknown,Search Livestream,Daily Racing Form vs Postage Stamp Farm,February 09. 2020,Group,,,Mariano Gonzalez Jr.,Postage Stamp Farm,,,,Shot At Goal,Wide,60;16,Attacking 30,,,,,,,,,,,,
Assist (7),7617100,25000,Live,International Polo Club,Unknown,C.V. Whitney Cup,2020,Chukka 6,Unknown,Unknown,Unknown,Search Livestream,Daily Racing Form vs Postage Stamp Farm,February 09. 2020,Group,,,Mariano Aguerre,Postage Stamp Farm,,,,,,,,,Unsuccessful,Mariano Aguerre,,,,,,,,,
Knock In (13),7641966,40000,Live,International Polo Club,Unknown,C.V. Whitney Cup,2020,Chukka 6,Unknown,Unknown,Unknown,Search Livestream,Daily Racing Form vs Postage Stamp Farm,February 09. 2020,Group,Knock In,,Tomas Collingwood,Daily Racing Form,,,,,,,,,,,Agustin Obregon,,,,,,,,
Foul Received (21),7662166,25000,Live,International Polo Club,Unknown,C.V. Whitney Cup,2020,Chukka 6,Unknown,Unknown,Unknown,Search Livestream,Daily Racing Form vs Postage Stamp Farm,February 09. 2020,Group,,,Agustin Obregon,Daily Racing Form,,Foul Received,Blocking,,,121;207,Defending Half,,,,,Penalty 5,,,,,,,
Foul (22),7662166,25000,Live,International Polo Club,Unknown,C.V. Whitney Cup,2020,Chukka 6,Unknown,Unknown,Unknown,Search Livestream,Daily Racing Form vs Postage Stamp Farm,February 09. 2020,Group,,,Felipe Tro,Postage Stamp Farm,,Foul,Blocking,,,28;93,Attacking Half,,,,,Penalty 5,70;112,6;135,,,,,
Penalty 5 (7),7714233,30000,Live,International Polo Club,Unknown,C.V. Whitney Cup,2020,Chukka 6,Unknown,Unknown,Unknown,Search Livestream,Daily Racing Form vs Postage Stamp Farm,February 09. 2020,Group,Penalty 5,,Tomas Collingwood,Daily Racing Form,,,,,,,,,,,,,,,,,,,